[
  {
    "name": "Ah Kiệt",
    "uid": "666896678",
    "time": "13:07:24 - 18/07/2025",
    "reason": "Đã bị Quản trị viên xóa khỏi nhóm.",
    "facebook": "https://www.facebook.com/666896678"
  },
  {
    "name": "Hạo Nguyên",
    "uid": "100013471908405",
    "time": "13:07:32 - 18/07/2025",
    "reason": "Đã bị Quản trị viên xóa khỏi nhóm.",
    "facebook": "https://www.facebook.com/100013471908405"
  },
  {
    "name": "Nguyễn Thị Hà Vy",
    "uid": "100075738775585",
    "time": "13:07:38 - 18/07/2025",
    "reason": "Đã bị Quản trị viên xóa khỏi nhóm.",
    "facebook": "https://www.facebook.com/100075738775585"
  },
  {
    "name": "Người dùng Facebook",
    "uid": "61572480374576",
    "time": "13:07:42 - 18/07/2025",
    "reason": "Đã bị Quản trị viên xóa khỏi nhóm.",
    "facebook": "https://www.facebook.com/61572480374576"
  },
  {
    "name": "Người dùng Facebook",
    "uid": "100059968770491",
    "time": "13:07:45 - 18/07/2025",
    "reason": "Đã bị Quản trị viên xóa khỏi nhóm.",
    "facebook": "https://www.facebook.com/100059968770491"
  },
  {
    "name": "Phương Duyên",
    "uid": "61574660584929",
    "time": "13:07:47 - 18/07/2025",
    "reason": "Đã bị Quản trị viên xóa khỏi nhóm.",
    "facebook": "https://www.facebook.com/61574660584929"
  },
  {
    "name": "Truc Anh",
    "uid": "100089800309359",
    "time": "13:07:52 - 18/07/2025",
    "reason": "Đã bị Quản trị viên xóa khỏi nhóm.",
    "facebook": "https://www.facebook.com/100089800309359"
  }
]