[
	{
		"key": "sb",
		"value": "n6mMZFBTu9lymII78MAb0Hsc",
		"domain": "facebook.com",
		"path": "/",
		"hostOnly": false,
		"creation": "2023-06-22T13:50:44.239Z",
		"lastAccessed": "2023-06-22T13:50:47.669Z"
	},
	{
		"key": "wd",
		"value": "1366x657",
		"domain": "facebook.com",
		"path": "/",
		"hostOnly": false,
		"creation": "2023-06-22T13:50:44.325Z",
		"lastAccessed": "2023-06-22T13:50:47.669Z"
	},
	{
		"key": "c_user",
		"value": "100080878736827",
		"domain": "facebook.com",
		"path": "/",
		"hostOnly": false,
		"creation": "2023-06-22T13:50:44.332Z",
		"lastAccessed": "2023-06-22T13:50:47.669Z"
	},
	{
		"key": "datr",
		"value": "3h-UZLwFGyQI3OW33aEAYgVL",
		"domain": "facebook.com",
		"path": "/",
		"hostOnly": false,
		"creation": "2023-06-22T13:50:44.336Z",
		"lastAccessed": "2023-06-22T13:50:47.669Z"
	},
	{
		"key": "xs",
		"value": "38%3ABCe8Ks5D1MHHWA%3A2%3A1687429083%3A-1%3A6299%3A%3AAcXNNkkfph2mWqnr2hOYME1_oBEroYHqoOlFED3l0A",
		"domain": "facebook.com",
		"path": "/",
		"hostOnly": false,
		"creation": "2023-06-22T13:50:44.341Z",
		"lastAccessed": "2023-06-22T13:50:47.669Z"
	},
	{
		"key": "fr",
		"value": "0ZIGtge1ZdadRrWye.AWVKPApoOJpezjs3UGC1lIlM2jg.BklCWy.jJ.AAA.0.0.BklCbs.AWVNBxhzAu4",
		"domain": "facebook.com",
		"path": "/",
		"hostOnly": false,
		"creation": "2023-06-22T13:50:44.343Z",
		"lastAccessed": "2023-06-22T13:50:47.669Z"
	},
	{
		"key": "presence",
		"value": "C%7B%22t3%22%3A%5B%5D%2C%22utc3%22%3A1687430934645%2C%22v%22%3A1%7D",
		"domain": "facebook.com",
		"path": "/",
		"hostOnly": false,
		"creation": "2023-06-22T13:50:44.346Z",
		"lastAccessed": "2023-06-22T13:50:47.669Z"
	},
	{
		"key": "m_page_voice",
		"value": "100080878736827",
		"domain": "facebook.com",
		"path": "/",
		"hostOnly": false,
		"creation": "2023-06-22T13:50:44.348Z",
		"lastAccessed": "2023-06-22T13:50:47.669Z"
	},
	{
		"key": "sb",
		"value": "n6mMZFBTu9lymII78MAb0Hsc",
		"domain": "facebook.com",
		"path": "/",
		"hostOnly": false,
		"creation": "2023-06-22T13:50:44.239Z",
		"lastAccessed": "2023-06-22T13:50:47.669Z"
	},
	{
		"key": "wd",
		"value": "1366x657",
		"domain": "facebook.com",
		"path": "/",
		"hostOnly": false,
		"creation": "2023-06-22T13:50:44.325Z",
		"lastAccessed": "2023-06-22T13:50:47.669Z"
	},
	{
		"key": "c_user",
		"value": "100080878736827",
		"domain": "facebook.com",
		"path": "/",
		"hostOnly": false,
		"creation": "2023-06-22T13:50:44.332Z",
		"lastAccessed": "2023-06-22T13:50:47.669Z"
	},
	{
		"key": "datr",
		"value": "3h-UZLwFGyQI3OW33aEAYgVL",
		"domain": "facebook.com",
		"path": "/",
		"hostOnly": false,
		"creation": "2023-06-22T13:50:44.336Z",
		"lastAccessed": "2023-06-22T13:50:47.669Z"
	},
	{
		"key": "xs",
		"value": "38%3ABCe8Ks5D1MHHWA%3A2%3A1687429083%3A-1%3A6299%3A%3AAcXNNkkfph2mWqnr2hOYME1_oBEroYHqoOlFED3l0A",
		"domain": "facebook.com",
		"path": "/",
		"hostOnly": false,
		"creation": "2023-06-22T13:50:44.341Z",
		"lastAccessed": "2023-06-22T13:50:47.669Z"
	},
	{
		"key": "fr",
		"value": "0ZIGtge1ZdadRrWye.AWVKPApoOJpezjs3UGC1lIlM2jg.BklCWy.jJ.AAA.0.0.BklCbs.AWVNBxhzAu4",
		"domain": "facebook.com",
		"path": "/",
		"hostOnly": false,
		"creation": "2023-06-22T13:50:44.343Z",
		"lastAccessed": "2023-06-22T13:50:47.669Z"
	},
	{
		"key": "presence",
		"value": "C%7B%22t3%22%3A%5B%5D%2C%22utc3%22%3A1687430934645%2C%22v%22%3A1%7D",
		"domain": "facebook.com",
		"path": "/",
		"hostOnly": false,
		"creation": "2023-06-22T13:50:44.346Z",
		"lastAccessed": "2023-06-22T13:50:47.669Z"
	},
	{
		"key": "m_page_voice",
		"value": "100080878736827",
		"domain": "facebook.com",
		"path": "/",
		"hostOnly": false,
		"creation": "2023-06-22T13:50:44.348Z",
		"lastAccessed": "2023-06-22T13:50:47.669Z"
	},
	{
		"key": "m_page_voice",
		"value": "100080878736827",
		"domain": "messenger.com",
		"path": "/",
		"hostOnly": false,
		"creation": "2023-06-22T13:50:44.370Z",
		"lastAccessed": "2023-06-22T13:50:47.671Z"
	}
]