[
    {
        "key": "satoru_ce1a",
        "used": false,
        "duration": 30
    },
    {
        "key": "satoru_0037",
        "used": false,
        "duration": 30
    },
    {
        "key": "satoru_fc0c",
        "used": false,
        "duration": 50
    },
    {
        "key": "satoru_6ae3",
        "used": false,
        "duration": 100
    },
    {
        "key": "satoru_473b",
        "used": true,
        "duration": 100
    },
    {
        "key": "satoru_300c",
        "used": true,
        "duration": 100
    },
    {
        "key": "satoru_9629",
        "used": true,
        "duration": 3
    },
    {
        "key": "satoru_28fe",
        "used": true,
        "duration": 90
    },
    {
        "key": "satoru_c1bd",
        "used": true,
        "duration": 30
    },
    {
        "key": "satoru_7b08",
        "used": true,
        "duration": 100
    },
    {
        "key": "satoru_c79e",
        "used": true,
        "duration": 10
    },
    {
        "key": "satoru_d427",
        "used": true,
        "duration": 100
    },
    {
        "key": "satoru_2029",
        "used": true,
        "duration": 100
    },
    {
        "key": "satoru_85fc",
        "used": true,
        "duration": 200
    },
    {
        "key": "satoru_a9ae",
        "used": false,
        "duration": 200
    },
    {
        "key": "satoru_c23f",
        "used": false,
        "duration": 100
    },
    {
        "key": "satoru_9e7e",
        "used": false,
        "duration": 100
    },
    {
        "key": "satoru_366c",
        "used": true,
        "duration": 100
    },
    {
        "key": "satoru_a765",
        "used": true,
        "duration": 100
    },
    {
        "key": "satoru_c007",
        "used": true,
        "duration": 1
    },
    {
        "key": "satoru_5a7a",
        "used": true,
        "duration": 100
    },
    {
        "key": "satoru_bd7b",
        "used": true,
        "duration": 31
    },
    {
        "key": "satoru_e374",
        "used": false,
        "duration": 100
    },
    {
        "key": "satoru_98c8",
        "used": true,
        "duration": 100
    },
    {
        "key": "satoru_1d25",
        "used": true,
        "duration": 200
    },
    {
        "key": "satoru_3e54",
        "used": true,
        "duration": 200
    },
    {
        "key": "satoru_f209",
        "used": true,
        "duration": 100
    },
    {
        "key": "satoru_4d95",
        "used": true,
        "duration": 100
    },
    {
        "key": "satoru_d14f",
        "used": true,
        "duration": 30
    },
    {
        "key": "satoru_c3c6",
        "used": true,
        "duration": 100
    },
    {
        "key": "satoru_bb94",
        "used": true,
        "duration": 150
    },
    {
        "key": "satoru_3d6f",
        "used": true,
        "duration": 100
    },
    {
        "key": "satoru_0146",
        "used": true,
        "duration": 30
    },
    {
        "key": "satoru_f5fc",
        "used": true,
        "duration": 200
    },
    {
        "key": "satoru_4df8",
        "used": true,
        "duration": 30
    },
    {
        "key": "satoru_9bc4",
        "used": true,
        "duration": 91
    },
    {
        "key": "satoru_1ec6",
        "used": true,
        "duration": 100
    },
    {
        "key": "satoru_6218",
        "used": true,
        "duration": 200
    },
    {
        "key": "satoru_6fcb",
        "used": true,
        "duration": 200
    },
    {
        "key": "satoru_2ac9",
        "used": true,
        "duration": 200
    },
    {
        "key": "satoru_cd08",
        "used": true,
        "duration": 200
    },
    {
        "key": "satoru_3b92",
        "used": true,
        "duration": 183
    },
    {
        "key": "satoru_e931",
        "used": true,
        "duration": 150
    },
    {
        "key": "satoru_6fcf",
        "used": true,
        "duration": 30
    },
    {
        "key": "satoru_58a4",
        "used": true,
        "duration": 150
    },
    {
        "key": "satoru_b3bc",
        "used": true,
        "duration": 150
    },
    {
        "key": "satoru_0b92",
        "used": false,
        "duration": 82
    },
    {
        "key": "satoru_4029",
        "used": true,
        "duration": 85
    },
    {
        "key": "satoru_c9a2",
        "used": true,
        "duration": 150
    },
    {
        "key": "satoru_3844",
        "used": true,
        "duration": 180
    },
    {
        "key": "satoru_c660",
        "used": true,
        "duration": 150
    },
    {
        "key": "satoru_fabb",
        "used": true,
        "duration": 150
    },
    {
        "key": "satoru_ae46",
        "used": false,
        "duration": 150
    },
    {
        "key": "satoru_8a30",
        "used": true,
        "duration": 150
    },
    {
        "key": "satoru_5440",
        "used": true,
        "duration": 40
    },
    {
        "key": "satoru_91d4",
        "used": true,
        "duration": 100
    },
    {
        "key": "satoru_a7fa",
        "used": true,
        "duration": 100
    },
    {
        "key": "satoru_f12f",
        "used": true,
        "duration": 200
    },
    {
        "key": "satoru_1a68",
        "used": false,
        "duration": 40
    },
    {
        "key": "satoru_5c5b",
        "used": true,
        "duration": 40
    },
    {
        "key": "satoru_2093",
        "used": true,
        "duration": 40
    },
    {
        "key": "satoru_38bc",
        "used": true,
        "duration": 40
    },
    {
        "key": "satoru_7e17",
        "used": true,
        "duration": 150
    }
]