{
    "total": [
        {
            "id": "100050312358429",
            "count": 2
        },
        {
            "id": "100078930363394",
            "count": 8
        },
        {
            "id": "61558120100243",
            "count": 0
        },
        {
            "id": "100035311482111",
            "count": 12
        },
        {
            "id": "100089841690361",
            "count": 34
        },
        {
            "id": "100027254616129",
            "count": 9
        },
        {
            "id": "100084144893545",
            "count": 0
        },
        {
            "id": "100032726948620",
            "count": 19
        },
        {
            "id": "100014070699573",
            "count": 47
        },
        {
            "id": "100006142051714",
            "count": 8
        }
    ],
    "week": [
        {
            "id": "100050312358429",
            "count": 2
        },
        {
            "id": "100078930363394",
            "count": 8
        },
        {
            "id": "61558120100243",
            "count": 0
        },
        {
            "id": "100035311482111",
            "count": 12
        },
        {
            "id": "100089841690361",
            "count": 34
        },
        {
            "id": "100027254616129",
            "count": 9
        },
        {
            "id": "100084144893545",
            "count": 0
        },
        {
            "id": "100032726948620",
            "count": 19
        },
        {
            "id": "100014070699573",
            "count": 47
        },
        {
            "id": "100006142051714",
            "count": 8
        }
    ],
    "day": [
        {
            "id": "100050312358429",
            "count": 2
        },
        {
            "id": "100078930363394",
            "count": 8
        },
        {
            "id": "61558120100243",
            "count": 0
        },
        {
            "id": "100035311482111",
            "count": 12
        },
        {
            "id": "100089841690361",
            "count": 34
        },
        {
            "id": "100027254616129",
            "count": 9
        },
        {
            "id": "100084144893545",
            "count": 0
        },
        {
            "id": "100032726948620",
            "count": 19
        },
        {
            "id": "100014070699573",
            "count": 47
        },
        {
            "id": "100006142051714",
            "count": 8
        }
    ],
    "time": 0,
    "last": {
        "time": 2,
        "day": [
            {
                "id": "100050312358429",
                "count": 0
            },
            {
                "id": "100078930363394",
                "count": 0
            },
            {
                "id": "61558120100243",
                "count": 0
            },
            {
                "id": "100041201167545",
                "count": 0
            },
            {
                "id": "100035311482111",
                "count": 0
            },
            {
                "id": "100089841690361",
                "count": 0
            },
            {
                "id": "100027254616129",
                "count": 0
            },
            {
                "id": "100084144893545",
                "count": 0
            },
            {
                "id": "100032726948620",
                "count": 0
            },
            {
                "id": "100087644389670",
                "count": 0
            },
            {
                "id": "100014070699573",
                "count": 0
            },
            {
                "id": "100006142051714",
                "count": 0
            }
        ],
        "week": [
            {
                "id": "100050312358429",
                "count": 0
            },
            {
                "id": "100078930363394",
                "count": 0
            },
            {
                "id": "61558120100243",
                "count": 0
            },
            {
                "id": "100041201167545",
                "count": 0
            },
            {
                "id": "100035311482111",
                "count": 0
            },
            {
                "id": "100089841690361",
                "count": 0
            },
            {
                "id": "100027254616129",
                "count": 0
            },
            {
                "id": "100084144893545",
                "count": 0
            },
            {
                "id": "100032726948620",
                "count": 0
            },
            {
                "id": "100087644389670",
                "count": 0
            },
            {
                "id": "100014070699573",
                "count": 0
            },
            {
                "id": "100006142051714",
                "count": 0
            }
        ]
    }
}