{
    "total": [
        {
            "id": "100067515525462",
            "count": 63
        },
        {
            "id": "100083026595557",
            "count": 0
        },
        {
            "id": "61554990480427",
            "count": 50
        },
        {
            "id": "100088884859669",
            "count": 0
        },
        {
            "id": "100062448283579",
            "count": 0
        },
        {
            "id": "100077320658965",
            "count": 1
        },
        {
            "id": "61552791276714",
            "count": 0
        },
        {
            "id": "100084051277256",
            "count": 0
        },
        {
            "id": "100093246676452",
            "count": 10
        },
        {
            "id": "100080621464454",
            "count": 7
        },
        {
            "id": "61551375907415",
            "count": 1
        },
        {
            "id": "100077091316604",
            "count": 0
        },
        {
            "id": "100079541447503",
            "count": 1
        },
        {
            "id": "61556950448666",
            "count": 0
        },
        {
            "id": "100078001549785",
            "count": 0
        },
        {
            "id": "100000865686161",
            "count": 15
        },
        {
            "id": "61557550869043",
            "count": 0
        },
        {
            "id": "100064026427418",
            "count": 0
        },
        {
            "id": "100073408046546",
            "count": 0
        },
        {
            "id": "100022516684458",
            "count": 0
        },
        {
            "id": "61559640746568",
            "count": 0
        },
        {
            "id": "100082492307716",
            "count": 0
        },
        {
            "id": "61560929091614",
            "count": 0
        },
        {
            "id": "100095234462495",
            "count": 0
        },
        {
            "id": "61560565774036",
            "count": 0
        },
        {
            "id": "100063302170416",
            "count": 0
        },
        {
            "id": "61560131682341",
            "count": 0
        },
        {
            "id": "100081801376387",
            "count": 0
        },
        {
            "id": "100088733390556",
            "count": 0
        },
        {
            "id": "61552189530238",
            "count": 0
        },
        {
            "id": "100084810507985",
            "count": 0
        },
        {
            "id": "100086084283987",
            "count": 0
        },
        {
            "id": "61560768817630",
            "count": 0
        },
        {
            "id": "100078434704672",
            "count": 0
        },
        {
            "id": "61560423900680",
            "count": 0
        },
        {
            "id": "100076675908687",
            "count": 0
        },
        {
            "id": "100092588064211",
            "count": 0
        },
        {
            "id": "100078687841602",
            "count": 0
        },
        {
            "id": "61559321576135",
            "count": 0
        },
        {
            "id": "61559233984576",
            "count": 0
        },
        {
            "id": "100079233985465",
            "count": 87
        },
        {
            "id": "100069155989612",
            "count": 0
        },
        {
            "id": "100027415620756",
            "count": 44
        },
        {
            "id": "61554282943508",
            "count": 173
        },
        {
            "id": "61558372079412",
            "count": 0
        },
        {
            "id": "61553564383383",
            "count": 0
        },
        {
            "id": "100081111023751",
            "count": 0
        },
        {
            "id": "61552091834436",
            "count": 0
        },
        {
            "id": "100082303219280",
            "count": 0
        },
        {
            "id": "61560227866182",
            "count": 0
        },
        {
            "id": "100078930363394",
            "count": 7
        },
        {
            "id": "100081568040150",
            "count": 0
        },
        {
            "id": "100093220913711",
            "count": 0
        },
        {
            "id": "100092259244804",
            "count": 0
        },
        {
            "id": "100058959185920",
            "count": 0
        },
        {
            "id": "61552084631623",
            "count": 0
        },
        {
            "id": "100092219514594",
            "count": 0
        },
        {
            "id": "100087784518084",
            "count": 0
        },
        {
            "id": "100086298714737",
            "count": 6
        },
        {
            "id": "100080635460656",
            "count": 0
        },
        {
            "id": "61560560463236",
            "count": 0
        },
        {
            "id": "100094091494812",
            "count": 0
        },
        {
            "id": "61551776970027",
            "count": 0
        },
        {
            "id": "100090612794893",
            "count": 0
        },
        {
            "id": "61562027071005",
            "count": 0
        },
        {
            "id": "61553857537274",
            "count": 0
        },
        {
            "id": "61559194201466",
            "count": 0
        },
        {
            "id": "100035734683529",
            "count": 6
        },
        {
            "id": "100094552025700",
            "count": 0
        },
        {
            "id": "61557626501208",
            "count": 0
        },
        {
            "id": "100079828954790",
            "count": 0
        },
        {
            "id": "61553129483626",
            "count": 0
        },
        {
            "id": "61562756400460",
            "count": 0
        },
        {
            "id": "100086345787584",
            "count": 0
        },
        {
            "id": "100094336436614",
            "count": 0
        },
        {
            "id": "100013594143679",
            "count": 0
        },
        {
            "id": "61559946601454",
            "count": 0
        },
        {
            "id": "100093470406961",
            "count": 7
        },
        {
            "id": "100062839995064",
            "count": 32
        },
        {
            "id": "100051658483539",
            "count": 0
        },
        {
            "id": "100095800800081",
            "count": 0
        },
        {
            "id": "100010016652045",
            "count": 0
        },
        {
            "id": "100081807703368",
            "count": 1
        },
        {
            "id": "61559160639738",
            "count": 0
        },
        {
            "id": "100085897386581",
            "count": 0
        },
        {
            "id": "61553293141532",
            "count": 0
        },
        {
            "id": "100083052032686",
            "count": 0
        },
        {
            "id": "100077238349096",
            "count": 0
        },
        {
            "id": "100078026464439",
            "count": 0
        },
        {
            "id": "100078826416570",
            "count": 3
        },
        {
            "id": "100002251877885",
            "count": 1
        },
        {
            "id": "61562622220916",
            "count": 0
        },
        {
            "id": "100039904872386",
            "count": 6
        },
        {
            "id": "61561400572758",
            "count": 1
        },
        {
            "id": "100015187293903",
            "count": 24
        },
        {
            "id": "61561910353482",
            "count": 0
        },
        {
            "id": "100083116872014",
            "count": 0
        },
        {
            "id": "61560808709571",
            "count": 0
        },
        {
            "id": "100084067390580",
            "count": 0
        },
        {
            "id": "100048587284082",
            "count": 0
        },
        {
            "id": "100022772118827",
            "count": 0
        },
        {
            "id": "100086202180522",
            "count": 0
        },
        {
            "id": "100086459834160",
            "count": 0
        },
        {
            "id": "100090104568995",
            "count": 11
        },
        {
            "id": "61556364627798",
            "count": 0
        },
        {
            "id": "61553896177779",
            "count": 0
        },
        {
            "id": "100069707829657",
            "count": 1
        },
        {
            "id": "100055084578273",
            "count": 0
        },
        {
            "id": "61563331258026",
            "count": 0
        },
        {
            "id": "61558514816609",
            "count": 0
        },
        {
            "id": "61560807013804",
            "count": 0
        },
        {
            "id": "100090537986551",
            "count": 4
        },
        {
            "id": "100090242689110",
            "count": 2
        },
        {
            "id": "61561450162103",
            "count": 0
        },
        {
            "id": "61562817441591",
            "count": 0
        },
        {
            "id": "61562470888479",
            "count": 0
        },
        {
            "id": "61563139417259",
            "count": 0
        },
        {
            "id": "61558756637297",
            "count": 0
        },
        {
            "id": "61555311268251",
            "count": 0
        },
        {
            "id": "61550335193267",
            "count": 0
        },
        {
            "id": "100092834522512",
            "count": 0
        },
        {
            "id": "61563311032355",
            "count": 0
        },
        {
            "id": "61561875638071",
            "count": 1
        },
        {
            "id": "61560539873515",
            "count": 0
        },
        {
            "id": "61560293301357",
            "count": 8
        },
        {
            "id": "61556963140686",
            "count": 1
        },
        {
            "id": "100092726152420",
            "count": 213
        },
        {
            "id": "100074237084680",
            "count": 0
        },
        {
            "id": "100062521501866",
            "count": 0
        },
        {
            "id": "100066506636856",
            "count": 0
        },
        {
            "id": "61561997733405",
            "count": 0
        },
        {
            "id": "61563476595774",
            "count": 0
        },
        {
            "id": "100090152898372",
            "count": 0
        },
        {
            "id": "61563967040836",
            "count": 0
        },
        {
            "id": "100090805356111",
            "count": 0
        },
        {
            "id": "100083818814734",
            "count": 0
        },
        {
            "id": "61562627916032",
            "count": 0
        },
        {
            "id": "100090589748986",
            "count": 0
        },
        {
            "id": "61561356279299",
            "count": 0
        },
        {
            "id": "100084303292409",
            "count": 0
        },
        {
            "id": "100077967461134",
            "count": 0
        },
        {
            "id": "100093480763354",
            "count": 52
        },
        {
            "id": "61562132982415",
            "count": 0
        },
        {
            "id": "61552647744182",
            "count": 0
        },
        {
            "id": "100018997890752",
            "count": 0
        },
        {
            "id": "61561805588008",
            "count": 0
        },
        {
            "id": "100077890590173",
            "count": 0
        },
        {
            "id": "61564356836480",
            "count": 0
        },
        {
            "id": "100087210199656",
            "count": 0
        },
        {
            "id": "61561327633026",
            "count": 0
        },
        {
            "id": "100095583814855",
            "count": 0
        },
        {
            "id": "61564360922514",
            "count": 0
        },
        {
            "id": "61557907620706",
            "count": 0
        },
        {
            "id": "61565702279832",
            "count": 4
        },
        {
            "id": "100082851168864",
            "count": 18
        },
        {
            "id": "100081325217601",
            "count": 0
        }
    ],
    "week": [
        {
            "id": "100067515525462",
            "count": 63
        },
        {
            "id": "100083026595557",
            "count": 0
        },
        {
            "id": "61554990480427",
            "count": 50
        },
        {
            "id": "100088884859669",
            "count": 0
        },
        {
            "id": "100062448283579",
            "count": 0
        },
        {
            "id": "100077320658965",
            "count": 1
        },
        {
            "id": "61552791276714",
            "count": 0
        },
        {
            "id": "100084051277256",
            "count": 0
        },
        {
            "id": "100093246676452",
            "count": 10
        },
        {
            "id": "100080621464454",
            "count": 7
        },
        {
            "id": "61551375907415",
            "count": 1
        },
        {
            "id": "100077091316604",
            "count": 0
        },
        {
            "id": "100079541447503",
            "count": 1
        },
        {
            "id": "61556950448666",
            "count": 0
        },
        {
            "id": "100078001549785",
            "count": 0
        },
        {
            "id": "100000865686161",
            "count": 15
        },
        {
            "id": "61557550869043",
            "count": 0
        },
        {
            "id": "100064026427418",
            "count": 0
        },
        {
            "id": "100073408046546",
            "count": 0
        },
        {
            "id": "100022516684458",
            "count": 0
        },
        {
            "id": "61559640746568",
            "count": 0
        },
        {
            "id": "100082492307716",
            "count": 0
        },
        {
            "id": "61560929091614",
            "count": 0
        },
        {
            "id": "100095234462495",
            "count": 0
        },
        {
            "id": "61560565774036",
            "count": 0
        },
        {
            "id": "100063302170416",
            "count": 0
        },
        {
            "id": "61560131682341",
            "count": 0
        },
        {
            "id": "100081801376387",
            "count": 0
        },
        {
            "id": "100088733390556",
            "count": 0
        },
        {
            "id": "61552189530238",
            "count": 0
        },
        {
            "id": "100084810507985",
            "count": 0
        },
        {
            "id": "100086084283987",
            "count": 0
        },
        {
            "id": "61560768817630",
            "count": 0
        },
        {
            "id": "100078434704672",
            "count": 0
        },
        {
            "id": "61560423900680",
            "count": 0
        },
        {
            "id": "100076675908687",
            "count": 0
        },
        {
            "id": "100092588064211",
            "count": 0
        },
        {
            "id": "100078687841602",
            "count": 0
        },
        {
            "id": "61559321576135",
            "count": 0
        },
        {
            "id": "61559233984576",
            "count": 0
        },
        {
            "id": "100079233985465",
            "count": 87
        },
        {
            "id": "100069155989612",
            "count": 0
        },
        {
            "id": "100027415620756",
            "count": 44
        },
        {
            "id": "61554282943508",
            "count": 173
        },
        {
            "id": "61558372079412",
            "count": 0
        },
        {
            "id": "61553564383383",
            "count": 0
        },
        {
            "id": "100081111023751",
            "count": 0
        },
        {
            "id": "61552091834436",
            "count": 0
        },
        {
            "id": "100082303219280",
            "count": 0
        },
        {
            "id": "61560227866182",
            "count": 0
        },
        {
            "id": "100078930363394",
            "count": 7
        },
        {
            "id": "100081568040150",
            "count": 0
        },
        {
            "id": "100093220913711",
            "count": 0
        },
        {
            "id": "100092259244804",
            "count": 0
        },
        {
            "id": "100058959185920",
            "count": 0
        },
        {
            "id": "61552084631623",
            "count": 0
        },
        {
            "id": "100092219514594",
            "count": 0
        },
        {
            "id": "100087784518084",
            "count": 0
        },
        {
            "id": "100086298714737",
            "count": 6
        },
        {
            "id": "100080635460656",
            "count": 0
        },
        {
            "id": "61560560463236",
            "count": 0
        },
        {
            "id": "100094091494812",
            "count": 0
        },
        {
            "id": "61551776970027",
            "count": 0
        },
        {
            "id": "100090612794893",
            "count": 0
        },
        {
            "id": "61562027071005",
            "count": 0
        },
        {
            "id": "61553857537274",
            "count": 0
        },
        {
            "id": "61559194201466",
            "count": 0
        },
        {
            "id": "100035734683529",
            "count": 6
        },
        {
            "id": "100094552025700",
            "count": 0
        },
        {
            "id": "61557626501208",
            "count": 0
        },
        {
            "id": "100079828954790",
            "count": 0
        },
        {
            "id": "61553129483626",
            "count": 0
        },
        {
            "id": "61562756400460",
            "count": 0
        },
        {
            "id": "100086345787584",
            "count": 0
        },
        {
            "id": "100094336436614",
            "count": 0
        },
        {
            "id": "100013594143679",
            "count": 0
        },
        {
            "id": "61559946601454",
            "count": 0
        },
        {
            "id": "100093470406961",
            "count": 7
        },
        {
            "id": "100062839995064",
            "count": 32
        },
        {
            "id": "100051658483539",
            "count": 0
        },
        {
            "id": "100095800800081",
            "count": 0
        },
        {
            "id": "100010016652045",
            "count": 0
        },
        {
            "id": "100081807703368",
            "count": 1
        },
        {
            "id": "61559160639738",
            "count": 0
        },
        {
            "id": "100085897386581",
            "count": 0
        },
        {
            "id": "61553293141532",
            "count": 0
        },
        {
            "id": "100083052032686",
            "count": 0
        },
        {
            "id": "100077238349096",
            "count": 0
        },
        {
            "id": "100078026464439",
            "count": 0
        },
        {
            "id": "100078826416570",
            "count": 3
        },
        {
            "id": "100002251877885",
            "count": 1
        },
        {
            "id": "61562622220916",
            "count": 0
        },
        {
            "id": "100039904872386",
            "count": 6
        },
        {
            "id": "61561400572758",
            "count": 1
        },
        {
            "id": "100015187293903",
            "count": 24
        },
        {
            "id": "61561910353482",
            "count": 0
        },
        {
            "id": "100083116872014",
            "count": 0
        },
        {
            "id": "61560808709571",
            "count": 0
        },
        {
            "id": "100084067390580",
            "count": 0
        },
        {
            "id": "100048587284082",
            "count": 0
        },
        {
            "id": "100022772118827",
            "count": 0
        },
        {
            "id": "100086202180522",
            "count": 0
        },
        {
            "id": "100086459834160",
            "count": 0
        },
        {
            "id": "100090104568995",
            "count": 11
        },
        {
            "id": "61556364627798",
            "count": 0
        },
        {
            "id": "61553896177779",
            "count": 0
        },
        {
            "id": "100069707829657",
            "count": 1
        },
        {
            "id": "100055084578273",
            "count": 0
        },
        {
            "id": "61563331258026",
            "count": 0
        },
        {
            "id": "61558514816609",
            "count": 0
        },
        {
            "id": "61560807013804",
            "count": 0
        },
        {
            "id": "100090537986551",
            "count": 4
        },
        {
            "id": "100090242689110",
            "count": 2
        },
        {
            "id": "61561450162103",
            "count": 0
        },
        {
            "id": "61562817441591",
            "count": 0
        },
        {
            "id": "61562470888479",
            "count": 0
        },
        {
            "id": "61563139417259",
            "count": 0
        },
        {
            "id": "61558756637297",
            "count": 0
        },
        {
            "id": "61555311268251",
            "count": 0
        },
        {
            "id": "61550335193267",
            "count": 0
        },
        {
            "id": "100092834522512",
            "count": 0
        },
        {
            "id": "61563311032355",
            "count": 0
        },
        {
            "id": "61561875638071",
            "count": 1
        },
        {
            "id": "61560539873515",
            "count": 0
        },
        {
            "id": "61560293301357",
            "count": 8
        },
        {
            "id": "61556963140686",
            "count": 1
        },
        {
            "id": "100092726152420",
            "count": 213
        },
        {
            "id": "100074237084680",
            "count": 0
        },
        {
            "id": "100062521501866",
            "count": 0
        },
        {
            "id": "100066506636856",
            "count": 0
        },
        {
            "id": "61561997733405",
            "count": 0
        },
        {
            "id": "61563476595774",
            "count": 0
        },
        {
            "id": "100090152898372",
            "count": 0
        },
        {
            "id": "61563967040836",
            "count": 0
        },
        {
            "id": "100090805356111",
            "count": 0
        },
        {
            "id": "100083818814734",
            "count": 0
        },
        {
            "id": "61562627916032",
            "count": 0
        },
        {
            "id": "100090589748986",
            "count": 0
        },
        {
            "id": "61561356279299",
            "count": 0
        },
        {
            "id": "100084303292409",
            "count": 0
        },
        {
            "id": "100077967461134",
            "count": 0
        },
        {
            "id": "100093480763354",
            "count": 52
        },
        {
            "id": "61562132982415",
            "count": 0
        },
        {
            "id": "61552647744182",
            "count": 0
        },
        {
            "id": "100018997890752",
            "count": 0
        },
        {
            "id": "61561805588008",
            "count": 0
        },
        {
            "id": "100077890590173",
            "count": 0
        },
        {
            "id": "61564356836480",
            "count": 0
        },
        {
            "id": "100087210199656",
            "count": 0
        },
        {
            "id": "61561327633026",
            "count": 0
        },
        {
            "id": "100095583814855",
            "count": 0
        },
        {
            "id": "61564360922514",
            "count": 0
        },
        {
            "id": "61557907620706",
            "count": 0
        },
        {
            "id": "61565702279832",
            "count": 4
        },
        {
            "id": "100082851168864",
            "count": 18
        },
        {
            "id": "100081325217601",
            "count": 0
        }
    ],
    "day": [
        {
            "id": "100067515525462",
            "count": 63
        },
        {
            "id": "100083026595557",
            "count": 0
        },
        {
            "id": "61554990480427",
            "count": 50
        },
        {
            "id": "100088884859669",
            "count": 0
        },
        {
            "id": "100062448283579",
            "count": 0
        },
        {
            "id": "100077320658965",
            "count": 1
        },
        {
            "id": "61552791276714",
            "count": 0
        },
        {
            "id": "100084051277256",
            "count": 0
        },
        {
            "id": "100093246676452",
            "count": 10
        },
        {
            "id": "100080621464454",
            "count": 7
        },
        {
            "id": "61551375907415",
            "count": 1
        },
        {
            "id": "100077091316604",
            "count": 0
        },
        {
            "id": "100079541447503",
            "count": 1
        },
        {
            "id": "61556950448666",
            "count": 0
        },
        {
            "id": "100078001549785",
            "count": 0
        },
        {
            "id": "100000865686161",
            "count": 15
        },
        {
            "id": "61557550869043",
            "count": 0
        },
        {
            "id": "100064026427418",
            "count": 0
        },
        {
            "id": "100073408046546",
            "count": 0
        },
        {
            "id": "100022516684458",
            "count": 0
        },
        {
            "id": "61559640746568",
            "count": 0
        },
        {
            "id": "100082492307716",
            "count": 0
        },
        {
            "id": "61560929091614",
            "count": 0
        },
        {
            "id": "100095234462495",
            "count": 0
        },
        {
            "id": "61560565774036",
            "count": 0
        },
        {
            "id": "100063302170416",
            "count": 0
        },
        {
            "id": "61560131682341",
            "count": 0
        },
        {
            "id": "100081801376387",
            "count": 0
        },
        {
            "id": "100088733390556",
            "count": 0
        },
        {
            "id": "61552189530238",
            "count": 0
        },
        {
            "id": "100084810507985",
            "count": 0
        },
        {
            "id": "100086084283987",
            "count": 0
        },
        {
            "id": "61560768817630",
            "count": 0
        },
        {
            "id": "100078434704672",
            "count": 0
        },
        {
            "id": "61560423900680",
            "count": 0
        },
        {
            "id": "100076675908687",
            "count": 0
        },
        {
            "id": "100092588064211",
            "count": 0
        },
        {
            "id": "100078687841602",
            "count": 0
        },
        {
            "id": "61559321576135",
            "count": 0
        },
        {
            "id": "61559233984576",
            "count": 0
        },
        {
            "id": "100079233985465",
            "count": 87
        },
        {
            "id": "100069155989612",
            "count": 0
        },
        {
            "id": "100027415620756",
            "count": 44
        },
        {
            "id": "61554282943508",
            "count": 173
        },
        {
            "id": "61558372079412",
            "count": 0
        },
        {
            "id": "61553564383383",
            "count": 0
        },
        {
            "id": "100081111023751",
            "count": 0
        },
        {
            "id": "61552091834436",
            "count": 0
        },
        {
            "id": "100082303219280",
            "count": 0
        },
        {
            "id": "61560227866182",
            "count": 0
        },
        {
            "id": "100078930363394",
            "count": 7
        },
        {
            "id": "100081568040150",
            "count": 0
        },
        {
            "id": "100093220913711",
            "count": 0
        },
        {
            "id": "100092259244804",
            "count": 0
        },
        {
            "id": "100058959185920",
            "count": 0
        },
        {
            "id": "61552084631623",
            "count": 0
        },
        {
            "id": "100092219514594",
            "count": 0
        },
        {
            "id": "100087784518084",
            "count": 0
        },
        {
            "id": "100086298714737",
            "count": 6
        },
        {
            "id": "100080635460656",
            "count": 0
        },
        {
            "id": "61560560463236",
            "count": 0
        },
        {
            "id": "100094091494812",
            "count": 0
        },
        {
            "id": "61551776970027",
            "count": 0
        },
        {
            "id": "100090612794893",
            "count": 0
        },
        {
            "id": "61562027071005",
            "count": 0
        },
        {
            "id": "61553857537274",
            "count": 0
        },
        {
            "id": "61559194201466",
            "count": 0
        },
        {
            "id": "100035734683529",
            "count": 6
        },
        {
            "id": "100094552025700",
            "count": 0
        },
        {
            "id": "61557626501208",
            "count": 0
        },
        {
            "id": "100079828954790",
            "count": 0
        },
        {
            "id": "61553129483626",
            "count": 0
        },
        {
            "id": "61562756400460",
            "count": 0
        },
        {
            "id": "100086345787584",
            "count": 0
        },
        {
            "id": "100094336436614",
            "count": 0
        },
        {
            "id": "100013594143679",
            "count": 0
        },
        {
            "id": "61559946601454",
            "count": 0
        },
        {
            "id": "100093470406961",
            "count": 7
        },
        {
            "id": "100062839995064",
            "count": 32
        },
        {
            "id": "100051658483539",
            "count": 0
        },
        {
            "id": "100095800800081",
            "count": 0
        },
        {
            "id": "100010016652045",
            "count": 0
        },
        {
            "id": "100081807703368",
            "count": 1
        },
        {
            "id": "61559160639738",
            "count": 0
        },
        {
            "id": "100085897386581",
            "count": 0
        },
        {
            "id": "61553293141532",
            "count": 0
        },
        {
            "id": "100083052032686",
            "count": 0
        },
        {
            "id": "100077238349096",
            "count": 0
        },
        {
            "id": "100078026464439",
            "count": 0
        },
        {
            "id": "100078826416570",
            "count": 3
        },
        {
            "id": "100002251877885",
            "count": 1
        },
        {
            "id": "61562622220916",
            "count": 0
        },
        {
            "id": "100039904872386",
            "count": 6
        },
        {
            "id": "61561400572758",
            "count": 1
        },
        {
            "id": "100015187293903",
            "count": 24
        },
        {
            "id": "61561910353482",
            "count": 0
        },
        {
            "id": "100083116872014",
            "count": 0
        },
        {
            "id": "61560808709571",
            "count": 0
        },
        {
            "id": "100084067390580",
            "count": 0
        },
        {
            "id": "100048587284082",
            "count": 0
        },
        {
            "id": "100022772118827",
            "count": 0
        },
        {
            "id": "100086202180522",
            "count": 0
        },
        {
            "id": "100086459834160",
            "count": 0
        },
        {
            "id": "100090104568995",
            "count": 11
        },
        {
            "id": "61556364627798",
            "count": 0
        },
        {
            "id": "61553896177779",
            "count": 0
        },
        {
            "id": "100069707829657",
            "count": 1
        },
        {
            "id": "100055084578273",
            "count": 0
        },
        {
            "id": "61563331258026",
            "count": 0
        },
        {
            "id": "61558514816609",
            "count": 0
        },
        {
            "id": "61560807013804",
            "count": 0
        },
        {
            "id": "100090537986551",
            "count": 4
        },
        {
            "id": "100090242689110",
            "count": 2
        },
        {
            "id": "61561450162103",
            "count": 0
        },
        {
            "id": "61562817441591",
            "count": 0
        },
        {
            "id": "61562470888479",
            "count": 0
        },
        {
            "id": "61563139417259",
            "count": 0
        },
        {
            "id": "61558756637297",
            "count": 0
        },
        {
            "id": "61555311268251",
            "count": 0
        },
        {
            "id": "61550335193267",
            "count": 0
        },
        {
            "id": "100092834522512",
            "count": 0
        },
        {
            "id": "61563311032355",
            "count": 0
        },
        {
            "id": "61561875638071",
            "count": 1
        },
        {
            "id": "61560539873515",
            "count": 0
        },
        {
            "id": "61560293301357",
            "count": 8
        },
        {
            "id": "61556963140686",
            "count": 1
        },
        {
            "id": "100092726152420",
            "count": 213
        },
        {
            "id": "100074237084680",
            "count": 0
        },
        {
            "id": "100062521501866",
            "count": 0
        },
        {
            "id": "100066506636856",
            "count": 0
        },
        {
            "id": "61561997733405",
            "count": 0
        },
        {
            "id": "61563476595774",
            "count": 0
        },
        {
            "id": "100090152898372",
            "count": 0
        },
        {
            "id": "61563967040836",
            "count": 0
        },
        {
            "id": "100090805356111",
            "count": 0
        },
        {
            "id": "100083818814734",
            "count": 0
        },
        {
            "id": "61562627916032",
            "count": 0
        },
        {
            "id": "100090589748986",
            "count": 0
        },
        {
            "id": "61561356279299",
            "count": 0
        },
        {
            "id": "100084303292409",
            "count": 0
        },
        {
            "id": "100077967461134",
            "count": 0
        },
        {
            "id": "100093480763354",
            "count": 52
        },
        {
            "id": "61562132982415",
            "count": 0
        },
        {
            "id": "61552647744182",
            "count": 0
        },
        {
            "id": "100018997890752",
            "count": 0
        },
        {
            "id": "61561805588008",
            "count": 0
        },
        {
            "id": "100077890590173",
            "count": 0
        },
        {
            "id": "61564356836480",
            "count": 0
        },
        {
            "id": "100087210199656",
            "count": 0
        },
        {
            "id": "61561327633026",
            "count": 0
        },
        {
            "id": "100095583814855",
            "count": 0
        },
        {
            "id": "61564360922514",
            "count": 0
        },
        {
            "id": "61557907620706",
            "count": 0
        },
        {
            "id": "61565702279832",
            "count": 4
        },
        {
            "id": "100082851168864",
            "count": 18
        },
        {
            "id": "100081325217601",
            "count": 0
        }
    ],
    "time": 0,
    "last": {
        "time": 6,
        "day": [
            {
                "id": "100067515525462",
                "count": 0
            },
            {
                "id": "100083026595557",
                "count": 0
            },
            {
                "id": "61554990480427",
                "count": 0
            },
            {
                "id": "100088884859669",
                "count": 0
            },
            {
                "id": "100052259678694",
                "count": 0
            },
            {
                "id": "100062448283579",
                "count": 0
            },
            {
                "id": "100077320658965",
                "count": 0
            },
            {
                "id": "61552791276714",
                "count": 0
            },
            {
                "id": "100084051277256",
                "count": 0
            },
            {
                "id": "100093246676452",
                "count": 0
            },
            {
                "id": "100080621464454",
                "count": 0
            },
            {
                "id": "61551375907415",
                "count": 0
            },
            {
                "id": "100077091316604",
                "count": 0
            },
            {
                "id": "100079541447503",
                "count": 0
            },
            {
                "id": "61556950448666",
                "count": 0
            },
            {
                "id": "100078001549785",
                "count": 0
            },
            {
                "id": "100087950806518",
                "count": 0
            },
            {
                "id": "100000865686161",
                "count": 0
            },
            {
                "id": "61557550869043",
                "count": 0
            },
            {
                "id": "100064026427418",
                "count": 0
            },
            {
                "id": "100073408046546",
                "count": 0
            },
            {
                "id": "100022516684458",
                "count": 0
            },
            {
                "id": "61559640746568",
                "count": 0
            },
            {
                "id": "100082492307716",
                "count": 0
            },
            {
                "id": "100067881580084",
                "count": 0
            },
            {
                "id": "61560929091614",
                "count": 0
            },
            {
                "id": "100095234462495",
                "count": 0
            },
            {
                "id": "61560565774036",
                "count": 0
            },
            {
                "id": "100063302170416",
                "count": 0
            },
            {
                "id": "61560131682341",
                "count": 0
            },
            {
                "id": "100087375259932",
                "count": 0
            },
            {
                "id": "100081801376387",
                "count": 0
            },
            {
                "id": "100088733390556",
                "count": 0
            },
            {
                "id": "61552189530238",
                "count": 0
            },
            {
                "id": "100084810507985",
                "count": 0
            },
            {
                "id": "100086084283987",
                "count": 0
            },
            {
                "id": "61560768817630",
                "count": 0
            },
            {
                "id": "100078434704672",
                "count": 0
            },
            {
                "id": "61560423900680",
                "count": 0
            },
            {
                "id": "100076675908687",
                "count": 0
            },
            {
                "id": "100092588064211",
                "count": 0
            },
            {
                "id": "100078687841602",
                "count": 0
            },
            {
                "id": "61559321576135",
                "count": 0
            },
            {
                "id": "100082483900376",
                "count": 0
            },
            {
                "id": "61559233984576",
                "count": 0
            },
            {
                "id": "61560872057527",
                "count": 0
            },
            {
                "id": "100079233985465",
                "count": 0
            },
            {
                "id": "100069155989612",
                "count": 0
            },
            {
                "id": "100027415620756",
                "count": 0
            },
            {
                "id": "61554282943508",
                "count": 0
            },
            {
                "id": "61558372079412",
                "count": 0
            },
            {
                "id": "61553564383383",
                "count": 0
            },
            {
                "id": "100074867528384",
                "count": 0
            },
            {
                "id": "100081111023751",
                "count": 0
            },
            {
                "id": "61552091834436",
                "count": 0
            },
            {
                "id": "100082303219280",
                "count": 0
            },
            {
                "id": "61560227866182",
                "count": 0
            },
            {
                "id": "100078930363394",
                "count": 0
            },
            {
                "id": "100081568040150",
                "count": 0
            },
            {
                "id": "100093220913711",
                "count": 0
            },
            {
                "id": "100092259244804",
                "count": 0
            },
            {
                "id": "100058959185920",
                "count": 0
            },
            {
                "id": "61552084631623",
                "count": 0
            },
            {
                "id": "100092219514594",
                "count": 0
            },
            {
                "id": "100087784518084",
                "count": 0
            },
            {
                "id": "100086298714737",
                "count": 0
            },
            {
                "id": "100080635460656",
                "count": 0
            },
            {
                "id": "61560560463236",
                "count": 0
            },
            {
                "id": "100094091494812",
                "count": 0
            },
            {
                "id": "61551776970027",
                "count": 0
            },
            {
                "id": "100090612794893",
                "count": 0
            },
            {
                "id": "61562027071005",
                "count": 0
            },
            {
                "id": "61553857537274",
                "count": 0
            },
            {
                "id": "61562045972338",
                "count": 0
            },
            {
                "id": "61559194201466",
                "count": 0
            },
            {
                "id": "100035734683529",
                "count": 0
            },
            {
                "id": "100094552025700",
                "count": 0
            },
            {
                "id": "61557626501208",
                "count": 0
            },
            {
                "id": "100079828954790",
                "count": 0
            },
            {
                "id": "61553129483626",
                "count": 0
            },
            {
                "id": "61562756400460",
                "count": 0
            },
            {
                "id": "100086345787584",
                "count": 0
            },
            {
                "id": "100094336436614",
                "count": 0
            },
            {
                "id": "100091314938280",
                "count": 0
            },
            {
                "id": "100013594143679",
                "count": 0
            },
            {
                "id": "61552000952181",
                "count": 0
            },
            {
                "id": "61559946601454",
                "count": 0
            },
            {
                "id": "100093470406961",
                "count": 0
            },
            {
                "id": "100062839995064",
                "count": 0
            },
            {
                "id": "100051658483539",
                "count": 0
            },
            {
                "id": "100095800800081",
                "count": 0
            },
            {
                "id": "100010016652045",
                "count": 0
            },
            {
                "id": "100081807703368",
                "count": 0
            },
            {
                "id": "61550718809436",
                "count": 0
            },
            {
                "id": "61559160639738",
                "count": 0
            },
            {
                "id": "100085897386581",
                "count": 0
            },
            {
                "id": "61553293141532",
                "count": 0
            },
            {
                "id": "100083052032686",
                "count": 0
            },
            {
                "id": "100077238349096",
                "count": 0
            },
            {
                "id": "100078026464439",
                "count": 0
            },
            {
                "id": "100064472314430",
                "count": 0
            },
            {
                "id": "100078826416570",
                "count": 0
            },
            {
                "id": "100002251877885",
                "count": 0
            },
            {
                "id": "61562622220916",
                "count": 0
            },
            {
                "id": "100039904872386",
                "count": 0
            },
            {
                "id": "61561400572758",
                "count": 0
            },
            {
                "id": "100015187293903",
                "count": 0
            },
            {
                "id": "61561910353482",
                "count": 0
            },
            {
                "id": "100083116872014",
                "count": 0
            },
            {
                "id": "61560808709571",
                "count": 0
            },
            {
                "id": "100084067390580",
                "count": 0
            },
            {
                "id": "100048587284082",
                "count": 0
            },
            {
                "id": "100036757685462",
                "count": 0
            },
            {
                "id": "100022772118827",
                "count": 0
            },
            {
                "id": "100086202180522",
                "count": 0
            },
            {
                "id": "100086459834160",
                "count": 0
            },
            {
                "id": "100090104568995",
                "count": 0
            },
            {
                "id": "61556364627798",
                "count": 0
            },
            {
                "id": "61553382540110",
                "count": 0
            },
            {
                "id": "61553896177779",
                "count": 0
            },
            {
                "id": "100069707829657",
                "count": 0
            },
            {
                "id": "100055084578273",
                "count": 0
            },
            {
                "id": "61563331258026",
                "count": 0
            },
            {
                "id": "61558514816609",
                "count": 0
            },
            {
                "id": "61560807013804",
                "count": 0
            },
            {
                "id": "100072255660146",
                "count": 0
            },
            {
                "id": "100025361627541",
                "count": 0
            },
            {
                "id": "61560595753575",
                "count": 0
            },
            {
                "id": "100090537986551",
                "count": 0
            },
            {
                "id": "100090242689110",
                "count": 0
            },
            {
                "id": "61561450162103",
                "count": 0
            },
            {
                "id": "61562817441591",
                "count": 0
            },
            {
                "id": "61558309712468",
                "count": 0
            },
            {
                "id": "61553374870362",
                "count": 0
            },
            {
                "id": "61562470888479",
                "count": 0
            },
            {
                "id": "61556579761086",
                "count": 0
            },
            {
                "id": "61563139417259",
                "count": 0
            },
            {
                "id": "61558756637297",
                "count": 0
            },
            {
                "id": "61555311268251",
                "count": 0
            },
            {
                "id": "61550335193267",
                "count": 0
            },
            {
                "id": "100092834522512",
                "count": 0
            },
            {
                "id": "61563311032355",
                "count": 0
            },
            {
                "id": "61561875638071",
                "count": 0
            },
            {
                "id": "61560539873515",
                "count": 0
            },
            {
                "id": "61560293301357",
                "count": 0
            },
            {
                "id": "61556963140686",
                "count": 0
            },
            {
                "id": "100092726152420",
                "count": 0
            },
            {
                "id": "100074237084680",
                "count": 0
            },
            {
                "id": "100062521501866",
                "count": 0
            },
            {
                "id": "100066506636856",
                "count": 0
            },
            {
                "id": "61561997733405",
                "count": 0
            },
            {
                "id": "61563476595774",
                "count": 0
            },
            {
                "id": "100090152898372",
                "count": 0
            },
            {
                "id": "61563967040836",
                "count": 0
            },
            {
                "id": "100090805356111",
                "count": 0
            },
            {
                "id": "100083818814734",
                "count": 0
            },
            {
                "id": "61562627916032",
                "count": 0
            },
            {
                "id": "100090589748986",
                "count": 0
            },
            {
                "id": "61561356279299",
                "count": 0
            },
            {
                "id": "61563840661950",
                "count": 0
            },
            {
                "id": "100084303292409",
                "count": 0
            },
            {
                "id": "100077967461134",
                "count": 0
            },
            {
                "id": "100093480763354",
                "count": 0
            },
            {
                "id": "61562132982415",
                "count": 0
            },
            {
                "id": "61555710552925",
                "count": 0
            },
            {
                "id": "61552647744182",
                "count": 0
            },
            {
                "id": "100087798010948",
                "count": 0
            },
            {
                "id": "100018997890752",
                "count": 0
            },
            {
                "id": "61561805588008",
                "count": 0
            },
            {
                "id": "100079017055391",
                "count": 0
            },
            {
                "id": "100077890590173",
                "count": 0
            },
            {
                "id": "61564356836480",
                "count": 0
            },
            {
                "id": "100087210199656",
                "count": 0
            },
            {
                "id": "61565137227176",
                "count": 0
            },
            {
                "id": "61561327633026",
                "count": 0
            },
            {
                "id": "100095583814855",
                "count": 0
            },
            {
                "id": "61564360922514",
                "count": 0
            },
            {
                "id": "61557907620706",
                "count": 0
            },
            {
                "id": "100091537609858",
                "count": 0
            },
            {
                "id": "61565702279832",
                "count": 0
            },
            {
                "id": "100082851168864",
                "count": 0
            },
            {
                "id": "100081325217601",
                "count": 0
            },
            {
                "id": "61560395366692",
                "count": 0
            },
            {
                "id": "100057190358613",
                "count": 0
            }
        ],
        "week": [
            {
                "id": "100067515525462",
                "count": 0
            },
            {
                "id": "100083026595557",
                "count": 0
            },
            {
                "id": "61554990480427",
                "count": 0
            },
            {
                "id": "100088884859669",
                "count": 0
            },
            {
                "id": "100052259678694",
                "count": 0
            },
            {
                "id": "100062448283579",
                "count": 0
            },
            {
                "id": "100077320658965",
                "count": 0
            },
            {
                "id": "61552791276714",
                "count": 0
            },
            {
                "id": "100084051277256",
                "count": 0
            },
            {
                "id": "100093246676452",
                "count": 0
            },
            {
                "id": "100080621464454",
                "count": 0
            },
            {
                "id": "61551375907415",
                "count": 0
            },
            {
                "id": "100077091316604",
                "count": 0
            },
            {
                "id": "100079541447503",
                "count": 0
            },
            {
                "id": "61556950448666",
                "count": 0
            },
            {
                "id": "100078001549785",
                "count": 0
            },
            {
                "id": "100087950806518",
                "count": 0
            },
            {
                "id": "100000865686161",
                "count": 0
            },
            {
                "id": "61557550869043",
                "count": 0
            },
            {
                "id": "100064026427418",
                "count": 0
            },
            {
                "id": "100073408046546",
                "count": 0
            },
            {
                "id": "100022516684458",
                "count": 0
            },
            {
                "id": "61559640746568",
                "count": 0
            },
            {
                "id": "100082492307716",
                "count": 0
            },
            {
                "id": "100067881580084",
                "count": 0
            },
            {
                "id": "61560929091614",
                "count": 0
            },
            {
                "id": "100095234462495",
                "count": 0
            },
            {
                "id": "61560565774036",
                "count": 0
            },
            {
                "id": "100063302170416",
                "count": 0
            },
            {
                "id": "61560131682341",
                "count": 0
            },
            {
                "id": "100087375259932",
                "count": 0
            },
            {
                "id": "100081801376387",
                "count": 0
            },
            {
                "id": "100088733390556",
                "count": 0
            },
            {
                "id": "61552189530238",
                "count": 0
            },
            {
                "id": "100084810507985",
                "count": 0
            },
            {
                "id": "100086084283987",
                "count": 0
            },
            {
                "id": "61560768817630",
                "count": 0
            },
            {
                "id": "100078434704672",
                "count": 0
            },
            {
                "id": "61560423900680",
                "count": 0
            },
            {
                "id": "100076675908687",
                "count": 0
            },
            {
                "id": "100092588064211",
                "count": 0
            },
            {
                "id": "100078687841602",
                "count": 0
            },
            {
                "id": "61559321576135",
                "count": 0
            },
            {
                "id": "100082483900376",
                "count": 0
            },
            {
                "id": "61559233984576",
                "count": 0
            },
            {
                "id": "61560872057527",
                "count": 0
            },
            {
                "id": "100079233985465",
                "count": 0
            },
            {
                "id": "100069155989612",
                "count": 0
            },
            {
                "id": "100027415620756",
                "count": 0
            },
            {
                "id": "61554282943508",
                "count": 0
            },
            {
                "id": "61558372079412",
                "count": 0
            },
            {
                "id": "61553564383383",
                "count": 0
            },
            {
                "id": "100074867528384",
                "count": 0
            },
            {
                "id": "100081111023751",
                "count": 0
            },
            {
                "id": "61552091834436",
                "count": 0
            },
            {
                "id": "100082303219280",
                "count": 0
            },
            {
                "id": "61560227866182",
                "count": 0
            },
            {
                "id": "100078930363394",
                "count": 0
            },
            {
                "id": "100081568040150",
                "count": 0
            },
            {
                "id": "100093220913711",
                "count": 0
            },
            {
                "id": "100092259244804",
                "count": 0
            },
            {
                "id": "100058959185920",
                "count": 0
            },
            {
                "id": "61552084631623",
                "count": 0
            },
            {
                "id": "100092219514594",
                "count": 0
            },
            {
                "id": "100087784518084",
                "count": 0
            },
            {
                "id": "100086298714737",
                "count": 0
            },
            {
                "id": "100080635460656",
                "count": 0
            },
            {
                "id": "61560560463236",
                "count": 0
            },
            {
                "id": "100094091494812",
                "count": 0
            },
            {
                "id": "61551776970027",
                "count": 0
            },
            {
                "id": "100090612794893",
                "count": 0
            },
            {
                "id": "61562027071005",
                "count": 0
            },
            {
                "id": "61553857537274",
                "count": 0
            },
            {
                "id": "61562045972338",
                "count": 0
            },
            {
                "id": "61559194201466",
                "count": 0
            },
            {
                "id": "100035734683529",
                "count": 0
            },
            {
                "id": "100094552025700",
                "count": 0
            },
            {
                "id": "61557626501208",
                "count": 0
            },
            {
                "id": "100079828954790",
                "count": 0
            },
            {
                "id": "61553129483626",
                "count": 0
            },
            {
                "id": "61562756400460",
                "count": 0
            },
            {
                "id": "100086345787584",
                "count": 0
            },
            {
                "id": "100094336436614",
                "count": 0
            },
            {
                "id": "100091314938280",
                "count": 0
            },
            {
                "id": "100013594143679",
                "count": 0
            },
            {
                "id": "61552000952181",
                "count": 0
            },
            {
                "id": "61559946601454",
                "count": 0
            },
            {
                "id": "100093470406961",
                "count": 0
            },
            {
                "id": "100062839995064",
                "count": 0
            },
            {
                "id": "100051658483539",
                "count": 0
            },
            {
                "id": "100095800800081",
                "count": 0
            },
            {
                "id": "100010016652045",
                "count": 0
            },
            {
                "id": "100081807703368",
                "count": 0
            },
            {
                "id": "61550718809436",
                "count": 0
            },
            {
                "id": "61559160639738",
                "count": 0
            },
            {
                "id": "100085897386581",
                "count": 0
            },
            {
                "id": "61553293141532",
                "count": 0
            },
            {
                "id": "100083052032686",
                "count": 0
            },
            {
                "id": "100077238349096",
                "count": 0
            },
            {
                "id": "100078026464439",
                "count": 0
            },
            {
                "id": "100064472314430",
                "count": 0
            },
            {
                "id": "100078826416570",
                "count": 0
            },
            {
                "id": "100002251877885",
                "count": 0
            },
            {
                "id": "61562622220916",
                "count": 0
            },
            {
                "id": "100039904872386",
                "count": 0
            },
            {
                "id": "61561400572758",
                "count": 0
            },
            {
                "id": "100015187293903",
                "count": 0
            },
            {
                "id": "61561910353482",
                "count": 0
            },
            {
                "id": "100083116872014",
                "count": 0
            },
            {
                "id": "61560808709571",
                "count": 0
            },
            {
                "id": "100084067390580",
                "count": 0
            },
            {
                "id": "100048587284082",
                "count": 0
            },
            {
                "id": "100036757685462",
                "count": 0
            },
            {
                "id": "100022772118827",
                "count": 0
            },
            {
                "id": "100086202180522",
                "count": 0
            },
            {
                "id": "100086459834160",
                "count": 0
            },
            {
                "id": "100090104568995",
                "count": 0
            },
            {
                "id": "61556364627798",
                "count": 0
            },
            {
                "id": "61553382540110",
                "count": 0
            },
            {
                "id": "61553896177779",
                "count": 0
            },
            {
                "id": "100069707829657",
                "count": 0
            },
            {
                "id": "100055084578273",
                "count": 0
            },
            {
                "id": "61563331258026",
                "count": 0
            },
            {
                "id": "61558514816609",
                "count": 0
            },
            {
                "id": "61560807013804",
                "count": 0
            },
            {
                "id": "100072255660146",
                "count": 0
            },
            {
                "id": "100025361627541",
                "count": 0
            },
            {
                "id": "61560595753575",
                "count": 0
            },
            {
                "id": "100090537986551",
                "count": 0
            },
            {
                "id": "100090242689110",
                "count": 0
            },
            {
                "id": "61561450162103",
                "count": 0
            },
            {
                "id": "61562817441591",
                "count": 0
            },
            {
                "id": "61558309712468",
                "count": 0
            },
            {
                "id": "61553374870362",
                "count": 0
            },
            {
                "id": "61562470888479",
                "count": 0
            },
            {
                "id": "61556579761086",
                "count": 0
            },
            {
                "id": "61563139417259",
                "count": 0
            },
            {
                "id": "61558756637297",
                "count": 0
            },
            {
                "id": "61555311268251",
                "count": 0
            },
            {
                "id": "61550335193267",
                "count": 0
            },
            {
                "id": "100092834522512",
                "count": 0
            },
            {
                "id": "61563311032355",
                "count": 0
            },
            {
                "id": "61561875638071",
                "count": 0
            },
            {
                "id": "61560539873515",
                "count": 0
            },
            {
                "id": "61560293301357",
                "count": 0
            },
            {
                "id": "61556963140686",
                "count": 0
            },
            {
                "id": "100092726152420",
                "count": 0
            },
            {
                "id": "100074237084680",
                "count": 0
            },
            {
                "id": "100062521501866",
                "count": 0
            },
            {
                "id": "100066506636856",
                "count": 0
            },
            {
                "id": "61561997733405",
                "count": 0
            },
            {
                "id": "61563476595774",
                "count": 0
            },
            {
                "id": "100090152898372",
                "count": 0
            },
            {
                "id": "61563967040836",
                "count": 0
            },
            {
                "id": "100090805356111",
                "count": 0
            },
            {
                "id": "100083818814734",
                "count": 0
            },
            {
                "id": "61562627916032",
                "count": 0
            },
            {
                "id": "100090589748986",
                "count": 0
            },
            {
                "id": "61561356279299",
                "count": 0
            },
            {
                "id": "61563840661950",
                "count": 0
            },
            {
                "id": "100084303292409",
                "count": 0
            },
            {
                "id": "100077967461134",
                "count": 0
            },
            {
                "id": "100093480763354",
                "count": 0
            },
            {
                "id": "61562132982415",
                "count": 0
            },
            {
                "id": "61555710552925",
                "count": 0
            },
            {
                "id": "61552647744182",
                "count": 0
            },
            {
                "id": "100087798010948",
                "count": 0
            },
            {
                "id": "100018997890752",
                "count": 0
            },
            {
                "id": "61561805588008",
                "count": 0
            },
            {
                "id": "100079017055391",
                "count": 0
            },
            {
                "id": "100077890590173",
                "count": 0
            },
            {
                "id": "61564356836480",
                "count": 0
            },
            {
                "id": "100087210199656",
                "count": 0
            },
            {
                "id": "61565137227176",
                "count": 0
            },
            {
                "id": "61561327633026",
                "count": 0
            },
            {
                "id": "100095583814855",
                "count": 0
            },
            {
                "id": "61564360922514",
                "count": 0
            },
            {
                "id": "61557907620706",
                "count": 0
            },
            {
                "id": "100091537609858",
                "count": 0
            },
            {
                "id": "61565702279832",
                "count": 0
            },
            {
                "id": "100082851168864",
                "count": 0
            },
            {
                "id": "100081325217601",
                "count": 0
            },
            {
                "id": "61560395366692",
                "count": 0
            },
            {
                "id": "100057190358613",
                "count": 0
            }
        ]
    }
}