{
    "total": [
        {
            "id": "537846897",
            "count": 153
        },
        {
            "id": "100073889114412",
            "count": 10
        },
        {
            "id": "503845790",
            "count": 163
        },
        {
            "id": "100002409940156",
            "count": 0
        },
        {
            "id": "509484270",
            "count": 13
        },
        {
            "id": "1551310958",
            "count": 14
        },
        {
            "id": "100078930363394",
            "count": 72
        },
        {
            "id": "100086534678860",
            "count": 0
        },
        {
            "id": "100091715182610",
            "count": 0
        },
        {
            "id": "61562537153150",
            "count": 0
        },
        {
            "id": "61561807634867",
            "count": 0
        },
        {
            "id": "100065045190324",
            "count": 0
        },
        {
            "id": "100088286371303",
            "count": 9
        },
        {
            "id": "100035421814099",
            "count": 225
        },
        {
            "id": "100000493975005",
            "count": 10
        },
        {
            "id": "61550972895849",
            "count": 0
        },
        {
            "id": "1824557330",
            "count": 13
        },
        {
            "id": "100043044991011",
            "count": 109
        },
        {
            "id": "1547602811",
            "count": 0
        },
        {
            "id": "100059637681768",
            "count": 82
        },
        {
            "id": "61561895652856",
            "count": 0
        },
        {
            "id": "100037218437125",
            "count": 0
        },
        {
            "id": "61551738297561",
            "count": 0
        },
        {
            "id": "61562102165002",
            "count": 0
        },
        {
            "id": "100000542968113",
            "count": 3
        },
        {
            "id": "100090775216078",
            "count": 0
        },
        {
            "id": "61560372308659",
            "count": 0
        },
        {
            "id": "61562781990191",
            "count": 0
        },
        {
            "id": "61562417477353",
            "count": 0
        },
        {
            "id": "100011196246311",
            "count": 0
        },
        {
            "id": "61563474201516",
            "count": 0
        },
        {
            "id": "100024871212620",
            "count": 0
        },
        {
            "id": "61560838090296",
            "count": 0
        },
        {
            "id": "100077834568705",
            "count": 0
        },
        {
            "id": "61562557302633",
            "count": 0
        },
        {
            "id": "100085130240990",
            "count": 0
        },
        {
            "id": "100092535387940",
            "count": 0
        },
        {
            "id": "100070906366737",
            "count": 0
        },
        {
            "id": "100063600331393",
            "count": 63
        },
        {
            "id": "61563830666547",
            "count": 0
        },
        {
            "id": "100036283453277",
            "count": 26
        },
        {
            "id": "100016757713599",
            "count": 8
        },
        {
            "id": "100069864945865",
            "count": 4
        },
        {
            "id": "100073771381593",
            "count": 5
        },
        {
            "id": "100001599530779",
            "count": 33
        },
        {
            "id": "100082897621667",
            "count": 0
        },
        {
            "id": "100095471730523",
            "count": 15
        },
        {
            "id": "100009713618289",
            "count": 0
        },
        {
            "id": "100025818829763",
            "count": 1
        },
        {
            "id": "100078067479751",
            "count": 2
        },
        {
            "id": "100051277189546",
            "count": 0
        }
    ],
    "week": [
        {
            "id": "537846897",
            "count": 153
        },
        {
            "id": "100073889114412",
            "count": 10
        },
        {
            "id": "503845790",
            "count": 163
        },
        {
            "id": "100002409940156",
            "count": 0
        },
        {
            "id": "509484270",
            "count": 13
        },
        {
            "id": "1551310958",
            "count": 14
        },
        {
            "id": "100078930363394",
            "count": 72
        },
        {
            "id": "100086534678860",
            "count": 0
        },
        {
            "id": "100091715182610",
            "count": 0
        },
        {
            "id": "61562537153150",
            "count": 0
        },
        {
            "id": "61561807634867",
            "count": 0
        },
        {
            "id": "100065045190324",
            "count": 0
        },
        {
            "id": "100088286371303",
            "count": 9
        },
        {
            "id": "100035421814099",
            "count": 225
        },
        {
            "id": "100000493975005",
            "count": 10
        },
        {
            "id": "61550972895849",
            "count": 0
        },
        {
            "id": "1824557330",
            "count": 13
        },
        {
            "id": "100043044991011",
            "count": 109
        },
        {
            "id": "1547602811",
            "count": 0
        },
        {
            "id": "100059637681768",
            "count": 82
        },
        {
            "id": "61561895652856",
            "count": 0
        },
        {
            "id": "100037218437125",
            "count": 0
        },
        {
            "id": "61551738297561",
            "count": 0
        },
        {
            "id": "61562102165002",
            "count": 0
        },
        {
            "id": "100000542968113",
            "count": 3
        },
        {
            "id": "100090775216078",
            "count": 0
        },
        {
            "id": "61560372308659",
            "count": 0
        },
        {
            "id": "61562781990191",
            "count": 0
        },
        {
            "id": "61562417477353",
            "count": 0
        },
        {
            "id": "100011196246311",
            "count": 0
        },
        {
            "id": "61563474201516",
            "count": 0
        },
        {
            "id": "100024871212620",
            "count": 0
        },
        {
            "id": "61560838090296",
            "count": 0
        },
        {
            "id": "100077834568705",
            "count": 0
        },
        {
            "id": "61562557302633",
            "count": 0
        },
        {
            "id": "100085130240990",
            "count": 0
        },
        {
            "id": "100092535387940",
            "count": 0
        },
        {
            "id": "100070906366737",
            "count": 0
        },
        {
            "id": "100063600331393",
            "count": 63
        },
        {
            "id": "61563830666547",
            "count": 0
        },
        {
            "id": "100036283453277",
            "count": 26
        },
        {
            "id": "100016757713599",
            "count": 8
        },
        {
            "id": "100069864945865",
            "count": 4
        },
        {
            "id": "100073771381593",
            "count": 5
        },
        {
            "id": "100001599530779",
            "count": 33
        },
        {
            "id": "100082897621667",
            "count": 0
        },
        {
            "id": "100095471730523",
            "count": 15
        },
        {
            "id": "100009713618289",
            "count": 0
        },
        {
            "id": "100025818829763",
            "count": 1
        },
        {
            "id": "100078067479751",
            "count": 2
        },
        {
            "id": "100051277189546",
            "count": 0
        }
    ],
    "day": [
        {
            "id": "537846897",
            "count": 153
        },
        {
            "id": "100073889114412",
            "count": 10
        },
        {
            "id": "503845790",
            "count": 163
        },
        {
            "id": "100002409940156",
            "count": 0
        },
        {
            "id": "509484270",
            "count": 13
        },
        {
            "id": "1551310958",
            "count": 14
        },
        {
            "id": "100078930363394",
            "count": 72
        },
        {
            "id": "100086534678860",
            "count": 0
        },
        {
            "id": "100091715182610",
            "count": 0
        },
        {
            "id": "61562537153150",
            "count": 0
        },
        {
            "id": "61561807634867",
            "count": 0
        },
        {
            "id": "100065045190324",
            "count": 0
        },
        {
            "id": "100088286371303",
            "count": 9
        },
        {
            "id": "100035421814099",
            "count": 225
        },
        {
            "id": "100000493975005",
            "count": 10
        },
        {
            "id": "61550972895849",
            "count": 0
        },
        {
            "id": "1824557330",
            "count": 13
        },
        {
            "id": "100043044991011",
            "count": 109
        },
        {
            "id": "1547602811",
            "count": 0
        },
        {
            "id": "100059637681768",
            "count": 82
        },
        {
            "id": "61561895652856",
            "count": 0
        },
        {
            "id": "100037218437125",
            "count": 0
        },
        {
            "id": "61551738297561",
            "count": 0
        },
        {
            "id": "61562102165002",
            "count": 0
        },
        {
            "id": "100000542968113",
            "count": 3
        },
        {
            "id": "100090775216078",
            "count": 0
        },
        {
            "id": "61560372308659",
            "count": 0
        },
        {
            "id": "61562781990191",
            "count": 0
        },
        {
            "id": "61562417477353",
            "count": 0
        },
        {
            "id": "100011196246311",
            "count": 0
        },
        {
            "id": "61563474201516",
            "count": 0
        },
        {
            "id": "100024871212620",
            "count": 0
        },
        {
            "id": "61560838090296",
            "count": 0
        },
        {
            "id": "100077834568705",
            "count": 0
        },
        {
            "id": "61562557302633",
            "count": 0
        },
        {
            "id": "100085130240990",
            "count": 0
        },
        {
            "id": "100092535387940",
            "count": 0
        },
        {
            "id": "100070906366737",
            "count": 0
        },
        {
            "id": "100063600331393",
            "count": 63
        },
        {
            "id": "61563830666547",
            "count": 0
        },
        {
            "id": "100036283453277",
            "count": 26
        },
        {
            "id": "100016757713599",
            "count": 8
        },
        {
            "id": "100069864945865",
            "count": 4
        },
        {
            "id": "100073771381593",
            "count": 5
        },
        {
            "id": "100001599530779",
            "count": 33
        },
        {
            "id": "100082897621667",
            "count": 0
        },
        {
            "id": "100095471730523",
            "count": 15
        },
        {
            "id": "100009713618289",
            "count": 0
        },
        {
            "id": "100025818829763",
            "count": 1
        },
        {
            "id": "100078067479751",
            "count": 2
        },
        {
            "id": "100051277189546",
            "count": 0
        }
    ],
    "time": 0,
    "last": {
        "time": 2,
        "day": [
            {
                "id": "537846897",
                "count": 0
            },
            {
                "id": "100073889114412",
                "count": 0
            },
            {
                "id": "503845790",
                "count": 0
            },
            {
                "id": "100002409940156",
                "count": 0
            },
            {
                "id": "509484270",
                "count": 0
            },
            {
                "id": "1551310958",
                "count": 0
            },
            {
                "id": "100078930363394",
                "count": 0
            },
            {
                "id": "100086534678860",
                "count": 0
            },
            {
                "id": "100091715182610",
                "count": 0
            },
            {
                "id": "61562537153150",
                "count": 0
            },
            {
                "id": "61561807634867",
                "count": 0
            },
            {
                "id": "100065045190324",
                "count": 0
            },
            {
                "id": "100088286371303",
                "count": 0
            },
            {
                "id": "100035421814099",
                "count": 0
            },
            {
                "id": "100000493975005",
                "count": 0
            },
            {
                "id": "61550972895849",
                "count": 0
            },
            {
                "id": "1824557330",
                "count": 0
            },
            {
                "id": "100043044991011",
                "count": 0
            },
            {
                "id": "1547602811",
                "count": 0
            },
            {
                "id": "100059637681768",
                "count": 0
            },
            {
                "id": "61561895652856",
                "count": 0
            },
            {
                "id": "100037218437125",
                "count": 0
            },
            {
                "id": "61551397791036",
                "count": 0
            },
            {
                "id": "61551738297561",
                "count": 0
            },
            {
                "id": "61562102165002",
                "count": 0
            },
            {
                "id": "100000542968113",
                "count": 0
            },
            {
                "id": "100090775216078",
                "count": 0
            },
            {
                "id": "61560372308659",
                "count": 0
            },
            {
                "id": "61562781990191",
                "count": 0
            },
            {
                "id": "61562417477353",
                "count": 0
            },
            {
                "id": "100011196246311",
                "count": 0
            },
            {
                "id": "61563474201516",
                "count": 0
            },
            {
                "id": "100024871212620",
                "count": 0
            },
            {
                "id": "61560838090296",
                "count": 0
            },
            {
                "id": "100077834568705",
                "count": 0
            },
            {
                "id": "1331814336",
                "count": 0
            },
            {
                "id": "61562557302633",
                "count": 0
            },
            {
                "id": "100085130240990",
                "count": 0
            },
            {
                "id": "100092535387940",
                "count": 0
            },
            {
                "id": "100070906366737",
                "count": 0
            },
            {
                "id": "100063600331393",
                "count": 0
            },
            {
                "id": "61563830666547",
                "count": 0
            },
            {
                "id": "100036283453277",
                "count": 0
            },
            {
                "id": "61554339532462",
                "count": 0
            },
            {
                "id": "100016757713599",
                "count": 0
            },
            {
                "id": "100070815402204",
                "count": 0
            },
            {
                "id": "100069864945865",
                "count": 0
            },
            {
                "id": "100073771381593",
                "count": 0
            },
            {
                "id": "100001599530779",
                "count": 0
            },
            {
                "id": "61558707703662",
                "count": 0
            },
            {
                "id": "100082897621667",
                "count": 0
            },
            {
                "id": "100095471730523",
                "count": 0
            },
            {
                "id": "100009713618289",
                "count": 0
            },
            {
                "id": "100025818829763",
                "count": 0
            },
            {
                "id": "100078067479751",
                "count": 0
            },
            {
                "id": "100051277189546",
                "count": 0
            }
        ],
        "week": [
            {
                "id": "537846897",
                "count": 0
            },
            {
                "id": "100073889114412",
                "count": 0
            },
            {
                "id": "503845790",
                "count": 0
            },
            {
                "id": "100002409940156",
                "count": 0
            },
            {
                "id": "509484270",
                "count": 0
            },
            {
                "id": "1551310958",
                "count": 0
            },
            {
                "id": "100078930363394",
                "count": 0
            },
            {
                "id": "100086534678860",
                "count": 0
            },
            {
                "id": "100091715182610",
                "count": 0
            },
            {
                "id": "61562537153150",
                "count": 0
            },
            {
                "id": "61561807634867",
                "count": 0
            },
            {
                "id": "100065045190324",
                "count": 0
            },
            {
                "id": "100088286371303",
                "count": 0
            },
            {
                "id": "100035421814099",
                "count": 0
            },
            {
                "id": "100000493975005",
                "count": 0
            },
            {
                "id": "61550972895849",
                "count": 0
            },
            {
                "id": "1824557330",
                "count": 0
            },
            {
                "id": "100043044991011",
                "count": 0
            },
            {
                "id": "1547602811",
                "count": 0
            },
            {
                "id": "100059637681768",
                "count": 0
            },
            {
                "id": "61561895652856",
                "count": 0
            },
            {
                "id": "100037218437125",
                "count": 0
            },
            {
                "id": "61551397791036",
                "count": 0
            },
            {
                "id": "61551738297561",
                "count": 0
            },
            {
                "id": "61562102165002",
                "count": 0
            },
            {
                "id": "100000542968113",
                "count": 0
            },
            {
                "id": "100090775216078",
                "count": 0
            },
            {
                "id": "61560372308659",
                "count": 0
            },
            {
                "id": "61562781990191",
                "count": 0
            },
            {
                "id": "61562417477353",
                "count": 0
            },
            {
                "id": "100011196246311",
                "count": 0
            },
            {
                "id": "61563474201516",
                "count": 0
            },
            {
                "id": "100024871212620",
                "count": 0
            },
            {
                "id": "61560838090296",
                "count": 0
            },
            {
                "id": "100077834568705",
                "count": 0
            },
            {
                "id": "1331814336",
                "count": 0
            },
            {
                "id": "61562557302633",
                "count": 0
            },
            {
                "id": "100085130240990",
                "count": 0
            },
            {
                "id": "100092535387940",
                "count": 0
            },
            {
                "id": "100070906366737",
                "count": 0
            },
            {
                "id": "100063600331393",
                "count": 0
            },
            {
                "id": "61563830666547",
                "count": 0
            },
            {
                "id": "100036283453277",
                "count": 0
            },
            {
                "id": "61554339532462",
                "count": 0
            },
            {
                "id": "100016757713599",
                "count": 0
            },
            {
                "id": "100070815402204",
                "count": 0
            },
            {
                "id": "100069864945865",
                "count": 0
            },
            {
                "id": "100073771381593",
                "count": 0
            },
            {
                "id": "100001599530779",
                "count": 0
            },
            {
                "id": "61558707703662",
                "count": 0
            },
            {
                "id": "100082897621667",
                "count": 0
            },
            {
                "id": "100095471730523",
                "count": 0
            },
            {
                "id": "100009713618289",
                "count": 0
            },
            {
                "id": "100025818829763",
                "count": 0
            },
            {
                "id": "100078067479751",
                "count": 0
            },
            {
                "id": "100051277189546",
                "count": 0
            }
        ]
    }
}