{
    "Time": "17:39:56 || 2025-01-09",
    "total": [
        {
            "id": "100032936295300",
            "count": 0,
            "ttgn": "17:39:56 || thứ năm",
            "joinTime": "17:39:56 || 2025-01-09"
        },
        {
            "id": "100056373090093",
            "count": 0,
            "ttgn": "17:39:56 || thứ năm",
            "joinTime": "17:39:56 || 2025-01-09"
        },
        {
            "id": "61551589212425",
            "count": 30,
            "ttgn": "17:53:25 || thứ năm",
            "joinTime": "17:39:56 || 2025-01-09"
        },
        {
            "id": "61555075205755",
            "count": 12,
            "ttgn": "17:45:14 || thứ năm",
            "joinTime": "17:39:56 || 2025-01-09"
        },
        {
            "id": "100079051539987",
            "count": 0,
            "ttgn": "17:39:56 || thứ năm",
            "joinTime": "17:39:56 || 2025-01-09"
        },
        {
            "id": "100070145408041",
            "count": 0,
            "ttgn": "17:39:56 || thứ năm",
            "joinTime": "17:39:56 || 2025-01-09"
        },
        {
            "id": "100027109366579",
            "count": 0,
            "ttgn": "17:39:56 || thứ năm",
            "joinTime": "17:39:56 || 2025-01-09"
        },
        {
            "id": "100029229700821",
            "count": 0,
            "ttgn": "17:39:56 || thứ năm",
            "joinTime": "17:39:56 || 2025-01-09"
        },
        {
            "id": "61558739766125",
            "count": 0,
            "ttgn": "17:39:56 || thứ năm",
            "joinTime": "17:39:56 || 2025-01-09"
        },
        {
            "id": "100076520483644",
            "count": 0,
            "ttgn": "17:39:56 || thứ năm",
            "joinTime": "17:39:56 || 2025-01-09"
        },
        {
            "id": "100080549200724",
            "count": 0,
            "ttgn": "17:39:56 || thứ năm",
            "joinTime": "17:39:56 || 2025-01-09"
        },
        {
            "id": "1429451704",
            "count": 0,
            "ttgn": "17:39:56 || thứ năm",
            "joinTime": "17:39:56 || 2025-01-09"
        },
        {
            "id": "100023057708281",
            "count": 0,
            "ttgn": "17:39:56 || thứ năm",
            "joinTime": "17:39:56 || 2025-01-09"
        },
        {
            "id": "100091479482863",
            "count": 0,
            "ttgn": "17:39:56 || thứ năm",
            "joinTime": "17:39:56 || 2025-01-09"
        },
        {
            "id": "61556790320749",
            "count": 0,
            "ttgn": "17:39:56 || thứ năm",
            "joinTime": "17:39:56 || 2025-01-09"
        },
        {
            "id": "1006428991",
            "count": 1,
            "ttgn": "17:47:43 || thứ năm",
            "joinTime": "17:39:56 || 2025-01-09"
        },
        {
            "id": "61569815995227",
            "count": 0,
            "ttgn": "17:39:56 || thứ năm",
            "joinTime": "17:39:56 || 2025-01-09"
        },
        {
            "id": "100053297024835",
            "count": 1,
            "ttgn": "17:49:48 || thứ năm",
            "joinTime": "17:39:56 || 2025-01-09"
        },
        {
            "id": "61559594590580",
            "count": 0,
            "ttgn": "17:39:56 || thứ năm",
            "joinTime": "17:39:56 || 2025-01-09"
        },
        {
            "id": "61570437484335",
            "count": 0,
            "ttgn": "17:39:56 || thứ năm",
            "joinTime": "17:39:56 || 2025-01-09"
        },
        {
            "id": "100092490690233",
            "count": 0,
            "ttgn": "17:39:56 || thứ năm",
            "joinTime": "17:39:56 || 2025-01-09"
        },
        {
            "id": "100065021362002",
            "count": 0,
            "ttgn": "17:39:56 || thứ năm",
            "joinTime": "17:39:56 || 2025-01-09"
        },
        {
            "id": "100013492273245",
            "count": 0,
            "ttgn": "17:39:56 || thứ năm",
            "joinTime": "17:39:56 || 2025-01-09"
        },
        {
            "id": "61555359461851",
            "count": 0,
            "ttgn": "17:39:56 || thứ năm",
            "joinTime": "17:39:56 || 2025-01-09"
        },
        {
            "id": "100077127771802",
            "count": 0,
            "ttgn": "17:39:56 || thứ năm",
            "joinTime": "17:39:56 || 2025-01-09"
        },
        {
            "id": "61567738442792",
            "count": 0,
            "ttgn": "17:39:56 || thứ năm",
            "joinTime": "17:39:56 || 2025-01-09"
        },
        {
            "id": "100067352894991",
            "count": 0,
            "ttgn": "17:39:56 || thứ năm",
            "joinTime": "17:39:56 || 2025-01-09"
        },
        {
            "id": "61561859753432",
            "count": 16,
            "ttgn": "17:53:13 || thứ năm",
            "joinTime": "17:39:56 || 2025-01-09"
        },
        {
            "id": "100088773424024",
            "count": 0,
            "ttgn": "17:39:56 || thứ năm",
            "joinTime": "17:39:56 || 2025-01-09"
        },
        {
            "id": "100093537824053",
            "count": 1,
            "ttgn": "17:44:38 || thứ năm",
            "joinTime": "17:39:56 || 2025-01-09"
        },
        {
            "id": "100047173365712",
            "count": 0,
            "ttgn": "17:39:56 || thứ năm",
            "joinTime": "17:39:56 || 2025-01-09"
        },
        {
            "id": "100089258591742",
            "count": 0,
            "ttgn": "17:39:56 || thứ năm",
            "joinTime": "17:39:56 || 2025-01-09"
        },
        {
            "id": "100085607483096",
            "count": 0,
            "ttgn": "17:39:56 || thứ năm",
            "joinTime": "17:39:56 || 2025-01-09"
        },
        {
            "id": "100041436674329",
            "count": 0,
            "ttgn": "17:39:56 || thứ năm",
            "joinTime": "17:39:56 || 2025-01-09"
        },
        {
            "id": "100080645827657",
            "count": 0,
            "ttgn": "17:39:56 || thứ năm",
            "joinTime": "17:39:56 || 2025-01-09"
        },
        {
            "id": "100092513839449",
            "count": 0,
            "ttgn": "17:39:56 || thứ năm",
            "joinTime": "17:39:56 || 2025-01-09"
        },
        {
            "id": "100074180262762",
            "count": 0,
            "ttgn": "17:39:56 || thứ năm",
            "joinTime": "17:39:56 || 2025-01-09"
        },
        {
            "id": "100089778446304",
            "count": 0,
            "ttgn": "17:39:56 || thứ năm",
            "joinTime": "17:39:56 || 2025-01-09"
        },
        {
            "id": "100094184480284",
            "count": 0,
            "ttgn": "17:39:56 || thứ năm",
            "joinTime": "17:39:56 || 2025-01-09"
        },
        {
            "id": "100091590492378",
            "count": 0,
            "ttgn": "17:39:56 || thứ năm",
            "joinTime": "17:39:56 || 2025-01-09"
        },
        {
            "id": "61565877030733",
            "count": 0,
            "ttgn": "17:39:56 || thứ năm",
            "joinTime": "17:39:56 || 2025-01-09"
        },
        {
            "id": "100092758613405",
            "count": 2,
            "ttgn": "17:50:08 || thứ năm",
            "joinTime": "17:39:56 || 2025-01-09"
        },
        {
            "id": "100094678129275",
            "count": 0,
            "ttgn": "17:39:56 || thứ năm",
            "joinTime": "17:39:56 || 2025-01-09"
        },
        {
            "id": "61570109120054",
            "count": 0,
            "ttgn": "17:39:56 || thứ năm",
            "joinTime": "17:39:56 || 2025-01-09"
        },
        {
            "id": "100074129431050",
            "count": 0,
            "ttgn": "17:39:56 || thứ năm",
            "joinTime": "17:39:56 || 2025-01-09"
        },
        {
            "id": "100029463918923",
            "count": 0,
            "ttgn": "17:39:56 || thứ năm",
            "joinTime": "17:39:56 || 2025-01-09"
        },
        {
            "id": "61561247433411",
            "count": 0,
            "ttgn": "17:39:56 || thứ năm",
            "joinTime": "17:39:56 || 2025-01-09"
        },
        {
            "id": "100074027646095",
            "count": 0,
            "ttgn": "17:39:56 || thứ năm",
            "joinTime": "17:39:56 || 2025-01-09"
        },
        {
            "id": "61556404717546",
            "count": 0,
            "ttgn": "17:39:56 || thứ năm",
            "joinTime": "17:39:56 || 2025-01-09"
        },
        {
            "id": "100079103336333",
            "count": 0,
            "ttgn": "17:39:56 || thứ năm",
            "joinTime": "17:39:56 || 2025-01-09"
        },
        {
            "id": "61566510629261",
            "count": 0,
            "ttgn": "17:39:56 || thứ năm",
            "joinTime": "17:39:56 || 2025-01-09"
        },
        {
            "id": "61560474087657",
            "count": 0,
            "ttgn": "17:39:56 || thứ năm",
            "joinTime": "17:39:56 || 2025-01-09"
        },
        {
            "id": "100094496538026",
            "count": 0,
            "ttgn": "17:39:56 || thứ năm",
            "joinTime": "17:39:56 || 2025-01-09"
        },
        {
            "id": "100086356240093",
            "count": 0,
            "ttgn": "17:39:56 || thứ năm",
            "joinTime": "17:39:56 || 2025-01-09"
        },
        {
            "id": "100092724845354",
            "count": 0,
            "ttgn": "17:39:56 || thứ năm",
            "joinTime": "17:39:56 || 2025-01-09"
        },
        {
            "id": "61551561426755",
            "count": 0,
            "ttgn": "17:39:56 || thứ năm",
            "joinTime": "17:39:56 || 2025-01-09"
        },
        {
            "id": "100089369599667",
            "count": 0,
            "ttgn": "17:39:56 || thứ năm",
            "joinTime": "17:39:56 || 2025-01-09"
        },
        {
            "id": "61563289646870",
            "count": 0,
            "ttgn": "17:39:56 || thứ năm",
            "joinTime": "17:39:56 || 2025-01-09"
        },
        {
            "id": "61551831639676",
            "count": 0,
            "ttgn": "17:39:56 || thứ năm",
            "joinTime": "17:39:56 || 2025-01-09"
        },
        {
            "id": "1025645703",
            "count": 0,
            "ttgn": "17:39:56 || thứ năm",
            "joinTime": "17:39:56 || 2025-01-09"
        },
        {
            "id": "61557327832994",
            "count": 0,
            "ttgn": "17:39:56 || thứ năm",
            "joinTime": "17:39:56 || 2025-01-09"
        },
        {
            "id": "61563450317235",
            "count": 0,
            "ttgn": "17:39:56 || thứ năm",
            "joinTime": "17:39:56 || 2025-01-09"
        },
        {
            "id": "100090152340936",
            "count": 2,
            "ttgn": "17:49:44 || thứ năm",
            "joinTime": "17:39:56 || 2025-01-09"
        },
        {
            "id": "100065092027821",
            "count": 0,
            "ttgn": "17:39:56 || thứ năm",
            "joinTime": "17:39:56 || 2025-01-09"
        },
        {
            "id": "61552637373786",
            "count": 0,
            "ttgn": "17:39:56 || thứ năm",
            "joinTime": "17:39:56 || 2025-01-09"
        },
        {
            "id": "100041056052595",
            "count": 0,
            "ttgn": "17:39:56 || thứ năm",
            "joinTime": "17:39:56 || 2025-01-09"
        },
        {
            "id": "100028515336392",
            "count": 0,
            "ttgn": "17:39:56 || thứ năm",
            "joinTime": "17:39:56 || 2025-01-09"
        },
        {
            "id": "61554782395468",
            "count": 0,
            "ttgn": "17:39:56 || thứ năm",
            "joinTime": "17:39:56 || 2025-01-09"
        },
        {
            "id": "100085270698240",
            "count": 21,
            "ttgn": "17:47:42 || thứ năm",
            "joinTime": "17:39:56 || 2025-01-09"
        },
        {
            "id": "100076857776878",
            "count": 0,
            "ttgn": "17:39:56 || thứ năm",
            "joinTime": "17:39:56 || 2025-01-09"
        }
    ],
    "week": [
        {
            "id": "100032936295300",
            "count": 0,
            "ttgn": "17:39:56 || thứ năm",
            "joinTime": "17:39:56 || 2025-01-09"
        },
        {
            "id": "100056373090093",
            "count": 0,
            "ttgn": "17:39:56 || thứ năm",
            "joinTime": "17:39:56 || 2025-01-09"
        },
        {
            "id": "61551589212425",
            "count": 30,
            "ttgn": "17:53:25 || thứ năm",
            "joinTime": "17:39:56 || 2025-01-09"
        },
        {
            "id": "61555075205755",
            "count": 12,
            "ttgn": "17:45:14 || thứ năm",
            "joinTime": "17:39:56 || 2025-01-09"
        },
        {
            "id": "100079051539987",
            "count": 0,
            "ttgn": "17:39:56 || thứ năm",
            "joinTime": "17:39:56 || 2025-01-09"
        },
        {
            "id": "100070145408041",
            "count": 0,
            "ttgn": "17:39:56 || thứ năm",
            "joinTime": "17:39:56 || 2025-01-09"
        },
        {
            "id": "100027109366579",
            "count": 0,
            "ttgn": "17:39:56 || thứ năm",
            "joinTime": "17:39:56 || 2025-01-09"
        },
        {
            "id": "100029229700821",
            "count": 0,
            "ttgn": "17:39:56 || thứ năm",
            "joinTime": "17:39:56 || 2025-01-09"
        },
        {
            "id": "61558739766125",
            "count": 0,
            "ttgn": "17:39:56 || thứ năm",
            "joinTime": "17:39:56 || 2025-01-09"
        },
        {
            "id": "100076520483644",
            "count": 0,
            "ttgn": "17:39:56 || thứ năm",
            "joinTime": "17:39:56 || 2025-01-09"
        },
        {
            "id": "100080549200724",
            "count": 0,
            "ttgn": "17:39:56 || thứ năm",
            "joinTime": "17:39:56 || 2025-01-09"
        },
        {
            "id": "1429451704",
            "count": 0,
            "ttgn": "17:39:56 || thứ năm",
            "joinTime": "17:39:56 || 2025-01-09"
        },
        {
            "id": "100023057708281",
            "count": 0,
            "ttgn": "17:39:56 || thứ năm",
            "joinTime": "17:39:56 || 2025-01-09"
        },
        {
            "id": "100091479482863",
            "count": 0,
            "ttgn": "17:39:56 || thứ năm",
            "joinTime": "17:39:56 || 2025-01-09"
        },
        {
            "id": "61556790320749",
            "count": 0,
            "ttgn": "17:39:56 || thứ năm",
            "joinTime": "17:39:56 || 2025-01-09"
        },
        {
            "id": "1006428991",
            "count": 1,
            "ttgn": "17:47:43 || thứ năm",
            "joinTime": "17:39:56 || 2025-01-09"
        },
        {
            "id": "61569815995227",
            "count": 0,
            "ttgn": "17:39:56 || thứ năm",
            "joinTime": "17:39:56 || 2025-01-09"
        },
        {
            "id": "100053297024835",
            "count": 1,
            "ttgn": "17:49:48 || thứ năm",
            "joinTime": "17:39:56 || 2025-01-09"
        },
        {
            "id": "61559594590580",
            "count": 0,
            "ttgn": "17:39:56 || thứ năm",
            "joinTime": "17:39:56 || 2025-01-09"
        },
        {
            "id": "61570437484335",
            "count": 0,
            "ttgn": "17:39:56 || thứ năm",
            "joinTime": "17:39:56 || 2025-01-09"
        },
        {
            "id": "100092490690233",
            "count": 0,
            "ttgn": "17:39:56 || thứ năm",
            "joinTime": "17:39:56 || 2025-01-09"
        },
        {
            "id": "100065021362002",
            "count": 0,
            "ttgn": "17:39:56 || thứ năm",
            "joinTime": "17:39:56 || 2025-01-09"
        },
        {
            "id": "100013492273245",
            "count": 0,
            "ttgn": "17:39:56 || thứ năm",
            "joinTime": "17:39:56 || 2025-01-09"
        },
        {
            "id": "61555359461851",
            "count": 0,
            "ttgn": "17:39:56 || thứ năm",
            "joinTime": "17:39:56 || 2025-01-09"
        },
        {
            "id": "100077127771802",
            "count": 0,
            "ttgn": "17:39:56 || thứ năm",
            "joinTime": "17:39:56 || 2025-01-09"
        },
        {
            "id": "61567738442792",
            "count": 0,
            "ttgn": "17:39:56 || thứ năm",
            "joinTime": "17:39:56 || 2025-01-09"
        },
        {
            "id": "100067352894991",
            "count": 0,
            "ttgn": "17:39:56 || thứ năm",
            "joinTime": "17:39:56 || 2025-01-09"
        },
        {
            "id": "61561859753432",
            "count": 16,
            "ttgn": "17:53:13 || thứ năm",
            "joinTime": "17:39:56 || 2025-01-09"
        },
        {
            "id": "100088773424024",
            "count": 0,
            "ttgn": "17:39:56 || thứ năm",
            "joinTime": "17:39:56 || 2025-01-09"
        },
        {
            "id": "100093537824053",
            "count": 1,
            "ttgn": "17:44:38 || thứ năm",
            "joinTime": "17:39:56 || 2025-01-09"
        },
        {
            "id": "100047173365712",
            "count": 0,
            "ttgn": "17:39:56 || thứ năm",
            "joinTime": "17:39:56 || 2025-01-09"
        },
        {
            "id": "100089258591742",
            "count": 0,
            "ttgn": "17:39:56 || thứ năm",
            "joinTime": "17:39:56 || 2025-01-09"
        },
        {
            "id": "100085607483096",
            "count": 0,
            "ttgn": "17:39:56 || thứ năm",
            "joinTime": "17:39:56 || 2025-01-09"
        },
        {
            "id": "100041436674329",
            "count": 0,
            "ttgn": "17:39:56 || thứ năm",
            "joinTime": "17:39:56 || 2025-01-09"
        },
        {
            "id": "100080645827657",
            "count": 0,
            "ttgn": "17:39:56 || thứ năm",
            "joinTime": "17:39:56 || 2025-01-09"
        },
        {
            "id": "100092513839449",
            "count": 0,
            "ttgn": "17:39:56 || thứ năm",
            "joinTime": "17:39:56 || 2025-01-09"
        },
        {
            "id": "100074180262762",
            "count": 0,
            "ttgn": "17:39:56 || thứ năm",
            "joinTime": "17:39:56 || 2025-01-09"
        },
        {
            "id": "100089778446304",
            "count": 0,
            "ttgn": "17:39:56 || thứ năm",
            "joinTime": "17:39:56 || 2025-01-09"
        },
        {
            "id": "100094184480284",
            "count": 0,
            "ttgn": "17:39:56 || thứ năm",
            "joinTime": "17:39:56 || 2025-01-09"
        },
        {
            "id": "100091590492378",
            "count": 0,
            "ttgn": "17:39:56 || thứ năm",
            "joinTime": "17:39:56 || 2025-01-09"
        },
        {
            "id": "61565877030733",
            "count": 0,
            "ttgn": "17:39:56 || thứ năm",
            "joinTime": "17:39:56 || 2025-01-09"
        },
        {
            "id": "100092758613405",
            "count": 2,
            "ttgn": "17:50:08 || thứ năm",
            "joinTime": "17:39:56 || 2025-01-09"
        },
        {
            "id": "100094678129275",
            "count": 0,
            "ttgn": "17:39:56 || thứ năm",
            "joinTime": "17:39:56 || 2025-01-09"
        },
        {
            "id": "61570109120054",
            "count": 0,
            "ttgn": "17:39:56 || thứ năm",
            "joinTime": "17:39:56 || 2025-01-09"
        },
        {
            "id": "100074129431050",
            "count": 0,
            "ttgn": "17:39:56 || thứ năm",
            "joinTime": "17:39:56 || 2025-01-09"
        },
        {
            "id": "100029463918923",
            "count": 0,
            "ttgn": "17:39:56 || thứ năm",
            "joinTime": "17:39:56 || 2025-01-09"
        },
        {
            "id": "61561247433411",
            "count": 0,
            "ttgn": "17:39:56 || thứ năm",
            "joinTime": "17:39:56 || 2025-01-09"
        },
        {
            "id": "100074027646095",
            "count": 0,
            "ttgn": "17:39:56 || thứ năm",
            "joinTime": "17:39:56 || 2025-01-09"
        },
        {
            "id": "61556404717546",
            "count": 0,
            "ttgn": "17:39:56 || thứ năm",
            "joinTime": "17:39:56 || 2025-01-09"
        },
        {
            "id": "100079103336333",
            "count": 0,
            "ttgn": "17:39:56 || thứ năm",
            "joinTime": "17:39:56 || 2025-01-09"
        },
        {
            "id": "61566510629261",
            "count": 0,
            "ttgn": "17:39:56 || thứ năm",
            "joinTime": "17:39:56 || 2025-01-09"
        },
        {
            "id": "61560474087657",
            "count": 0,
            "ttgn": "17:39:56 || thứ năm",
            "joinTime": "17:39:56 || 2025-01-09"
        },
        {
            "id": "100094496538026",
            "count": 0,
            "ttgn": "17:39:56 || thứ năm",
            "joinTime": "17:39:56 || 2025-01-09"
        },
        {
            "id": "100086356240093",
            "count": 0,
            "ttgn": "17:39:56 || thứ năm",
            "joinTime": "17:39:56 || 2025-01-09"
        },
        {
            "id": "100092724845354",
            "count": 0,
            "ttgn": "17:39:56 || thứ năm",
            "joinTime": "17:39:56 || 2025-01-09"
        },
        {
            "id": "61551561426755",
            "count": 0,
            "ttgn": "17:39:56 || thứ năm",
            "joinTime": "17:39:56 || 2025-01-09"
        },
        {
            "id": "100089369599667",
            "count": 0,
            "ttgn": "17:39:56 || thứ năm",
            "joinTime": "17:39:56 || 2025-01-09"
        },
        {
            "id": "61563289646870",
            "count": 0,
            "ttgn": "17:39:56 || thứ năm",
            "joinTime": "17:39:56 || 2025-01-09"
        },
        {
            "id": "61551831639676",
            "count": 0,
            "ttgn": "17:39:56 || thứ năm",
            "joinTime": "17:39:56 || 2025-01-09"
        },
        {
            "id": "1025645703",
            "count": 0,
            "ttgn": "17:39:56 || thứ năm",
            "joinTime": "17:39:56 || 2025-01-09"
        },
        {
            "id": "61557327832994",
            "count": 0,
            "ttgn": "17:39:56 || thứ năm",
            "joinTime": "17:39:56 || 2025-01-09"
        },
        {
            "id": "61563450317235",
            "count": 0,
            "ttgn": "17:39:56 || thứ năm",
            "joinTime": "17:39:56 || 2025-01-09"
        },
        {
            "id": "100090152340936",
            "count": 2,
            "ttgn": "17:49:44 || thứ năm",
            "joinTime": "17:39:56 || 2025-01-09"
        },
        {
            "id": "100065092027821",
            "count": 0,
            "ttgn": "17:39:56 || thứ năm",
            "joinTime": "17:39:56 || 2025-01-09"
        },
        {
            "id": "61552637373786",
            "count": 0,
            "ttgn": "17:39:56 || thứ năm",
            "joinTime": "17:39:56 || 2025-01-09"
        },
        {
            "id": "100041056052595",
            "count": 0,
            "ttgn": "17:39:56 || thứ năm",
            "joinTime": "17:39:56 || 2025-01-09"
        },
        {
            "id": "100028515336392",
            "count": 0,
            "ttgn": "17:39:56 || thứ năm",
            "joinTime": "17:39:56 || 2025-01-09"
        },
        {
            "id": "61554782395468",
            "count": 0,
            "ttgn": "17:39:56 || thứ năm",
            "joinTime": "17:39:56 || 2025-01-09"
        },
        {
            "id": "100085270698240",
            "count": 21,
            "ttgn": "17:47:42 || thứ năm",
            "joinTime": "17:39:56 || 2025-01-09"
        },
        {
            "id": "100076857776878",
            "count": 0,
            "ttgn": "17:39:56 || thứ năm",
            "joinTime": "17:39:56 || 2025-01-09"
        }
    ],
    "day": [
        {
            "id": "100032936295300",
            "count": 0,
            "ttgn": "17:39:56 || thứ năm",
            "joinTime": "17:39:56 || 2025-01-09"
        },
        {
            "id": "100056373090093",
            "count": 0,
            "ttgn": "17:39:56 || thứ năm",
            "joinTime": "17:39:56 || 2025-01-09"
        },
        {
            "id": "61551589212425",
            "count": 30,
            "ttgn": "17:53:25 || thứ năm",
            "joinTime": "17:39:56 || 2025-01-09"
        },
        {
            "id": "61555075205755",
            "count": 12,
            "ttgn": "17:45:14 || thứ năm",
            "joinTime": "17:39:56 || 2025-01-09"
        },
        {
            "id": "100079051539987",
            "count": 0,
            "ttgn": "17:39:56 || thứ năm",
            "joinTime": "17:39:56 || 2025-01-09"
        },
        {
            "id": "100070145408041",
            "count": 0,
            "ttgn": "17:39:56 || thứ năm",
            "joinTime": "17:39:56 || 2025-01-09"
        },
        {
            "id": "100027109366579",
            "count": 0,
            "ttgn": "17:39:56 || thứ năm",
            "joinTime": "17:39:56 || 2025-01-09"
        },
        {
            "id": "100029229700821",
            "count": 0,
            "ttgn": "17:39:56 || thứ năm",
            "joinTime": "17:39:56 || 2025-01-09"
        },
        {
            "id": "61558739766125",
            "count": 0,
            "ttgn": "17:39:56 || thứ năm",
            "joinTime": "17:39:56 || 2025-01-09"
        },
        {
            "id": "100076520483644",
            "count": 0,
            "ttgn": "17:39:56 || thứ năm",
            "joinTime": "17:39:56 || 2025-01-09"
        },
        {
            "id": "100080549200724",
            "count": 0,
            "ttgn": "17:39:56 || thứ năm",
            "joinTime": "17:39:56 || 2025-01-09"
        },
        {
            "id": "1429451704",
            "count": 0,
            "ttgn": "17:39:56 || thứ năm",
            "joinTime": "17:39:56 || 2025-01-09"
        },
        {
            "id": "100023057708281",
            "count": 0,
            "ttgn": "17:39:56 || thứ năm",
            "joinTime": "17:39:56 || 2025-01-09"
        },
        {
            "id": "100091479482863",
            "count": 0,
            "ttgn": "17:39:56 || thứ năm",
            "joinTime": "17:39:56 || 2025-01-09"
        },
        {
            "id": "61556790320749",
            "count": 0,
            "ttgn": "17:39:56 || thứ năm",
            "joinTime": "17:39:56 || 2025-01-09"
        },
        {
            "id": "1006428991",
            "count": 1,
            "ttgn": "17:47:43 || thứ năm",
            "joinTime": "17:39:56 || 2025-01-09"
        },
        {
            "id": "61569815995227",
            "count": 0,
            "ttgn": "17:39:56 || thứ năm",
            "joinTime": "17:39:56 || 2025-01-09"
        },
        {
            "id": "100053297024835",
            "count": 1,
            "ttgn": "17:49:48 || thứ năm",
            "joinTime": "17:39:56 || 2025-01-09"
        },
        {
            "id": "61559594590580",
            "count": 0,
            "ttgn": "17:39:56 || thứ năm",
            "joinTime": "17:39:56 || 2025-01-09"
        },
        {
            "id": "61570437484335",
            "count": 0,
            "ttgn": "17:39:56 || thứ năm",
            "joinTime": "17:39:56 || 2025-01-09"
        },
        {
            "id": "100092490690233",
            "count": 0,
            "ttgn": "17:39:56 || thứ năm",
            "joinTime": "17:39:56 || 2025-01-09"
        },
        {
            "id": "100065021362002",
            "count": 0,
            "ttgn": "17:39:56 || thứ năm",
            "joinTime": "17:39:56 || 2025-01-09"
        },
        {
            "id": "100013492273245",
            "count": 0,
            "ttgn": "17:39:56 || thứ năm",
            "joinTime": "17:39:56 || 2025-01-09"
        },
        {
            "id": "61555359461851",
            "count": 0,
            "ttgn": "17:39:56 || thứ năm",
            "joinTime": "17:39:56 || 2025-01-09"
        },
        {
            "id": "100077127771802",
            "count": 0,
            "ttgn": "17:39:56 || thứ năm",
            "joinTime": "17:39:56 || 2025-01-09"
        },
        {
            "id": "61567738442792",
            "count": 0,
            "ttgn": "17:39:56 || thứ năm",
            "joinTime": "17:39:56 || 2025-01-09"
        },
        {
            "id": "100067352894991",
            "count": 0,
            "ttgn": "17:39:56 || thứ năm",
            "joinTime": "17:39:56 || 2025-01-09"
        },
        {
            "id": "61561859753432",
            "count": 16,
            "ttgn": "17:53:13 || thứ năm",
            "joinTime": "17:39:56 || 2025-01-09"
        },
        {
            "id": "100088773424024",
            "count": 0,
            "ttgn": "17:39:56 || thứ năm",
            "joinTime": "17:39:56 || 2025-01-09"
        },
        {
            "id": "100093537824053",
            "count": 1,
            "ttgn": "17:44:38 || thứ năm",
            "joinTime": "17:39:56 || 2025-01-09"
        },
        {
            "id": "100047173365712",
            "count": 0,
            "ttgn": "17:39:56 || thứ năm",
            "joinTime": "17:39:56 || 2025-01-09"
        },
        {
            "id": "100089258591742",
            "count": 0,
            "ttgn": "17:39:56 || thứ năm",
            "joinTime": "17:39:56 || 2025-01-09"
        },
        {
            "id": "100085607483096",
            "count": 0,
            "ttgn": "17:39:56 || thứ năm",
            "joinTime": "17:39:56 || 2025-01-09"
        },
        {
            "id": "100041436674329",
            "count": 0,
            "ttgn": "17:39:56 || thứ năm",
            "joinTime": "17:39:56 || 2025-01-09"
        },
        {
            "id": "100080645827657",
            "count": 0,
            "ttgn": "17:39:56 || thứ năm",
            "joinTime": "17:39:56 || 2025-01-09"
        },
        {
            "id": "100092513839449",
            "count": 0,
            "ttgn": "17:39:56 || thứ năm",
            "joinTime": "17:39:56 || 2025-01-09"
        },
        {
            "id": "100074180262762",
            "count": 0,
            "ttgn": "17:39:56 || thứ năm",
            "joinTime": "17:39:56 || 2025-01-09"
        },
        {
            "id": "100089778446304",
            "count": 0,
            "ttgn": "17:39:56 || thứ năm",
            "joinTime": "17:39:56 || 2025-01-09"
        },
        {
            "id": "100094184480284",
            "count": 0,
            "ttgn": "17:39:56 || thứ năm",
            "joinTime": "17:39:56 || 2025-01-09"
        },
        {
            "id": "100091590492378",
            "count": 0,
            "ttgn": "17:39:56 || thứ năm",
            "joinTime": "17:39:56 || 2025-01-09"
        },
        {
            "id": "61565877030733",
            "count": 0,
            "ttgn": "17:39:56 || thứ năm",
            "joinTime": "17:39:56 || 2025-01-09"
        },
        {
            "id": "100092758613405",
            "count": 2,
            "ttgn": "17:50:08 || thứ năm",
            "joinTime": "17:39:56 || 2025-01-09"
        },
        {
            "id": "100094678129275",
            "count": 0,
            "ttgn": "17:39:56 || thứ năm",
            "joinTime": "17:39:56 || 2025-01-09"
        },
        {
            "id": "61570109120054",
            "count": 0,
            "ttgn": "17:39:56 || thứ năm",
            "joinTime": "17:39:56 || 2025-01-09"
        },
        {
            "id": "100074129431050",
            "count": 0,
            "ttgn": "17:39:56 || thứ năm",
            "joinTime": "17:39:56 || 2025-01-09"
        },
        {
            "id": "100029463918923",
            "count": 0,
            "ttgn": "17:39:56 || thứ năm",
            "joinTime": "17:39:56 || 2025-01-09"
        },
        {
            "id": "61561247433411",
            "count": 0,
            "ttgn": "17:39:56 || thứ năm",
            "joinTime": "17:39:56 || 2025-01-09"
        },
        {
            "id": "100074027646095",
            "count": 0,
            "ttgn": "17:39:56 || thứ năm",
            "joinTime": "17:39:56 || 2025-01-09"
        },
        {
            "id": "61556404717546",
            "count": 0,
            "ttgn": "17:39:56 || thứ năm",
            "joinTime": "17:39:56 || 2025-01-09"
        },
        {
            "id": "100079103336333",
            "count": 0,
            "ttgn": "17:39:56 || thứ năm",
            "joinTime": "17:39:56 || 2025-01-09"
        },
        {
            "id": "61566510629261",
            "count": 0,
            "ttgn": "17:39:56 || thứ năm",
            "joinTime": "17:39:56 || 2025-01-09"
        },
        {
            "id": "61560474087657",
            "count": 0,
            "ttgn": "17:39:56 || thứ năm",
            "joinTime": "17:39:56 || 2025-01-09"
        },
        {
            "id": "100094496538026",
            "count": 0,
            "ttgn": "17:39:56 || thứ năm",
            "joinTime": "17:39:56 || 2025-01-09"
        },
        {
            "id": "100086356240093",
            "count": 0,
            "ttgn": "17:39:56 || thứ năm",
            "joinTime": "17:39:56 || 2025-01-09"
        },
        {
            "id": "100092724845354",
            "count": 0,
            "ttgn": "17:39:56 || thứ năm",
            "joinTime": "17:39:56 || 2025-01-09"
        },
        {
            "id": "61551561426755",
            "count": 0,
            "ttgn": "17:39:56 || thứ năm",
            "joinTime": "17:39:56 || 2025-01-09"
        },
        {
            "id": "100089369599667",
            "count": 0,
            "ttgn": "17:39:56 || thứ năm",
            "joinTime": "17:39:56 || 2025-01-09"
        },
        {
            "id": "61563289646870",
            "count": 0,
            "ttgn": "17:39:56 || thứ năm",
            "joinTime": "17:39:56 || 2025-01-09"
        },
        {
            "id": "61551831639676",
            "count": 0,
            "ttgn": "17:39:56 || thứ năm",
            "joinTime": "17:39:56 || 2025-01-09"
        },
        {
            "id": "1025645703",
            "count": 0,
            "ttgn": "17:39:56 || thứ năm",
            "joinTime": "17:39:56 || 2025-01-09"
        },
        {
            "id": "61557327832994",
            "count": 0,
            "ttgn": "17:39:56 || thứ năm",
            "joinTime": "17:39:56 || 2025-01-09"
        },
        {
            "id": "61563450317235",
            "count": 0,
            "ttgn": "17:39:56 || thứ năm",
            "joinTime": "17:39:56 || 2025-01-09"
        },
        {
            "id": "100090152340936",
            "count": 2,
            "ttgn": "17:49:44 || thứ năm",
            "joinTime": "17:39:56 || 2025-01-09"
        },
        {
            "id": "100065092027821",
            "count": 0,
            "ttgn": "17:39:56 || thứ năm",
            "joinTime": "17:39:56 || 2025-01-09"
        },
        {
            "id": "61552637373786",
            "count": 0,
            "ttgn": "17:39:56 || thứ năm",
            "joinTime": "17:39:56 || 2025-01-09"
        },
        {
            "id": "100041056052595",
            "count": 0,
            "ttgn": "17:39:56 || thứ năm",
            "joinTime": "17:39:56 || 2025-01-09"
        },
        {
            "id": "100028515336392",
            "count": 0,
            "ttgn": "17:39:56 || thứ năm",
            "joinTime": "17:39:56 || 2025-01-09"
        },
        {
            "id": "61554782395468",
            "count": 0,
            "ttgn": "17:39:56 || thứ năm",
            "joinTime": "17:39:56 || 2025-01-09"
        },
        {
            "id": "100085270698240",
            "count": 21,
            "ttgn": "17:47:42 || thứ năm",
            "joinTime": "17:39:56 || 2025-01-09"
        },
        {
            "id": "100076857776878",
            "count": 0,
            "ttgn": "17:39:56 || thứ năm",
            "joinTime": "17:39:56 || 2025-01-09"
        }
    ]
}