{
    "Time": "11:16:19 || 2024-11-24",
    "total": [
        {
            "id": "509484270",
            "count": 694,
            "ttgn": "16:30:41 || chủ nhật",
            "joinTime": "11:16:19 || 2024-11-24"
        },
        {
            "id": "100067508386723",
            "count": 213,
            "ttgn": "21:34:39 || thứ sáu",
            "joinTime": "11:16:19 || 2024-11-24"
        },
        {
            "id": "100078930363394",
            "count": 357,
            "ttgn": "16:34:24 || chủ nhật",
            "joinTime": "11:16:19 || 2024-11-24"
        },
        {
            "id": "100035421814099",
            "count": 21,
            "ttgn": "16:35:34 || chủ nhật",
            "joinTime": "11:26:40 || 2024-11-24"
        },
        {
            "id": "100079577807941",
            "count": 68,
            "ttgn": "13:11:26 || chủ nhật",
            "joinTime": "12:44:44 || 2024-11-24"
        },
        {
            "id": "1074491699",
            "count": 7,
            "ttgn": "20:58:03 || thứ ba",
            "joinTime": "12:50:51 || 2024-11-24"
        },
        {
            "id": "100029904845642",
            "count": 244,
            "ttgn": "22:16:17 || thứ năm",
            "joinTime": "15:58:08 || 2024-11-24"
        },
        {
            "id": "100056577415429",
            "count": 0,
            "ttgn": "22:35:17 || thứ hai",
            "joinTime": "22:35:17 || 2024-11-25"
        },
        {
            "id": "100093102425928",
            "count": 7,
            "ttgn": "00:56:32 || chủ nhật",
            "joinTime": "21:26:04 || 2025-01-10"
        },
        {
            "id": "61571716324164",
            "count": 3,
            "ttgn": "23:49:43 || thứ sáu",
            "joinTime": "23:49:43 || 2025-01-10"
        },
        {
            "id": "61554107373295",
            "count": 0,
            "ttgn": "20:02:23 || thứ ba",
            "joinTime": "20:02:23 || 2025-01-14"
        },
        {
            "id": "1429451704",
            "count": 80,
            "ttgn": "16:35:04 || chủ nhật",
            "joinTime": "20:02:23 || 2025-01-14"
        },
        {
            "id": "100077881984871",
            "count": 0,
            "ttgn": "20:02:23 || thứ ba",
            "joinTime": "20:02:23 || 2025-01-14"
        },
        {
            "id": "61559815301855",
            "count": 0,
            "ttgn": "00:28:45 || chủ nhật",
            "joinTime": "00:28:45 || 2025-01-19"
        }
    ],
    "week": [
        {
            "id": "509484270",
            "count": 694,
            "ttgn": "16:30:41 || chủ nhật",
            "joinTime": "11:16:19 || 2024-11-24"
        },
        {
            "id": "100067508386723",
            "count": 213,
            "ttgn": "21:34:39 || thứ sáu",
            "joinTime": "11:16:19 || 2024-11-24"
        },
        {
            "id": "100078930363394",
            "count": 357,
            "ttgn": "16:34:24 || chủ nhật",
            "joinTime": "11:16:19 || 2024-11-24"
        },
        {
            "id": "100035421814099",
            "count": 21,
            "ttgn": "16:35:34 || chủ nhật",
            "joinTime": "11:26:40 || 2024-11-24"
        },
        {
            "id": "100079577807941",
            "count": 68,
            "ttgn": "13:11:26 || chủ nhật",
            "joinTime": "12:44:44 || 2024-11-24"
        },
        {
            "id": "1074491699",
            "count": 7,
            "ttgn": "20:58:03 || thứ ba",
            "joinTime": "12:50:51 || 2024-11-24"
        },
        {
            "id": "100029904845642",
            "count": 244,
            "ttgn": "22:16:17 || thứ năm",
            "joinTime": "15:58:08 || 2024-11-24"
        },
        {
            "id": "100056577415429",
            "count": 0,
            "ttgn": "22:35:17 || thứ hai",
            "joinTime": "22:35:17 || 2024-11-25"
        },
        {
            "id": "100093102425928",
            "count": 7,
            "ttgn": "00:56:32 || chủ nhật",
            "joinTime": "21:26:04 || 2025-01-10"
        },
        {
            "id": "61571716324164",
            "count": 3,
            "ttgn": "23:49:43 || thứ sáu",
            "joinTime": "23:49:43 || 2025-01-10"
        },
        {
            "id": "61554107373295",
            "count": 0,
            "ttgn": "20:02:23 || thứ ba",
            "joinTime": "20:02:23 || 2025-01-14"
        },
        {
            "id": "1429451704",
            "count": 80,
            "ttgn": "16:35:04 || chủ nhật",
            "joinTime": "20:02:23 || 2025-01-14"
        },
        {
            "id": "100077881984871",
            "count": 0,
            "ttgn": "20:02:23 || thứ ba",
            "joinTime": "20:02:23 || 2025-01-14"
        },
        {
            "id": "61559815301855",
            "count": 0,
            "ttgn": "00:28:45 || chủ nhật",
            "joinTime": "00:28:45 || 2025-01-19"
        }
    ],
    "day": [
        {
            "id": "509484270",
            "count": 694,
            "ttgn": "16:30:41 || chủ nhật",
            "joinTime": "11:16:19 || 2024-11-24"
        },
        {
            "id": "100067508386723",
            "count": 213,
            "ttgn": "21:34:39 || thứ sáu",
            "joinTime": "11:16:19 || 2024-11-24"
        },
        {
            "id": "100078930363394",
            "count": 357,
            "ttgn": "16:34:24 || chủ nhật",
            "joinTime": "11:16:19 || 2024-11-24"
        },
        {
            "id": "100035421814099",
            "count": 21,
            "ttgn": "16:35:34 || chủ nhật",
            "joinTime": "11:26:40 || 2024-11-24"
        },
        {
            "id": "100079577807941",
            "count": 68,
            "ttgn": "13:11:26 || chủ nhật",
            "joinTime": "12:44:44 || 2024-11-24"
        },
        {
            "id": "1074491699",
            "count": 7,
            "ttgn": "20:58:03 || thứ ba",
            "joinTime": "12:50:51 || 2024-11-24"
        },
        {
            "id": "100029904845642",
            "count": 244,
            "ttgn": "22:16:17 || thứ năm",
            "joinTime": "15:58:08 || 2024-11-24"
        },
        {
            "id": "100056577415429",
            "count": 0,
            "ttgn": "22:35:17 || thứ hai",
            "joinTime": "22:35:17 || 2024-11-25"
        },
        {
            "id": "100093102425928",
            "count": 7,
            "ttgn": "00:56:32 || chủ nhật",
            "joinTime": "21:26:04 || 2025-01-10"
        },
        {
            "id": "61571716324164",
            "count": 3,
            "ttgn": "23:49:43 || thứ sáu",
            "joinTime": "23:49:43 || 2025-01-10"
        },
        {
            "id": "61554107373295",
            "count": 0,
            "ttgn": "20:02:23 || thứ ba",
            "joinTime": "20:02:23 || 2025-01-14"
        },
        {
            "id": "1429451704",
            "count": 80,
            "ttgn": "16:35:04 || chủ nhật",
            "joinTime": "20:02:23 || 2025-01-14"
        },
        {
            "id": "100077881984871",
            "count": 0,
            "ttgn": "20:02:23 || thứ ba",
            "joinTime": "20:02:23 || 2025-01-14"
        },
        {
            "id": "61559815301855",
            "count": 0,
            "ttgn": "00:28:45 || chủ nhật",
            "joinTime": "00:28:45 || 2025-01-19"
        }
    ]
}