{
    "Time": "17:39:52 || 2025-01-09",
    "total": [
        {
            "id": "100025459804969",
            "count": 0,
            "ttgn": "17:39:52 || thứ năm",
            "joinTime": "17:39:52 || 2025-01-09"
        },
        {
            "id": "100041633180083",
            "count": 0,
            "ttgn": "17:39:52 || thứ năm",
            "joinTime": "17:39:52 || 2025-01-09"
        },
        {
            "id": "100021097896937",
            "count": 53,
            "ttgn": "17:53:22 || thứ năm",
            "joinTime": "17:39:52 || 2025-01-09"
        },
        {
            "id": "100028885110521",
            "count": 0,
            "ttgn": "17:39:52 || thứ năm",
            "joinTime": "17:39:52 || 2025-01-09"
        },
        {
            "id": "100027409640413",
            "count": 0,
            "ttgn": "17:39:52 || thứ năm",
            "joinTime": "17:39:52 || 2025-01-09"
        },
        {
            "id": "61562182581586",
            "count": 0,
            "ttgn": "17:39:52 || thứ năm",
            "joinTime": "17:39:52 || 2025-01-09"
        },
        {
            "id": "100034905579363",
            "count": 0,
            "ttgn": "17:39:52 || thứ năm",
            "joinTime": "17:39:52 || 2025-01-09"
        },
        {
            "id": "61564844307864",
            "count": 0,
            "ttgn": "17:39:52 || thứ năm",
            "joinTime": "17:39:52 || 2025-01-09"
        },
        {
            "id": "61561136549164",
            "count": 0,
            "ttgn": "17:39:52 || thứ năm",
            "joinTime": "17:39:52 || 2025-01-09"
        },
        {
            "id": "61564328631873",
            "count": 0,
            "ttgn": "17:39:52 || thứ năm",
            "joinTime": "17:39:52 || 2025-01-09"
        },
        {
            "id": "100073362154621",
            "count": 0,
            "ttgn": "17:39:52 || thứ năm",
            "joinTime": "17:39:52 || 2025-01-09"
        },
        {
            "id": "61567221096880",
            "count": 0,
            "ttgn": "17:39:52 || thứ năm",
            "joinTime": "17:39:52 || 2025-01-09"
        },
        {
            "id": "100029680123068",
            "count": 0,
            "ttgn": "17:39:52 || thứ năm",
            "joinTime": "17:39:52 || 2025-01-09"
        },
        {
            "id": "100055971655437",
            "count": 0,
            "ttgn": "17:39:52 || thứ năm",
            "joinTime": "17:39:52 || 2025-01-09"
        },
        {
            "id": "100090479898605",
            "count": 0,
            "ttgn": "17:39:52 || thứ năm",
            "joinTime": "17:39:52 || 2025-01-09"
        },
        {
            "id": "100082512739688",
            "count": 0,
            "ttgn": "17:39:52 || thứ năm",
            "joinTime": "17:39:52 || 2025-01-09"
        },
        {
            "id": "100025697650899",
            "count": 0,
            "ttgn": "17:39:52 || thứ năm",
            "joinTime": "17:39:52 || 2025-01-09"
        },
        {
            "id": "100048852790662",
            "count": 0,
            "ttgn": "17:39:52 || thứ năm",
            "joinTime": "17:39:52 || 2025-01-09"
        },
        {
            "id": "100049834913547",
            "count": 0,
            "ttgn": "17:39:52 || thứ năm",
            "joinTime": "17:39:52 || 2025-01-09"
        },
        {
            "id": "100091260547930",
            "count": 0,
            "ttgn": "17:39:52 || thứ năm",
            "joinTime": "17:39:52 || 2025-01-09"
        },
        {
            "id": "100034472261220",
            "count": 0,
            "ttgn": "17:39:52 || thứ năm",
            "joinTime": "17:39:52 || 2025-01-09"
        },
        {
            "id": "100093293483146",
            "count": 0,
            "ttgn": "17:39:52 || thứ năm",
            "joinTime": "17:39:52 || 2025-01-09"
        },
        {
            "id": "100048700422090",
            "count": 1,
            "ttgn": "17:46:26 || thứ năm",
            "joinTime": "17:39:52 || 2025-01-09"
        },
        {
            "id": "100071164865459",
            "count": 0,
            "ttgn": "17:39:52 || thứ năm",
            "joinTime": "17:39:52 || 2025-01-09"
        },
        {
            "id": "100037598074558",
            "count": 0,
            "ttgn": "17:39:52 || thứ năm",
            "joinTime": "17:39:52 || 2025-01-09"
        },
        {
            "id": "100078251615799",
            "count": 0,
            "ttgn": "17:39:52 || thứ năm",
            "joinTime": "17:39:52 || 2025-01-09"
        },
        {
            "id": "100007085853751",
            "count": 4,
            "ttgn": "17:45:37 || thứ năm",
            "joinTime": "17:39:52 || 2025-01-09"
        },
        {
            "id": "61559751728267",
            "count": 0,
            "ttgn": "17:39:52 || thứ năm",
            "joinTime": "17:39:52 || 2025-01-09"
        },
        {
            "id": "100094003209592",
            "count": 0,
            "ttgn": "17:39:52 || thứ năm",
            "joinTime": "17:39:52 || 2025-01-09"
        },
        {
            "id": "100012938108456",
            "count": 0,
            "ttgn": "17:39:52 || thứ năm",
            "joinTime": "17:39:52 || 2025-01-09"
        },
        {
            "id": "100084935469099",
            "count": 0,
            "ttgn": "17:39:52 || thứ năm",
            "joinTime": "17:39:52 || 2025-01-09"
        },
        {
            "id": "100089492996763",
            "count": 0,
            "ttgn": "17:39:52 || thứ năm",
            "joinTime": "17:39:52 || 2025-01-09"
        },
        {
            "id": "100085177120298",
            "count": 0,
            "ttgn": "17:39:52 || thứ năm",
            "joinTime": "17:39:52 || 2025-01-09"
        },
        {
            "id": "100022453010377",
            "count": 0,
            "ttgn": "17:39:52 || thứ năm",
            "joinTime": "17:39:52 || 2025-01-09"
        },
        {
            "id": "100070816059434",
            "count": 0,
            "ttgn": "17:39:52 || thứ năm",
            "joinTime": "17:39:52 || 2025-01-09"
        },
        {
            "id": "100017345896901",
            "count": 0,
            "ttgn": "17:39:52 || thứ năm",
            "joinTime": "17:39:52 || 2025-01-09"
        },
        {
            "id": "61557927576846",
            "count": 0,
            "ttgn": "17:39:52 || thứ năm",
            "joinTime": "17:39:52 || 2025-01-09"
        },
        {
            "id": "100040854833579",
            "count": 0,
            "ttgn": "17:39:52 || thứ năm",
            "joinTime": "17:39:52 || 2025-01-09"
        },
        {
            "id": "100071943567162",
            "count": 0,
            "ttgn": "17:39:52 || thứ năm",
            "joinTime": "17:39:52 || 2025-01-09"
        },
        {
            "id": "100088550302855",
            "count": 0,
            "ttgn": "17:39:52 || thứ năm",
            "joinTime": "17:39:52 || 2025-01-09"
        },
        {
            "id": "100043567267261",
            "count": 0,
            "ttgn": "17:39:52 || thứ năm",
            "joinTime": "17:39:52 || 2025-01-09"
        },
        {
            "id": "100069464762705",
            "count": 18,
            "ttgn": "17:53:01 || thứ năm",
            "joinTime": "17:39:52 || 2025-01-09"
        },
        {
            "id": "100059180796969",
            "count": 0,
            "ttgn": "17:39:52 || thứ năm",
            "joinTime": "17:39:52 || 2025-01-09"
        },
        {
            "id": "100060763339088",
            "count": 0,
            "ttgn": "17:39:52 || thứ năm",
            "joinTime": "17:39:52 || 2025-01-09"
        },
        {
            "id": "100071599796069",
            "count": 0,
            "ttgn": "17:39:52 || thứ năm",
            "joinTime": "17:39:52 || 2025-01-09"
        },
        {
            "id": "100034434431821",
            "count": 0,
            "ttgn": "17:39:52 || thứ năm",
            "joinTime": "17:39:52 || 2025-01-09"
        },
        {
            "id": "100045197917623",
            "count": 0,
            "ttgn": "17:39:52 || thứ năm",
            "joinTime": "17:39:52 || 2025-01-09"
        },
        {
            "id": "100026511240511",
            "count": 0,
            "ttgn": "17:39:52 || thứ năm",
            "joinTime": "17:39:52 || 2025-01-09"
        },
        {
            "id": "1006428991",
            "count": 1,
            "ttgn": "17:44:16 || thứ năm",
            "joinTime": "17:39:52 || 2025-01-09"
        },
        {
            "id": "61566393601413",
            "count": 0,
            "ttgn": "17:39:52 || thứ năm",
            "joinTime": "17:39:52 || 2025-01-09"
        },
        {
            "id": "100000269186115",
            "count": 0,
            "ttgn": "17:39:52 || thứ năm",
            "joinTime": "17:39:52 || 2025-01-09"
        },
        {
            "id": "100014666828799",
            "count": 0,
            "ttgn": "17:39:52 || thứ năm",
            "joinTime": "17:39:52 || 2025-01-09"
        },
        {
            "id": "100012464503666",
            "count": 0,
            "ttgn": "17:39:52 || thứ năm",
            "joinTime": "17:39:52 || 2025-01-09"
        },
        {
            "id": "100090018468391",
            "count": 0,
            "ttgn": "17:39:52 || thứ năm",
            "joinTime": "17:39:52 || 2025-01-09"
        },
        {
            "id": "61550919040598",
            "count": 3,
            "ttgn": "17:43:13 || thứ năm",
            "joinTime": "17:39:52 || 2025-01-09"
        },
        {
            "id": "61563821760193",
            "count": 0,
            "ttgn": "17:39:52 || thứ năm",
            "joinTime": "17:39:52 || 2025-01-09"
        },
        {
            "id": "100051898637435",
            "count": 0,
            "ttgn": "17:39:52 || thứ năm",
            "joinTime": "17:39:52 || 2025-01-09"
        },
        {
            "id": "100079037948952",
            "count": 0,
            "ttgn": "17:39:52 || thứ năm",
            "joinTime": "17:39:52 || 2025-01-09"
        },
        {
            "id": "100064786774796",
            "count": 4,
            "ttgn": "17:52:03 || thứ năm",
            "joinTime": "17:39:52 || 2025-01-09"
        },
        {
            "id": "100044531117246",
            "count": 0,
            "ttgn": "17:39:52 || thứ năm",
            "joinTime": "17:39:52 || 2025-01-09"
        },
        {
            "id": "100090254186812",
            "count": 0,
            "ttgn": "17:39:52 || thứ năm",
            "joinTime": "17:39:52 || 2025-01-09"
        },
        {
            "id": "100015436266764",
            "count": 0,
            "ttgn": "17:39:52 || thứ năm",
            "joinTime": "17:39:52 || 2025-01-09"
        },
        {
            "id": "100041108470853",
            "count": 0,
            "ttgn": "17:39:52 || thứ năm",
            "joinTime": "17:39:52 || 2025-01-09"
        },
        {
            "id": "100028515336392",
            "count": 0,
            "ttgn": "17:39:52 || thứ năm",
            "joinTime": "17:39:52 || 2025-01-09"
        },
        {
            "id": "100065173483705",
            "count": 0,
            "ttgn": "17:39:52 || thứ năm",
            "joinTime": "17:39:52 || 2025-01-09"
        },
        {
            "id": "61551426542986",
            "count": 0,
            "ttgn": "17:39:52 || thứ năm",
            "joinTime": "17:39:52 || 2025-01-09"
        },
        {
            "id": "100071145906908",
            "count": 0,
            "ttgn": "17:39:52 || thứ năm",
            "joinTime": "17:39:52 || 2025-01-09"
        },
        {
            "id": "100085817453428",
            "count": 0,
            "ttgn": "17:39:52 || thứ năm",
            "joinTime": "17:39:52 || 2025-01-09"
        },
        {
            "id": "100016455907418",
            "count": 0,
            "ttgn": "17:39:52 || thứ năm",
            "joinTime": "17:39:52 || 2025-01-09"
        },
        {
            "id": "100015965051774",
            "count": 6,
            "ttgn": "17:41:57 || thứ năm",
            "joinTime": "17:39:52 || 2025-01-09"
        },
        {
            "id": "100064156543285",
            "count": 0,
            "ttgn": "17:39:52 || thứ năm",
            "joinTime": "17:39:52 || 2025-01-09"
        },
        {
            "id": "100040141668536",
            "count": 0,
            "ttgn": "17:39:52 || thứ năm",
            "joinTime": "17:39:52 || 2025-01-09"
        },
        {
            "id": "61570562739409",
            "count": 0,
            "ttgn": "17:39:52 || thứ năm",
            "joinTime": "17:39:52 || 2025-01-09"
        },
        {
            "id": "100053514497121",
            "count": 0,
            "ttgn": "17:39:52 || thứ năm",
            "joinTime": "17:39:52 || 2025-01-09"
        },
        {
            "id": "100086900012802",
            "count": 1,
            "ttgn": "17:46:20 || thứ năm",
            "joinTime": "17:39:52 || 2025-01-09"
        },
        {
            "id": "100047493336393",
            "count": 0,
            "ttgn": "17:39:52 || thứ năm",
            "joinTime": "17:39:52 || 2025-01-09"
        },
        {
            "id": "61553950619085",
            "count": 0,
            "ttgn": "17:39:52 || thứ năm",
            "joinTime": "17:39:52 || 2025-01-09"
        },
        {
            "id": "100072525434529",
            "count": 0,
            "ttgn": "17:39:52 || thứ năm",
            "joinTime": "17:39:52 || 2025-01-09"
        },
        {
            "id": "100038659571688",
            "count": 0,
            "ttgn": "17:39:52 || thứ năm",
            "joinTime": "17:39:52 || 2025-01-09"
        },
        {
            "id": "100086981053212",
            "count": 0,
            "ttgn": "17:39:52 || thứ năm",
            "joinTime": "17:39:52 || 2025-01-09"
        },
        {
            "id": "61551811331345",
            "count": 0,
            "ttgn": "17:39:52 || thứ năm",
            "joinTime": "17:39:52 || 2025-01-09"
        },
        {
            "id": "100071914834670",
            "count": 0,
            "ttgn": "17:39:52 || thứ năm",
            "joinTime": "17:39:52 || 2025-01-09"
        },
        {
            "id": "100017296818825",
            "count": 0,
            "ttgn": "17:39:52 || thứ năm",
            "joinTime": "17:39:52 || 2025-01-09"
        },
        {
            "id": "100085270698240",
            "count": 1,
            "ttgn": "17:44:15 || thứ năm",
            "joinTime": "17:39:52 || 2025-01-09"
        },
        {
            "id": "100040138331425",
            "count": 0,
            "ttgn": "17:39:52 || thứ năm",
            "joinTime": "17:39:52 || 2025-01-09"
        },
        {
            "id": "61550317295261",
            "count": 0,
            "ttgn": "17:39:52 || thứ năm",
            "joinTime": "17:39:52 || 2025-01-09"
        },
        {
            "id": "100091279064424",
            "count": 8,
            "ttgn": "17:45:10 || thứ năm",
            "joinTime": "17:39:52 || 2025-01-09"
        },
        {
            "id": "100061577628519",
            "count": 0,
            "ttgn": "17:39:52 || thứ năm",
            "joinTime": "17:39:52 || 2025-01-09"
        },
        {
            "id": "100082588539457",
            "count": 0,
            "ttgn": "17:39:52 || thứ năm",
            "joinTime": "17:39:52 || 2025-01-09"
        }
    ],
    "week": [
        {
            "id": "100025459804969",
            "count": 0,
            "ttgn": "17:39:52 || thứ năm",
            "joinTime": "17:39:52 || 2025-01-09"
        },
        {
            "id": "100041633180083",
            "count": 0,
            "ttgn": "17:39:52 || thứ năm",
            "joinTime": "17:39:52 || 2025-01-09"
        },
        {
            "id": "100021097896937",
            "count": 53,
            "ttgn": "17:53:22 || thứ năm",
            "joinTime": "17:39:52 || 2025-01-09"
        },
        {
            "id": "100028885110521",
            "count": 0,
            "ttgn": "17:39:52 || thứ năm",
            "joinTime": "17:39:52 || 2025-01-09"
        },
        {
            "id": "100027409640413",
            "count": 0,
            "ttgn": "17:39:52 || thứ năm",
            "joinTime": "17:39:52 || 2025-01-09"
        },
        {
            "id": "61562182581586",
            "count": 0,
            "ttgn": "17:39:52 || thứ năm",
            "joinTime": "17:39:52 || 2025-01-09"
        },
        {
            "id": "100034905579363",
            "count": 0,
            "ttgn": "17:39:52 || thứ năm",
            "joinTime": "17:39:52 || 2025-01-09"
        },
        {
            "id": "61564844307864",
            "count": 0,
            "ttgn": "17:39:52 || thứ năm",
            "joinTime": "17:39:52 || 2025-01-09"
        },
        {
            "id": "61561136549164",
            "count": 0,
            "ttgn": "17:39:52 || thứ năm",
            "joinTime": "17:39:52 || 2025-01-09"
        },
        {
            "id": "61564328631873",
            "count": 0,
            "ttgn": "17:39:52 || thứ năm",
            "joinTime": "17:39:52 || 2025-01-09"
        },
        {
            "id": "100073362154621",
            "count": 0,
            "ttgn": "17:39:52 || thứ năm",
            "joinTime": "17:39:52 || 2025-01-09"
        },
        {
            "id": "61567221096880",
            "count": 0,
            "ttgn": "17:39:52 || thứ năm",
            "joinTime": "17:39:52 || 2025-01-09"
        },
        {
            "id": "100029680123068",
            "count": 0,
            "ttgn": "17:39:52 || thứ năm",
            "joinTime": "17:39:52 || 2025-01-09"
        },
        {
            "id": "100055971655437",
            "count": 0,
            "ttgn": "17:39:52 || thứ năm",
            "joinTime": "17:39:52 || 2025-01-09"
        },
        {
            "id": "100090479898605",
            "count": 0,
            "ttgn": "17:39:52 || thứ năm",
            "joinTime": "17:39:52 || 2025-01-09"
        },
        {
            "id": "100082512739688",
            "count": 0,
            "ttgn": "17:39:52 || thứ năm",
            "joinTime": "17:39:52 || 2025-01-09"
        },
        {
            "id": "100025697650899",
            "count": 0,
            "ttgn": "17:39:52 || thứ năm",
            "joinTime": "17:39:52 || 2025-01-09"
        },
        {
            "id": "100048852790662",
            "count": 0,
            "ttgn": "17:39:52 || thứ năm",
            "joinTime": "17:39:52 || 2025-01-09"
        },
        {
            "id": "100049834913547",
            "count": 0,
            "ttgn": "17:39:52 || thứ năm",
            "joinTime": "17:39:52 || 2025-01-09"
        },
        {
            "id": "100091260547930",
            "count": 0,
            "ttgn": "17:39:52 || thứ năm",
            "joinTime": "17:39:52 || 2025-01-09"
        },
        {
            "id": "100034472261220",
            "count": 0,
            "ttgn": "17:39:52 || thứ năm",
            "joinTime": "17:39:52 || 2025-01-09"
        },
        {
            "id": "100093293483146",
            "count": 0,
            "ttgn": "17:39:52 || thứ năm",
            "joinTime": "17:39:52 || 2025-01-09"
        },
        {
            "id": "100048700422090",
            "count": 1,
            "ttgn": "17:46:26 || thứ năm",
            "joinTime": "17:39:52 || 2025-01-09"
        },
        {
            "id": "100071164865459",
            "count": 0,
            "ttgn": "17:39:52 || thứ năm",
            "joinTime": "17:39:52 || 2025-01-09"
        },
        {
            "id": "100037598074558",
            "count": 0,
            "ttgn": "17:39:52 || thứ năm",
            "joinTime": "17:39:52 || 2025-01-09"
        },
        {
            "id": "100078251615799",
            "count": 0,
            "ttgn": "17:39:52 || thứ năm",
            "joinTime": "17:39:52 || 2025-01-09"
        },
        {
            "id": "100007085853751",
            "count": 4,
            "ttgn": "17:45:37 || thứ năm",
            "joinTime": "17:39:52 || 2025-01-09"
        },
        {
            "id": "61559751728267",
            "count": 0,
            "ttgn": "17:39:52 || thứ năm",
            "joinTime": "17:39:52 || 2025-01-09"
        },
        {
            "id": "100094003209592",
            "count": 0,
            "ttgn": "17:39:52 || thứ năm",
            "joinTime": "17:39:52 || 2025-01-09"
        },
        {
            "id": "100012938108456",
            "count": 0,
            "ttgn": "17:39:52 || thứ năm",
            "joinTime": "17:39:52 || 2025-01-09"
        },
        {
            "id": "100084935469099",
            "count": 0,
            "ttgn": "17:39:52 || thứ năm",
            "joinTime": "17:39:52 || 2025-01-09"
        },
        {
            "id": "100089492996763",
            "count": 0,
            "ttgn": "17:39:52 || thứ năm",
            "joinTime": "17:39:52 || 2025-01-09"
        },
        {
            "id": "100085177120298",
            "count": 0,
            "ttgn": "17:39:52 || thứ năm",
            "joinTime": "17:39:52 || 2025-01-09"
        },
        {
            "id": "100022453010377",
            "count": 0,
            "ttgn": "17:39:52 || thứ năm",
            "joinTime": "17:39:52 || 2025-01-09"
        },
        {
            "id": "100070816059434",
            "count": 0,
            "ttgn": "17:39:52 || thứ năm",
            "joinTime": "17:39:52 || 2025-01-09"
        },
        {
            "id": "100017345896901",
            "count": 0,
            "ttgn": "17:39:52 || thứ năm",
            "joinTime": "17:39:52 || 2025-01-09"
        },
        {
            "id": "61557927576846",
            "count": 0,
            "ttgn": "17:39:52 || thứ năm",
            "joinTime": "17:39:52 || 2025-01-09"
        },
        {
            "id": "100040854833579",
            "count": 0,
            "ttgn": "17:39:52 || thứ năm",
            "joinTime": "17:39:52 || 2025-01-09"
        },
        {
            "id": "100071943567162",
            "count": 0,
            "ttgn": "17:39:52 || thứ năm",
            "joinTime": "17:39:52 || 2025-01-09"
        },
        {
            "id": "100088550302855",
            "count": 0,
            "ttgn": "17:39:52 || thứ năm",
            "joinTime": "17:39:52 || 2025-01-09"
        },
        {
            "id": "100043567267261",
            "count": 0,
            "ttgn": "17:39:52 || thứ năm",
            "joinTime": "17:39:52 || 2025-01-09"
        },
        {
            "id": "100069464762705",
            "count": 18,
            "ttgn": "17:53:01 || thứ năm",
            "joinTime": "17:39:52 || 2025-01-09"
        },
        {
            "id": "100059180796969",
            "count": 0,
            "ttgn": "17:39:52 || thứ năm",
            "joinTime": "17:39:52 || 2025-01-09"
        },
        {
            "id": "100060763339088",
            "count": 0,
            "ttgn": "17:39:52 || thứ năm",
            "joinTime": "17:39:52 || 2025-01-09"
        },
        {
            "id": "100071599796069",
            "count": 0,
            "ttgn": "17:39:52 || thứ năm",
            "joinTime": "17:39:52 || 2025-01-09"
        },
        {
            "id": "100034434431821",
            "count": 0,
            "ttgn": "17:39:52 || thứ năm",
            "joinTime": "17:39:52 || 2025-01-09"
        },
        {
            "id": "100045197917623",
            "count": 0,
            "ttgn": "17:39:52 || thứ năm",
            "joinTime": "17:39:52 || 2025-01-09"
        },
        {
            "id": "100026511240511",
            "count": 0,
            "ttgn": "17:39:52 || thứ năm",
            "joinTime": "17:39:52 || 2025-01-09"
        },
        {
            "id": "1006428991",
            "count": 1,
            "ttgn": "17:44:16 || thứ năm",
            "joinTime": "17:39:52 || 2025-01-09"
        },
        {
            "id": "61566393601413",
            "count": 0,
            "ttgn": "17:39:52 || thứ năm",
            "joinTime": "17:39:52 || 2025-01-09"
        },
        {
            "id": "100000269186115",
            "count": 0,
            "ttgn": "17:39:52 || thứ năm",
            "joinTime": "17:39:52 || 2025-01-09"
        },
        {
            "id": "100014666828799",
            "count": 0,
            "ttgn": "17:39:52 || thứ năm",
            "joinTime": "17:39:52 || 2025-01-09"
        },
        {
            "id": "100012464503666",
            "count": 0,
            "ttgn": "17:39:52 || thứ năm",
            "joinTime": "17:39:52 || 2025-01-09"
        },
        {
            "id": "100090018468391",
            "count": 0,
            "ttgn": "17:39:52 || thứ năm",
            "joinTime": "17:39:52 || 2025-01-09"
        },
        {
            "id": "61550919040598",
            "count": 3,
            "ttgn": "17:43:13 || thứ năm",
            "joinTime": "17:39:52 || 2025-01-09"
        },
        {
            "id": "61563821760193",
            "count": 0,
            "ttgn": "17:39:52 || thứ năm",
            "joinTime": "17:39:52 || 2025-01-09"
        },
        {
            "id": "100051898637435",
            "count": 0,
            "ttgn": "17:39:52 || thứ năm",
            "joinTime": "17:39:52 || 2025-01-09"
        },
        {
            "id": "100079037948952",
            "count": 0,
            "ttgn": "17:39:52 || thứ năm",
            "joinTime": "17:39:52 || 2025-01-09"
        },
        {
            "id": "100064786774796",
            "count": 4,
            "ttgn": "17:52:03 || thứ năm",
            "joinTime": "17:39:52 || 2025-01-09"
        },
        {
            "id": "100044531117246",
            "count": 0,
            "ttgn": "17:39:52 || thứ năm",
            "joinTime": "17:39:52 || 2025-01-09"
        },
        {
            "id": "100090254186812",
            "count": 0,
            "ttgn": "17:39:52 || thứ năm",
            "joinTime": "17:39:52 || 2025-01-09"
        },
        {
            "id": "100015436266764",
            "count": 0,
            "ttgn": "17:39:52 || thứ năm",
            "joinTime": "17:39:52 || 2025-01-09"
        },
        {
            "id": "100041108470853",
            "count": 0,
            "ttgn": "17:39:52 || thứ năm",
            "joinTime": "17:39:52 || 2025-01-09"
        },
        {
            "id": "100028515336392",
            "count": 0,
            "ttgn": "17:39:52 || thứ năm",
            "joinTime": "17:39:52 || 2025-01-09"
        },
        {
            "id": "100065173483705",
            "count": 0,
            "ttgn": "17:39:52 || thứ năm",
            "joinTime": "17:39:52 || 2025-01-09"
        },
        {
            "id": "61551426542986",
            "count": 0,
            "ttgn": "17:39:52 || thứ năm",
            "joinTime": "17:39:52 || 2025-01-09"
        },
        {
            "id": "100071145906908",
            "count": 0,
            "ttgn": "17:39:52 || thứ năm",
            "joinTime": "17:39:52 || 2025-01-09"
        },
        {
            "id": "100085817453428",
            "count": 0,
            "ttgn": "17:39:52 || thứ năm",
            "joinTime": "17:39:52 || 2025-01-09"
        },
        {
            "id": "100016455907418",
            "count": 0,
            "ttgn": "17:39:52 || thứ năm",
            "joinTime": "17:39:52 || 2025-01-09"
        },
        {
            "id": "100015965051774",
            "count": 6,
            "ttgn": "17:41:57 || thứ năm",
            "joinTime": "17:39:52 || 2025-01-09"
        },
        {
            "id": "100064156543285",
            "count": 0,
            "ttgn": "17:39:52 || thứ năm",
            "joinTime": "17:39:52 || 2025-01-09"
        },
        {
            "id": "100040141668536",
            "count": 0,
            "ttgn": "17:39:52 || thứ năm",
            "joinTime": "17:39:52 || 2025-01-09"
        },
        {
            "id": "61570562739409",
            "count": 0,
            "ttgn": "17:39:52 || thứ năm",
            "joinTime": "17:39:52 || 2025-01-09"
        },
        {
            "id": "100053514497121",
            "count": 0,
            "ttgn": "17:39:52 || thứ năm",
            "joinTime": "17:39:52 || 2025-01-09"
        },
        {
            "id": "100086900012802",
            "count": 1,
            "ttgn": "17:46:20 || thứ năm",
            "joinTime": "17:39:52 || 2025-01-09"
        },
        {
            "id": "100047493336393",
            "count": 0,
            "ttgn": "17:39:52 || thứ năm",
            "joinTime": "17:39:52 || 2025-01-09"
        },
        {
            "id": "61553950619085",
            "count": 0,
            "ttgn": "17:39:52 || thứ năm",
            "joinTime": "17:39:52 || 2025-01-09"
        },
        {
            "id": "100072525434529",
            "count": 0,
            "ttgn": "17:39:52 || thứ năm",
            "joinTime": "17:39:52 || 2025-01-09"
        },
        {
            "id": "100038659571688",
            "count": 0,
            "ttgn": "17:39:52 || thứ năm",
            "joinTime": "17:39:52 || 2025-01-09"
        },
        {
            "id": "100086981053212",
            "count": 0,
            "ttgn": "17:39:52 || thứ năm",
            "joinTime": "17:39:52 || 2025-01-09"
        },
        {
            "id": "61551811331345",
            "count": 0,
            "ttgn": "17:39:52 || thứ năm",
            "joinTime": "17:39:52 || 2025-01-09"
        },
        {
            "id": "100071914834670",
            "count": 0,
            "ttgn": "17:39:52 || thứ năm",
            "joinTime": "17:39:52 || 2025-01-09"
        },
        {
            "id": "100017296818825",
            "count": 0,
            "ttgn": "17:39:52 || thứ năm",
            "joinTime": "17:39:52 || 2025-01-09"
        },
        {
            "id": "100085270698240",
            "count": 1,
            "ttgn": "17:44:15 || thứ năm",
            "joinTime": "17:39:52 || 2025-01-09"
        },
        {
            "id": "100040138331425",
            "count": 0,
            "ttgn": "17:39:52 || thứ năm",
            "joinTime": "17:39:52 || 2025-01-09"
        },
        {
            "id": "61550317295261",
            "count": 0,
            "ttgn": "17:39:52 || thứ năm",
            "joinTime": "17:39:52 || 2025-01-09"
        },
        {
            "id": "100091279064424",
            "count": 8,
            "ttgn": "17:45:10 || thứ năm",
            "joinTime": "17:39:52 || 2025-01-09"
        },
        {
            "id": "100061577628519",
            "count": 0,
            "ttgn": "17:39:52 || thứ năm",
            "joinTime": "17:39:52 || 2025-01-09"
        },
        {
            "id": "100082588539457",
            "count": 0,
            "ttgn": "17:39:52 || thứ năm",
            "joinTime": "17:39:52 || 2025-01-09"
        }
    ],
    "day": [
        {
            "id": "100025459804969",
            "count": 0,
            "ttgn": "17:39:52 || thứ năm",
            "joinTime": "17:39:52 || 2025-01-09"
        },
        {
            "id": "100041633180083",
            "count": 0,
            "ttgn": "17:39:52 || thứ năm",
            "joinTime": "17:39:52 || 2025-01-09"
        },
        {
            "id": "100021097896937",
            "count": 53,
            "ttgn": "17:53:22 || thứ năm",
            "joinTime": "17:39:52 || 2025-01-09"
        },
        {
            "id": "100028885110521",
            "count": 0,
            "ttgn": "17:39:52 || thứ năm",
            "joinTime": "17:39:52 || 2025-01-09"
        },
        {
            "id": "100027409640413",
            "count": 0,
            "ttgn": "17:39:52 || thứ năm",
            "joinTime": "17:39:52 || 2025-01-09"
        },
        {
            "id": "61562182581586",
            "count": 0,
            "ttgn": "17:39:52 || thứ năm",
            "joinTime": "17:39:52 || 2025-01-09"
        },
        {
            "id": "100034905579363",
            "count": 0,
            "ttgn": "17:39:52 || thứ năm",
            "joinTime": "17:39:52 || 2025-01-09"
        },
        {
            "id": "61564844307864",
            "count": 0,
            "ttgn": "17:39:52 || thứ năm",
            "joinTime": "17:39:52 || 2025-01-09"
        },
        {
            "id": "61561136549164",
            "count": 0,
            "ttgn": "17:39:52 || thứ năm",
            "joinTime": "17:39:52 || 2025-01-09"
        },
        {
            "id": "61564328631873",
            "count": 0,
            "ttgn": "17:39:52 || thứ năm",
            "joinTime": "17:39:52 || 2025-01-09"
        },
        {
            "id": "100073362154621",
            "count": 0,
            "ttgn": "17:39:52 || thứ năm",
            "joinTime": "17:39:52 || 2025-01-09"
        },
        {
            "id": "61567221096880",
            "count": 0,
            "ttgn": "17:39:52 || thứ năm",
            "joinTime": "17:39:52 || 2025-01-09"
        },
        {
            "id": "100029680123068",
            "count": 0,
            "ttgn": "17:39:52 || thứ năm",
            "joinTime": "17:39:52 || 2025-01-09"
        },
        {
            "id": "100055971655437",
            "count": 0,
            "ttgn": "17:39:52 || thứ năm",
            "joinTime": "17:39:52 || 2025-01-09"
        },
        {
            "id": "100090479898605",
            "count": 0,
            "ttgn": "17:39:52 || thứ năm",
            "joinTime": "17:39:52 || 2025-01-09"
        },
        {
            "id": "100082512739688",
            "count": 0,
            "ttgn": "17:39:52 || thứ năm",
            "joinTime": "17:39:52 || 2025-01-09"
        },
        {
            "id": "100025697650899",
            "count": 0,
            "ttgn": "17:39:52 || thứ năm",
            "joinTime": "17:39:52 || 2025-01-09"
        },
        {
            "id": "100048852790662",
            "count": 0,
            "ttgn": "17:39:52 || thứ năm",
            "joinTime": "17:39:52 || 2025-01-09"
        },
        {
            "id": "100049834913547",
            "count": 0,
            "ttgn": "17:39:52 || thứ năm",
            "joinTime": "17:39:52 || 2025-01-09"
        },
        {
            "id": "100091260547930",
            "count": 0,
            "ttgn": "17:39:52 || thứ năm",
            "joinTime": "17:39:52 || 2025-01-09"
        },
        {
            "id": "100034472261220",
            "count": 0,
            "ttgn": "17:39:52 || thứ năm",
            "joinTime": "17:39:52 || 2025-01-09"
        },
        {
            "id": "100093293483146",
            "count": 0,
            "ttgn": "17:39:52 || thứ năm",
            "joinTime": "17:39:52 || 2025-01-09"
        },
        {
            "id": "100048700422090",
            "count": 1,
            "ttgn": "17:46:26 || thứ năm",
            "joinTime": "17:39:52 || 2025-01-09"
        },
        {
            "id": "100071164865459",
            "count": 0,
            "ttgn": "17:39:52 || thứ năm",
            "joinTime": "17:39:52 || 2025-01-09"
        },
        {
            "id": "100037598074558",
            "count": 0,
            "ttgn": "17:39:52 || thứ năm",
            "joinTime": "17:39:52 || 2025-01-09"
        },
        {
            "id": "100078251615799",
            "count": 0,
            "ttgn": "17:39:52 || thứ năm",
            "joinTime": "17:39:52 || 2025-01-09"
        },
        {
            "id": "100007085853751",
            "count": 4,
            "ttgn": "17:45:37 || thứ năm",
            "joinTime": "17:39:52 || 2025-01-09"
        },
        {
            "id": "61559751728267",
            "count": 0,
            "ttgn": "17:39:52 || thứ năm",
            "joinTime": "17:39:52 || 2025-01-09"
        },
        {
            "id": "100094003209592",
            "count": 0,
            "ttgn": "17:39:52 || thứ năm",
            "joinTime": "17:39:52 || 2025-01-09"
        },
        {
            "id": "100012938108456",
            "count": 0,
            "ttgn": "17:39:52 || thứ năm",
            "joinTime": "17:39:52 || 2025-01-09"
        },
        {
            "id": "100084935469099",
            "count": 0,
            "ttgn": "17:39:52 || thứ năm",
            "joinTime": "17:39:52 || 2025-01-09"
        },
        {
            "id": "100089492996763",
            "count": 0,
            "ttgn": "17:39:52 || thứ năm",
            "joinTime": "17:39:52 || 2025-01-09"
        },
        {
            "id": "100085177120298",
            "count": 0,
            "ttgn": "17:39:52 || thứ năm",
            "joinTime": "17:39:52 || 2025-01-09"
        },
        {
            "id": "100022453010377",
            "count": 0,
            "ttgn": "17:39:52 || thứ năm",
            "joinTime": "17:39:52 || 2025-01-09"
        },
        {
            "id": "100070816059434",
            "count": 0,
            "ttgn": "17:39:52 || thứ năm",
            "joinTime": "17:39:52 || 2025-01-09"
        },
        {
            "id": "100017345896901",
            "count": 0,
            "ttgn": "17:39:52 || thứ năm",
            "joinTime": "17:39:52 || 2025-01-09"
        },
        {
            "id": "61557927576846",
            "count": 0,
            "ttgn": "17:39:52 || thứ năm",
            "joinTime": "17:39:52 || 2025-01-09"
        },
        {
            "id": "100040854833579",
            "count": 0,
            "ttgn": "17:39:52 || thứ năm",
            "joinTime": "17:39:52 || 2025-01-09"
        },
        {
            "id": "100071943567162",
            "count": 0,
            "ttgn": "17:39:52 || thứ năm",
            "joinTime": "17:39:52 || 2025-01-09"
        },
        {
            "id": "100088550302855",
            "count": 0,
            "ttgn": "17:39:52 || thứ năm",
            "joinTime": "17:39:52 || 2025-01-09"
        },
        {
            "id": "100043567267261",
            "count": 0,
            "ttgn": "17:39:52 || thứ năm",
            "joinTime": "17:39:52 || 2025-01-09"
        },
        {
            "id": "100069464762705",
            "count": 18,
            "ttgn": "17:53:01 || thứ năm",
            "joinTime": "17:39:52 || 2025-01-09"
        },
        {
            "id": "100059180796969",
            "count": 0,
            "ttgn": "17:39:52 || thứ năm",
            "joinTime": "17:39:52 || 2025-01-09"
        },
        {
            "id": "100060763339088",
            "count": 0,
            "ttgn": "17:39:52 || thứ năm",
            "joinTime": "17:39:52 || 2025-01-09"
        },
        {
            "id": "100071599796069",
            "count": 0,
            "ttgn": "17:39:52 || thứ năm",
            "joinTime": "17:39:52 || 2025-01-09"
        },
        {
            "id": "100034434431821",
            "count": 0,
            "ttgn": "17:39:52 || thứ năm",
            "joinTime": "17:39:52 || 2025-01-09"
        },
        {
            "id": "100045197917623",
            "count": 0,
            "ttgn": "17:39:52 || thứ năm",
            "joinTime": "17:39:52 || 2025-01-09"
        },
        {
            "id": "100026511240511",
            "count": 0,
            "ttgn": "17:39:52 || thứ năm",
            "joinTime": "17:39:52 || 2025-01-09"
        },
        {
            "id": "1006428991",
            "count": 1,
            "ttgn": "17:44:16 || thứ năm",
            "joinTime": "17:39:52 || 2025-01-09"
        },
        {
            "id": "61566393601413",
            "count": 0,
            "ttgn": "17:39:52 || thứ năm",
            "joinTime": "17:39:52 || 2025-01-09"
        },
        {
            "id": "100000269186115",
            "count": 0,
            "ttgn": "17:39:52 || thứ năm",
            "joinTime": "17:39:52 || 2025-01-09"
        },
        {
            "id": "100014666828799",
            "count": 0,
            "ttgn": "17:39:52 || thứ năm",
            "joinTime": "17:39:52 || 2025-01-09"
        },
        {
            "id": "100012464503666",
            "count": 0,
            "ttgn": "17:39:52 || thứ năm",
            "joinTime": "17:39:52 || 2025-01-09"
        },
        {
            "id": "100090018468391",
            "count": 0,
            "ttgn": "17:39:52 || thứ năm",
            "joinTime": "17:39:52 || 2025-01-09"
        },
        {
            "id": "61550919040598",
            "count": 3,
            "ttgn": "17:43:13 || thứ năm",
            "joinTime": "17:39:52 || 2025-01-09"
        },
        {
            "id": "61563821760193",
            "count": 0,
            "ttgn": "17:39:52 || thứ năm",
            "joinTime": "17:39:52 || 2025-01-09"
        },
        {
            "id": "100051898637435",
            "count": 0,
            "ttgn": "17:39:52 || thứ năm",
            "joinTime": "17:39:52 || 2025-01-09"
        },
        {
            "id": "100079037948952",
            "count": 0,
            "ttgn": "17:39:52 || thứ năm",
            "joinTime": "17:39:52 || 2025-01-09"
        },
        {
            "id": "100064786774796",
            "count": 4,
            "ttgn": "17:52:03 || thứ năm",
            "joinTime": "17:39:52 || 2025-01-09"
        },
        {
            "id": "100044531117246",
            "count": 0,
            "ttgn": "17:39:52 || thứ năm",
            "joinTime": "17:39:52 || 2025-01-09"
        },
        {
            "id": "100090254186812",
            "count": 0,
            "ttgn": "17:39:52 || thứ năm",
            "joinTime": "17:39:52 || 2025-01-09"
        },
        {
            "id": "100015436266764",
            "count": 0,
            "ttgn": "17:39:52 || thứ năm",
            "joinTime": "17:39:52 || 2025-01-09"
        },
        {
            "id": "100041108470853",
            "count": 0,
            "ttgn": "17:39:52 || thứ năm",
            "joinTime": "17:39:52 || 2025-01-09"
        },
        {
            "id": "100028515336392",
            "count": 0,
            "ttgn": "17:39:52 || thứ năm",
            "joinTime": "17:39:52 || 2025-01-09"
        },
        {
            "id": "100065173483705",
            "count": 0,
            "ttgn": "17:39:52 || thứ năm",
            "joinTime": "17:39:52 || 2025-01-09"
        },
        {
            "id": "61551426542986",
            "count": 0,
            "ttgn": "17:39:52 || thứ năm",
            "joinTime": "17:39:52 || 2025-01-09"
        },
        {
            "id": "100071145906908",
            "count": 0,
            "ttgn": "17:39:52 || thứ năm",
            "joinTime": "17:39:52 || 2025-01-09"
        },
        {
            "id": "100085817453428",
            "count": 0,
            "ttgn": "17:39:52 || thứ năm",
            "joinTime": "17:39:52 || 2025-01-09"
        },
        {
            "id": "100016455907418",
            "count": 0,
            "ttgn": "17:39:52 || thứ năm",
            "joinTime": "17:39:52 || 2025-01-09"
        },
        {
            "id": "100015965051774",
            "count": 6,
            "ttgn": "17:41:57 || thứ năm",
            "joinTime": "17:39:52 || 2025-01-09"
        },
        {
            "id": "100064156543285",
            "count": 0,
            "ttgn": "17:39:52 || thứ năm",
            "joinTime": "17:39:52 || 2025-01-09"
        },
        {
            "id": "100040141668536",
            "count": 0,
            "ttgn": "17:39:52 || thứ năm",
            "joinTime": "17:39:52 || 2025-01-09"
        },
        {
            "id": "61570562739409",
            "count": 0,
            "ttgn": "17:39:52 || thứ năm",
            "joinTime": "17:39:52 || 2025-01-09"
        },
        {
            "id": "100053514497121",
            "count": 0,
            "ttgn": "17:39:52 || thứ năm",
            "joinTime": "17:39:52 || 2025-01-09"
        },
        {
            "id": "100086900012802",
            "count": 1,
            "ttgn": "17:46:20 || thứ năm",
            "joinTime": "17:39:52 || 2025-01-09"
        },
        {
            "id": "100047493336393",
            "count": 0,
            "ttgn": "17:39:52 || thứ năm",
            "joinTime": "17:39:52 || 2025-01-09"
        },
        {
            "id": "61553950619085",
            "count": 0,
            "ttgn": "17:39:52 || thứ năm",
            "joinTime": "17:39:52 || 2025-01-09"
        },
        {
            "id": "100072525434529",
            "count": 0,
            "ttgn": "17:39:52 || thứ năm",
            "joinTime": "17:39:52 || 2025-01-09"
        },
        {
            "id": "100038659571688",
            "count": 0,
            "ttgn": "17:39:52 || thứ năm",
            "joinTime": "17:39:52 || 2025-01-09"
        },
        {
            "id": "100086981053212",
            "count": 0,
            "ttgn": "17:39:52 || thứ năm",
            "joinTime": "17:39:52 || 2025-01-09"
        },
        {
            "id": "61551811331345",
            "count": 0,
            "ttgn": "17:39:52 || thứ năm",
            "joinTime": "17:39:52 || 2025-01-09"
        },
        {
            "id": "100071914834670",
            "count": 0,
            "ttgn": "17:39:52 || thứ năm",
            "joinTime": "17:39:52 || 2025-01-09"
        },
        {
            "id": "100017296818825",
            "count": 0,
            "ttgn": "17:39:52 || thứ năm",
            "joinTime": "17:39:52 || 2025-01-09"
        },
        {
            "id": "100085270698240",
            "count": 1,
            "ttgn": "17:44:15 || thứ năm",
            "joinTime": "17:39:52 || 2025-01-09"
        },
        {
            "id": "100040138331425",
            "count": 0,
            "ttgn": "17:39:52 || thứ năm",
            "joinTime": "17:39:52 || 2025-01-09"
        },
        {
            "id": "61550317295261",
            "count": 0,
            "ttgn": "17:39:52 || thứ năm",
            "joinTime": "17:39:52 || 2025-01-09"
        },
        {
            "id": "100091279064424",
            "count": 8,
            "ttgn": "17:45:10 || thứ năm",
            "joinTime": "17:39:52 || 2025-01-09"
        },
        {
            "id": "100061577628519",
            "count": 0,
            "ttgn": "17:39:52 || thứ năm",
            "joinTime": "17:39:52 || 2025-01-09"
        },
        {
            "id": "100082588539457",
            "count": 0,
            "ttgn": "17:39:52 || thứ năm",
            "joinTime": "17:39:52 || 2025-01-09"
        }
    ]
}