{
    "Time": "09:30:49 || 2024-11-10",
    "total": [
        {
            "id": "509484270",
            "count": 391,
            "ttgn": "21:25:14 || thứ hai",
            "joinTime": "09:30:49 || 2024-11-10"
        },
        {
            "id": "61558375753756",
            "count": 0,
            "ttgn": "09:30:49 || chủ nhật",
            "joinTime": "09:30:49 || 2024-11-10"
        },
        {
            "id": "100035421814099",
            "count": 12,
            "ttgn": "21:40:33 || thứ ba",
            "joinTime": "09:30:49 || 2024-11-10"
        },
        {
            "id": "100070906366737",
            "count": 0,
            "ttgn": "09:30:49 || chủ nhật",
            "joinTime": "09:30:49 || 2024-11-10"
        },
        {
            "id": "61563830666547",
            "count": 0,
            "ttgn": "09:30:49 || chủ nhật",
            "joinTime": "09:30:49 || 2024-11-10"
        },
        {
            "id": "61559815301855",
            "count": 49,
            "ttgn": "12:48:58 || thứ năm",
            "joinTime": "09:30:49 || 2024-11-10"
        },
        {
            "id": "100078930363394",
            "count": 285,
            "ttgn": "21:25:14 || thứ hai",
            "joinTime": "09:30:49 || 2024-11-10"
        }
    ],
    "week": [
        {
            "id": "509484270",
            "count": 391,
            "ttgn": "21:25:14 || thứ hai",
            "joinTime": "09:30:49 || 2024-11-10"
        },
        {
            "id": "61558375753756",
            "count": 0,
            "ttgn": "09:30:49 || chủ nhật",
            "joinTime": "09:30:49 || 2024-11-10"
        },
        {
            "id": "100035421814099",
            "count": 12,
            "ttgn": "21:40:33 || thứ ba",
            "joinTime": "09:30:49 || 2024-11-10"
        },
        {
            "id": "100070906366737",
            "count": 0,
            "ttgn": "09:30:49 || chủ nhật",
            "joinTime": "09:30:49 || 2024-11-10"
        },
        {
            "id": "61563830666547",
            "count": 0,
            "ttgn": "09:30:49 || chủ nhật",
            "joinTime": "09:30:49 || 2024-11-10"
        },
        {
            "id": "61559815301855",
            "count": 49,
            "ttgn": "12:48:58 || thứ năm",
            "joinTime": "09:30:49 || 2024-11-10"
        },
        {
            "id": "100078930363394",
            "count": 285,
            "ttgn": "21:25:14 || thứ hai",
            "joinTime": "09:30:49 || 2024-11-10"
        }
    ],
    "day": [
        {
            "id": "509484270",
            "count": 391,
            "ttgn": "21:25:14 || thứ hai",
            "joinTime": "09:30:49 || 2024-11-10"
        },
        {
            "id": "61558375753756",
            "count": 0,
            "ttgn": "09:30:49 || chủ nhật",
            "joinTime": "09:30:49 || 2024-11-10"
        },
        {
            "id": "100035421814099",
            "count": 12,
            "ttgn": "21:40:33 || thứ ba",
            "joinTime": "09:30:49 || 2024-11-10"
        },
        {
            "id": "100070906366737",
            "count": 0,
            "ttgn": "09:30:49 || chủ nhật",
            "joinTime": "09:30:49 || 2024-11-10"
        },
        {
            "id": "61563830666547",
            "count": 0,
            "ttgn": "09:30:49 || chủ nhật",
            "joinTime": "09:30:49 || 2024-11-10"
        },
        {
            "id": "61559815301855",
            "count": 49,
            "ttgn": "12:48:58 || thứ năm",
            "joinTime": "09:30:49 || 2024-11-10"
        },
        {
            "id": "100078930363394",
            "count": 285,
            "ttgn": "21:25:14 || thứ hai",
            "joinTime": "09:30:49 || 2024-11-10"
        }
    ]
}