{
    "Time": "07:41:17 || 2024-11-10",
    "total": [
        {
            "id": "100083205727767",
            "count": 68,
            "ttgn": "01:10:12 || chủ nhật",
            "joinTime": "07:41:17 || 2024-11-10"
        },
        {
            "id": "100085073240621",
            "count": 1,
            "ttgn": "12:02:33 || thứ ba",
            "joinTime": "07:41:17 || 2024-11-10"
        },
        {
            "id": "100073889114412",
            "count": 4,
            "ttgn": "07:44:22 || chủ nhật",
            "joinTime": "07:41:17 || 2024-11-10"
        },
        {
            "id": "100063600331393",
            "count": 112,
            "ttgn": "19:02:44 || thứ hai",
            "joinTime": "07:41:17 || 2024-11-10"
        },
        {
            "id": "100060687103752",
            "count": 15,
            "ttgn": "19:54:34 || thứ sáu",
            "joinTime": "07:41:17 || 2024-11-10"
        },
        {
            "id": "100000542968113",
            "count": 0,
            "ttgn": "07:41:17 || chủ nhật",
            "joinTime": "07:41:17 || 2024-11-10"
        },
        {
            "id": "100088737923043",
            "count": 0,
            "ttgn": "07:41:17 || chủ nhật",
            "joinTime": "07:41:17 || 2024-11-10"
        },
        {
            "id": "100090683697195",
            "count": 9,
            "ttgn": "20:46:38 || thứ hai",
            "joinTime": "07:41:17 || 2024-11-10"
        },
        {
            "id": "100072191102822",
            "count": 1,
            "ttgn": "20:50:49 || thứ sáu",
            "joinTime": "07:41:17 || 2024-11-10"
        },
        {
            "id": "509484270",
            "count": 665,
            "ttgn": "01:20:36 || chủ nhật",
            "joinTime": "07:41:17 || 2024-11-10"
        },
        {
            "id": "100082668132301",
            "count": 32,
            "ttgn": "20:13:07 || chủ nhật",
            "joinTime": "07:41:17 || 2024-11-10"
        },
        {
            "id": "100085515350448",
            "count": 0,
            "ttgn": "07:41:17 || chủ nhật",
            "joinTime": "07:41:17 || 2024-11-10"
        },
        {
            "id": "100015708247902",
            "count": 20,
            "ttgn": "20:19:17 || thứ ba",
            "joinTime": "07:41:17 || 2024-11-10"
        },
        {
            "id": "100000493975005",
            "count": 10,
            "ttgn": "19:01:24 || thứ sáu",
            "joinTime": "07:41:17 || 2024-11-10"
        },
        {
            "id": "1551310958",
            "count": 30,
            "ttgn": "15:01:35 || thứ sáu",
            "joinTime": "07:41:17 || 2024-11-10"
        },
        {
            "id": "100009801367183",
            "count": 0,
            "ttgn": "07:41:17 || chủ nhật",
            "joinTime": "07:41:17 || 2024-11-10"
        },
        {
            "id": "100020908143321",
            "count": 21,
            "ttgn": "20:25:39 || thứ ba",
            "joinTime": "07:41:17 || 2024-11-10"
        },
        {
            "id": "100080266101316",
            "count": 5,
            "ttgn": "10:01:09 || chủ nhật",
            "joinTime": "07:41:17 || 2024-11-10"
        },
        {
            "id": "100037741424837",
            "count": 55,
            "ttgn": "00:11:57 || chủ nhật",
            "joinTime": "07:41:17 || 2024-11-10"
        },
        {
            "id": "100073763480585",
            "count": 2,
            "ttgn": "16:09:01 || thứ sáu",
            "joinTime": "07:41:17 || 2024-11-10"
        },
        {
            "id": "502275138",
            "count": 37,
            "ttgn": "19:27:07 || thứ hai",
            "joinTime": "07:41:17 || 2024-11-10"
        },
        {
            "id": "61550962658401",
            "count": 6,
            "ttgn": "20:05:55 || thứ hai",
            "joinTime": "07:41:17 || 2024-11-10"
        },
        {
            "id": "61558375753756",
            "count": 149,
            "ttgn": "20:42:40 || thứ sáu",
            "joinTime": "07:41:17 || 2024-11-10"
        },
        {
            "id": "100083174347639",
            "count": 31,
            "ttgn": "22:23:48 || thứ ba",
            "joinTime": "07:41:17 || 2024-11-10"
        },
        {
            "id": "100061160525111",
            "count": 25,
            "ttgn": "20:08:22 || thứ bảy",
            "joinTime": "07:41:17 || 2024-11-10"
        },
        {
            "id": "1824557330",
            "count": 54,
            "ttgn": "22:24:09 || thứ ba",
            "joinTime": "07:41:17 || 2024-11-10"
        },
        {
            "id": "100043044991011",
            "count": 0,
            "ttgn": "07:41:17 || chủ nhật",
            "joinTime": "07:41:17 || 2024-11-10"
        },
        {
            "id": "100069040786247",
            "count": 17,
            "ttgn": "11:44:01 || chủ nhật",
            "joinTime": "07:41:17 || 2024-11-10"
        },
        {
            "id": "1528770791",
            "count": 9,
            "ttgn": "22:48:01 || thứ ba",
            "joinTime": "07:41:17 || 2024-11-10"
        },
        {
            "id": "100037140780211",
            "count": 1,
            "ttgn": "19:30:17 || thứ sáu",
            "joinTime": "07:41:17 || 2024-11-10"
        },
        {
            "id": "100040494708143",
            "count": 0,
            "ttgn": "07:41:17 || chủ nhật",
            "joinTime": "07:41:17 || 2024-11-10"
        },
        {
            "id": "61559141435743",
            "count": 0,
            "ttgn": "07:41:17 || chủ nhật",
            "joinTime": "07:41:17 || 2024-11-10"
        },
        {
            "id": "61555928436887",
            "count": 0,
            "ttgn": "07:41:17 || chủ nhật",
            "joinTime": "07:41:17 || 2024-11-10"
        },
        {
            "id": "100081129610697",
            "count": 33,
            "ttgn": "21:43:43 || chủ nhật",
            "joinTime": "07:41:17 || 2024-11-10"
        },
        {
            "id": "100000732833159",
            "count": 0,
            "ttgn": "07:41:17 || chủ nhật",
            "joinTime": "07:41:17 || 2024-11-10"
        },
        {
            "id": "100004854283037",
            "count": 0,
            "ttgn": "07:41:17 || chủ nhật",
            "joinTime": "07:41:17 || 2024-11-10"
        },
        {
            "id": "100087146773397",
            "count": 0,
            "ttgn": "07:41:17 || chủ nhật",
            "joinTime": "07:41:17 || 2024-11-10"
        },
        {
            "id": "100090095755829",
            "count": 10,
            "ttgn": "20:09:07 || thứ bảy",
            "joinTime": "07:41:17 || 2024-11-10"
        },
        {
            "id": "100002323834540",
            "count": 0,
            "ttgn": "07:41:17 || chủ nhật",
            "joinTime": "07:41:17 || 2024-11-10"
        },
        {
            "id": "100076708880515",
            "count": 12,
            "ttgn": "17:30:14 || thứ năm",
            "joinTime": "07:41:17 || 2024-11-10"
        },
        {
            "id": "1429451704",
            "count": 13,
            "ttgn": "12:28:23 || thứ tư",
            "joinTime": "07:41:17 || 2024-11-10"
        },
        {
            "id": "61567152741092",
            "count": 0,
            "ttgn": "07:41:17 || chủ nhật",
            "joinTime": "07:41:17 || 2024-11-10"
        },
        {
            "id": "100027937773675",
            "count": 4,
            "ttgn": "22:50:36 || thứ hai",
            "joinTime": "07:41:17 || 2024-11-10"
        },
        {
            "id": "100025049658407",
            "count": 0,
            "ttgn": "07:41:17 || chủ nhật",
            "joinTime": "07:41:17 || 2024-11-10"
        },
        {
            "id": "100002622022245",
            "count": 0,
            "ttgn": "07:41:17 || chủ nhật",
            "joinTime": "07:41:17 || 2024-11-10"
        },
        {
            "id": "100078067479751",
            "count": 0,
            "ttgn": "07:41:17 || chủ nhật",
            "joinTime": "07:41:17 || 2024-11-10"
        },
        {
            "id": "61566430434709",
            "count": 0,
            "ttgn": "07:41:17 || chủ nhật",
            "joinTime": "07:41:17 || 2024-11-10"
        },
        {
            "id": "100003668250966",
            "count": 0,
            "ttgn": "07:41:17 || chủ nhật",
            "joinTime": "07:41:17 || 2024-11-10"
        },
        {
            "id": "100000182288864",
            "count": 0,
            "ttgn": "07:41:17 || chủ nhật",
            "joinTime": "07:41:17 || 2024-11-10"
        },
        {
            "id": "61551214593601",
            "count": 0,
            "ttgn": "07:41:17 || chủ nhật",
            "joinTime": "07:41:17 || 2024-11-10"
        },
        {
            "id": "100000457759839",
            "count": 6,
            "ttgn": "20:05:10 || thứ sáu",
            "joinTime": "07:41:17 || 2024-11-10"
        },
        {
            "id": "100078930363394",
            "count": 579,
            "ttgn": "01:20:21 || chủ nhật",
            "joinTime": "07:41:17 || 2024-11-10"
        },
        {
            "id": "100037211391552",
            "count": 29,
            "ttgn": "19:38:16 || thứ hai",
            "joinTime": "07:41:17 || 2024-11-10"
        },
        {
            "id": "100085090800244",
            "count": 0,
            "ttgn": "07:41:17 || chủ nhật",
            "joinTime": "07:41:17 || 2024-11-10"
        },
        {
            "id": "100069864945865",
            "count": 0,
            "ttgn": "07:41:17 || chủ nhật",
            "joinTime": "07:41:17 || 2024-11-10"
        },
        {
            "id": "100092742547112",
            "count": 0,
            "ttgn": "07:41:17 || chủ nhật",
            "joinTime": "07:41:17 || 2024-11-10"
        },
        {
            "id": "61550291008520",
            "count": 0,
            "ttgn": "07:41:17 || chủ nhật",
            "joinTime": "07:41:17 || 2024-11-10"
        },
        {
            "id": "61555625227297",
            "count": 0,
            "ttgn": "07:41:17 || chủ nhật",
            "joinTime": "07:41:17 || 2024-11-10"
        },
        {
            "id": "100092744481406",
            "count": 0,
            "ttgn": "07:41:17 || chủ nhật",
            "joinTime": "07:41:17 || 2024-11-10"
        },
        {
            "id": "100073312268227",
            "count": 0,
            "ttgn": "07:41:17 || chủ nhật",
            "joinTime": "07:41:17 || 2024-11-10"
        },
        {
            "id": "61561605959508",
            "count": 0,
            "ttgn": "07:41:17 || chủ nhật",
            "joinTime": "07:41:17 || 2024-11-10"
        },
        {
            "id": "61559815301855",
            "count": 31,
            "ttgn": "20:44:26 || thứ hai",
            "joinTime": "07:41:17 || 2024-11-10"
        },
        {
            "id": "100067045043514",
            "count": 0,
            "ttgn": "07:41:17 || chủ nhật",
            "joinTime": "07:41:17 || 2024-11-10"
        },
        {
            "id": "100073280626414",
            "count": 9,
            "ttgn": "22:19:13 || thứ ba",
            "joinTime": "07:41:17 || 2024-11-10"
        },
        {
            "id": "100014193303811",
            "count": 0,
            "ttgn": "07:41:17 || chủ nhật",
            "joinTime": "07:41:17 || 2024-11-10"
        },
        {
            "id": "100060181503926",
            "count": 0,
            "ttgn": "07:41:17 || chủ nhật",
            "joinTime": "07:41:17 || 2024-11-10"
        },
        {
            "id": "100067508386723",
            "count": 117,
            "ttgn": "19:57:56 || thứ sáu",
            "joinTime": "07:41:17 || 2024-11-10"
        },
        {
            "id": "1074491699",
            "count": 51,
            "ttgn": "12:22:43 || chủ nhật",
            "joinTime": "07:41:17 || 2024-11-10"
        },
        {
            "id": "100035731083424",
            "count": 65,
            "ttgn": "18:24:42 || thứ sáu",
            "joinTime": "07:41:17 || 2024-11-10"
        },
        {
            "id": "100075784943859",
            "count": 0,
            "ttgn": "07:41:17 || chủ nhật",
            "joinTime": "07:41:17 || 2024-11-10"
        },
        {
            "id": "100084424387341",
            "count": 5,
            "ttgn": "21:44:57 || thứ ba",
            "joinTime": "07:53:42 || 2024-11-11"
        },
        {
            "id": "1334285798",
            "count": 1,
            "ttgn": "18:14:48 || thứ sáu",
            "joinTime": "14:05:37 || 2024-11-14"
        },
        {
            "id": "100080647629698",
            "count": 10,
            "ttgn": "18:31:54 || thứ hai",
            "joinTime": "18:14:25 || 2024-11-15"
        },
        {
            "id": "100035421814099",
            "count": 150,
            "ttgn": "01:02:58 || chủ nhật",
            "joinTime": "11:13:37 || 2024-11-24"
        },
        {
            "id": "100029904845642",
            "count": 8,
            "ttgn": "16:07:16 || chủ nhật",
            "joinTime": "15:57:45 || 2024-11-24"
        },
        {
            "id": "100061172506707",
            "count": 189,
            "ttgn": "20:17:34 || thứ ba",
            "joinTime": "19:57:43 || 2024-11-30"
        },
        {
            "id": "100085342716116",
            "count": 145,
            "ttgn": "22:26:50 || thứ ba",
            "joinTime": "19:57:43 || 2024-11-30"
        },
        {
            "id": "100060894693968",
            "count": 92,
            "ttgn": "18:53:19 || thứ hai",
            "joinTime": "19:57:43 || 2024-11-30"
        },
        {
            "id": "100090835586018",
            "count": 0,
            "ttgn": "19:57:43 || thứ bảy",
            "joinTime": "19:57:43 || 2024-11-30"
        },
        {
            "id": "100037218437125",
            "count": 14,
            "ttgn": "01:01:51 || chủ nhật",
            "joinTime": "21:17:21 || 2024-12-02"
        },
        {
            "id": "61553134410458",
            "count": 0,
            "ttgn": "21:17:21 || thứ hai",
            "joinTime": "21:17:21 || 2024-12-02"
        },
        {
            "id": "100095461628736",
            "count": 9,
            "ttgn": "18:57:34 || thứ hai",
            "joinTime": "21:04:12 || 2024-12-15"
        },
        {
            "id": "100053218521866",
            "count": 0,
            "ttgn": "21:04:12 || chủ nhật",
            "joinTime": "21:04:12 || 2024-12-15"
        },
        {
            "id": "100055154154050",
            "count": 2,
            "ttgn": "22:23:21 || thứ ba",
            "joinTime": "21:04:12 || 2024-12-15"
        },
        {
            "id": "1489675800",
            "count": 17,
            "ttgn": "21:54:31 || thứ hai",
            "joinTime": "21:04:12 || 2024-12-15"
        },
        {
            "id": "595568537",
            "count": 0,
            "ttgn": "21:04:12 || chủ nhật",
            "joinTime": "21:04:12 || 2024-12-15"
        },
        {
            "id": "100034509399052",
            "count": 0,
            "ttgn": "21:04:12 || chủ nhật",
            "joinTime": "21:04:12 || 2024-12-15"
        },
        {
            "id": "61557268024306",
            "count": 16,
            "ttgn": "21:29:36 || thứ tư",
            "joinTime": "21:04:12 || 2024-12-15"
        },
        {
            "id": "100000476258238",
            "count": 54,
            "ttgn": "21:24:06 || chủ nhật",
            "joinTime": "21:04:12 || 2024-12-15"
        },
        {
            "id": "100089947783039",
            "count": 60,
            "ttgn": "19:56:29 || thứ hai",
            "joinTime": "21:04:12 || 2024-12-15"
        },
        {
            "id": "100058800620671",
            "count": 4,
            "ttgn": "12:22:21 || thứ tư",
            "joinTime": "21:04:12 || 2024-12-15"
        },
        {
            "id": "61550582436888",
            "count": 12,
            "ttgn": "21:24:45 || chủ nhật",
            "joinTime": "21:04:12 || 2024-12-15"
        },
        {
            "id": "100084923106912",
            "count": 2,
            "ttgn": "21:07:29 || chủ nhật",
            "joinTime": "21:04:12 || 2024-12-15"
        },
        {
            "id": "100052642507538",
            "count": 332,
            "ttgn": "21:06:14 || thứ ba",
            "joinTime": "21:04:12 || 2024-12-15"
        },
        {
            "id": "100094091494812",
            "count": 3,
            "ttgn": "21:14:55 || chủ nhật",
            "joinTime": "21:12:22 || 2024-12-15"
        },
        {
            "id": "100079577807941",
            "count": 0,
            "ttgn": "21:33:10 || thứ hai",
            "joinTime": "21:33:10 || 2024-12-16"
        },
        {
            "id": "100069770504095",
            "count": 2,
            "ttgn": "18:47:04 || thứ sáu",
            "joinTime": "21:33:10 || 2024-12-16"
        },
        {
            "id": "1228817010",
            "count": 14,
            "ttgn": "22:01:41 || thứ tư",
            "joinTime": "12:10:28 || 2024-12-18"
        },
        {
            "id": "100038946913086",
            "count": 0,
            "ttgn": "12:10:28 || thứ tư",
            "joinTime": "12:10:28 || 2024-12-18"
        },
        {
            "id": "61569374596509",
            "count": 29,
            "ttgn": "12:45:45 || thứ tư",
            "joinTime": "12:10:28 || 2024-12-18"
        },
        {
            "id": "61569451376454",
            "count": 0,
            "ttgn": "12:18:20 || thứ năm",
            "joinTime": "12:18:20 || 2024-12-19"
        },
        {
            "id": "100028443555099",
            "count": 1,
            "ttgn": "18:19:48 || thứ sáu",
            "joinTime": "18:18:22 || 2024-12-20"
        },
        {
            "id": "61555015060828",
            "count": 8,
            "ttgn": "20:20:22 || thứ hai",
            "joinTime": "19:27:07 || 2024-12-20"
        },
        {
            "id": "100088817988946",
            "count": 34,
            "ttgn": "19:23:17 || thứ hai",
            "joinTime": "19:35:28 || 2024-12-20"
        },
        {
            "id": "1497804298",
            "count": 0,
            "ttgn": "23:20:59 || thứ bảy",
            "joinTime": "23:20:59 || 2024-12-21"
        },
        {
            "id": "100092492468539",
            "count": 1,
            "ttgn": "13:12:22 || thứ tư",
            "joinTime": "21:40:42 || 2024-12-24"
        },
        {
            "id": "100048593391564",
            "count": 0,
            "ttgn": "20:38:33 || thứ hai",
            "joinTime": "20:38:33 || 2025-01-06"
        },
        {
            "id": "100079159167713",
            "count": 0,
            "ttgn": "20:38:33 || thứ hai",
            "joinTime": "20:38:33 || 2025-01-06"
        },
        {
            "id": "1247419593",
            "count": 4,
            "ttgn": "00:27:48 || chủ nhật",
            "joinTime": "20:38:33 || 2025-01-06"
        },
        {
            "id": "100012371343281",
            "count": 2,
            "ttgn": "22:40:28 || thứ sáu",
            "joinTime": "20:38:33 || 2025-01-06"
        },
        {
            "id": "100086225603286",
            "count": 14,
            "ttgn": "18:46:48 || thứ hai",
            "joinTime": "20:38:33 || 2025-01-06"
        },
        {
            "id": "1797773850",
            "count": 0,
            "ttgn": "20:38:33 || thứ hai",
            "joinTime": "20:38:33 || 2025-01-06"
        },
        {
            "id": "100071132537313",
            "count": 0,
            "ttgn": "12:49:17 || thứ năm",
            "joinTime": "12:49:17 || 2025-01-09"
        },
        {
            "id": "100001693472041",
            "count": 3,
            "ttgn": "18:28:26 || thứ năm",
            "joinTime": "12:49:17 || 2025-01-09"
        },
        {
            "id": "537846897",
            "count": 9,
            "ttgn": "01:07:45 || chủ nhật",
            "joinTime": "12:49:17 || 2025-01-09"
        },
        {
            "id": "100001457548119",
            "count": 0,
            "ttgn": "12:49:17 || thứ năm",
            "joinTime": "12:49:17 || 2025-01-09"
        },
        {
            "id": "100093102425928",
            "count": 13,
            "ttgn": "01:05:37 || chủ nhật",
            "joinTime": "17:31:24 || 2025-01-09"
        },
        {
            "id": "100091500747142",
            "count": 5,
            "ttgn": "21:37:40 || thứ sáu",
            "joinTime": "21:33:04 || 2025-01-10"
        },
        {
            "id": "61571302611187",
            "count": 4,
            "ttgn": "21:49:07 || thứ sáu",
            "joinTime": "21:38:19 || 2025-01-10"
        },
        {
            "id": "61571716324164",
            "count": 27,
            "ttgn": "21:19:13 || thứ hai",
            "joinTime": "23:43:06 || 2025-01-10"
        },
        {
            "id": "61554107373295",
            "count": 3,
            "ttgn": "20:08:32 || thứ hai",
            "joinTime": "17:44:23 || 2025-01-13"
        },
        {
            "id": "61564333073018",
            "count": 0,
            "ttgn": "17:44:23 || thứ hai",
            "joinTime": "17:44:23 || 2025-01-13"
        },
        {
            "id": "100000038959241",
            "count": 0,
            "ttgn": "17:44:23 || thứ hai",
            "joinTime": "17:44:23 || 2025-01-13"
        },
        {
            "id": "61569711977129",
            "count": 0,
            "ttgn": "22:01:54 || thứ bảy",
            "joinTime": "22:01:54 || 2025-01-18"
        },
        {
            "id": "100009744612822",
            "count": 0,
            "ttgn": "22:01:54 || thứ bảy",
            "joinTime": "22:01:54 || 2025-01-18"
        },
        {
            "id": "100087652159146",
            "count": 0,
            "ttgn": "22:01:54 || thứ bảy",
            "joinTime": "22:01:54 || 2025-01-18"
        },
        {
            "id": "61572177212665",
            "count": 0,
            "ttgn": "22:01:54 || thứ bảy",
            "joinTime": "22:01:54 || 2025-01-18"
        }
    ],
    "week": [
        {
            "id": "100083205727767",
            "count": 68,
            "ttgn": "01:10:12 || chủ nhật",
            "joinTime": "07:41:17 || 2024-11-10"
        },
        {
            "id": "100085073240621",
            "count": 1,
            "ttgn": "12:02:33 || thứ ba",
            "joinTime": "07:41:17 || 2024-11-10"
        },
        {
            "id": "100073889114412",
            "count": 4,
            "ttgn": "07:44:22 || chủ nhật",
            "joinTime": "07:41:17 || 2024-11-10"
        },
        {
            "id": "100063600331393",
            "count": 112,
            "ttgn": "19:02:44 || thứ hai",
            "joinTime": "07:41:17 || 2024-11-10"
        },
        {
            "id": "100060687103752",
            "count": 15,
            "ttgn": "19:54:34 || thứ sáu",
            "joinTime": "07:41:17 || 2024-11-10"
        },
        {
            "id": "100000542968113",
            "count": 0,
            "ttgn": "07:41:17 || chủ nhật",
            "joinTime": "07:41:17 || 2024-11-10"
        },
        {
            "id": "100088737923043",
            "count": 0,
            "ttgn": "07:41:17 || chủ nhật",
            "joinTime": "07:41:17 || 2024-11-10"
        },
        {
            "id": "100090683697195",
            "count": 9,
            "ttgn": "20:46:38 || thứ hai",
            "joinTime": "07:41:17 || 2024-11-10"
        },
        {
            "id": "100072191102822",
            "count": 1,
            "ttgn": "20:50:49 || thứ sáu",
            "joinTime": "07:41:17 || 2024-11-10"
        },
        {
            "id": "509484270",
            "count": 665,
            "ttgn": "01:20:36 || chủ nhật",
            "joinTime": "07:41:17 || 2024-11-10"
        },
        {
            "id": "100082668132301",
            "count": 32,
            "ttgn": "20:13:07 || chủ nhật",
            "joinTime": "07:41:17 || 2024-11-10"
        },
        {
            "id": "100085515350448",
            "count": 0,
            "ttgn": "07:41:17 || chủ nhật",
            "joinTime": "07:41:17 || 2024-11-10"
        },
        {
            "id": "100015708247902",
            "count": 20,
            "ttgn": "20:19:17 || thứ ba",
            "joinTime": "07:41:17 || 2024-11-10"
        },
        {
            "id": "100000493975005",
            "count": 10,
            "ttgn": "19:01:24 || thứ sáu",
            "joinTime": "07:41:17 || 2024-11-10"
        },
        {
            "id": "1551310958",
            "count": 30,
            "ttgn": "15:01:35 || thứ sáu",
            "joinTime": "07:41:17 || 2024-11-10"
        },
        {
            "id": "100009801367183",
            "count": 0,
            "ttgn": "07:41:17 || chủ nhật",
            "joinTime": "07:41:17 || 2024-11-10"
        },
        {
            "id": "100020908143321",
            "count": 21,
            "ttgn": "20:25:39 || thứ ba",
            "joinTime": "07:41:17 || 2024-11-10"
        },
        {
            "id": "100080266101316",
            "count": 5,
            "ttgn": "10:01:09 || chủ nhật",
            "joinTime": "07:41:17 || 2024-11-10"
        },
        {
            "id": "100037741424837",
            "count": 55,
            "ttgn": "00:11:57 || chủ nhật",
            "joinTime": "07:41:17 || 2024-11-10"
        },
        {
            "id": "100073763480585",
            "count": 2,
            "ttgn": "16:09:01 || thứ sáu",
            "joinTime": "07:41:17 || 2024-11-10"
        },
        {
            "id": "502275138",
            "count": 37,
            "ttgn": "19:27:07 || thứ hai",
            "joinTime": "07:41:17 || 2024-11-10"
        },
        {
            "id": "61550962658401",
            "count": 6,
            "ttgn": "20:05:55 || thứ hai",
            "joinTime": "07:41:17 || 2024-11-10"
        },
        {
            "id": "61558375753756",
            "count": 149,
            "ttgn": "20:42:40 || thứ sáu",
            "joinTime": "07:41:17 || 2024-11-10"
        },
        {
            "id": "100083174347639",
            "count": 31,
            "ttgn": "22:23:48 || thứ ba",
            "joinTime": "07:41:17 || 2024-11-10"
        },
        {
            "id": "100061160525111",
            "count": 25,
            "ttgn": "20:08:22 || thứ bảy",
            "joinTime": "07:41:17 || 2024-11-10"
        },
        {
            "id": "1824557330",
            "count": 54,
            "ttgn": "22:24:09 || thứ ba",
            "joinTime": "07:41:17 || 2024-11-10"
        },
        {
            "id": "100043044991011",
            "count": 0,
            "ttgn": "07:41:17 || chủ nhật",
            "joinTime": "07:41:17 || 2024-11-10"
        },
        {
            "id": "100069040786247",
            "count": 17,
            "ttgn": "11:44:01 || chủ nhật",
            "joinTime": "07:41:17 || 2024-11-10"
        },
        {
            "id": "1528770791",
            "count": 9,
            "ttgn": "22:48:01 || thứ ba",
            "joinTime": "07:41:17 || 2024-11-10"
        },
        {
            "id": "100037140780211",
            "count": 1,
            "ttgn": "19:30:17 || thứ sáu",
            "joinTime": "07:41:17 || 2024-11-10"
        },
        {
            "id": "100040494708143",
            "count": 0,
            "ttgn": "07:41:17 || chủ nhật",
            "joinTime": "07:41:17 || 2024-11-10"
        },
        {
            "id": "61559141435743",
            "count": 0,
            "ttgn": "07:41:17 || chủ nhật",
            "joinTime": "07:41:17 || 2024-11-10"
        },
        {
            "id": "61555928436887",
            "count": 0,
            "ttgn": "07:41:17 || chủ nhật",
            "joinTime": "07:41:17 || 2024-11-10"
        },
        {
            "id": "100081129610697",
            "count": 33,
            "ttgn": "21:43:43 || chủ nhật",
            "joinTime": "07:41:17 || 2024-11-10"
        },
        {
            "id": "100000732833159",
            "count": 0,
            "ttgn": "07:41:17 || chủ nhật",
            "joinTime": "07:41:17 || 2024-11-10"
        },
        {
            "id": "100004854283037",
            "count": 0,
            "ttgn": "07:41:17 || chủ nhật",
            "joinTime": "07:41:17 || 2024-11-10"
        },
        {
            "id": "100087146773397",
            "count": 0,
            "ttgn": "07:41:17 || chủ nhật",
            "joinTime": "07:41:17 || 2024-11-10"
        },
        {
            "id": "100090095755829",
            "count": 10,
            "ttgn": "20:09:07 || thứ bảy",
            "joinTime": "07:41:17 || 2024-11-10"
        },
        {
            "id": "100002323834540",
            "count": 0,
            "ttgn": "07:41:17 || chủ nhật",
            "joinTime": "07:41:17 || 2024-11-10"
        },
        {
            "id": "100076708880515",
            "count": 12,
            "ttgn": "17:30:14 || thứ năm",
            "joinTime": "07:41:17 || 2024-11-10"
        },
        {
            "id": "1429451704",
            "count": 13,
            "ttgn": "12:28:23 || thứ tư",
            "joinTime": "07:41:17 || 2024-11-10"
        },
        {
            "id": "61567152741092",
            "count": 0,
            "ttgn": "07:41:17 || chủ nhật",
            "joinTime": "07:41:17 || 2024-11-10"
        },
        {
            "id": "100027937773675",
            "count": 4,
            "ttgn": "22:50:36 || thứ hai",
            "joinTime": "07:41:17 || 2024-11-10"
        },
        {
            "id": "100025049658407",
            "count": 0,
            "ttgn": "07:41:17 || chủ nhật",
            "joinTime": "07:41:17 || 2024-11-10"
        },
        {
            "id": "100002622022245",
            "count": 0,
            "ttgn": "07:41:17 || chủ nhật",
            "joinTime": "07:41:17 || 2024-11-10"
        },
        {
            "id": "100078067479751",
            "count": 0,
            "ttgn": "07:41:17 || chủ nhật",
            "joinTime": "07:41:17 || 2024-11-10"
        },
        {
            "id": "61566430434709",
            "count": 0,
            "ttgn": "07:41:17 || chủ nhật",
            "joinTime": "07:41:17 || 2024-11-10"
        },
        {
            "id": "100003668250966",
            "count": 0,
            "ttgn": "07:41:17 || chủ nhật",
            "joinTime": "07:41:17 || 2024-11-10"
        },
        {
            "id": "100000182288864",
            "count": 0,
            "ttgn": "07:41:17 || chủ nhật",
            "joinTime": "07:41:17 || 2024-11-10"
        },
        {
            "id": "61551214593601",
            "count": 0,
            "ttgn": "07:41:17 || chủ nhật",
            "joinTime": "07:41:17 || 2024-11-10"
        },
        {
            "id": "100000457759839",
            "count": 6,
            "ttgn": "20:05:10 || thứ sáu",
            "joinTime": "07:41:17 || 2024-11-10"
        },
        {
            "id": "100078930363394",
            "count": 579,
            "ttgn": "01:20:21 || chủ nhật",
            "joinTime": "07:41:17 || 2024-11-10"
        },
        {
            "id": "100037211391552",
            "count": 29,
            "ttgn": "19:38:16 || thứ hai",
            "joinTime": "07:41:17 || 2024-11-10"
        },
        {
            "id": "100085090800244",
            "count": 0,
            "ttgn": "07:41:17 || chủ nhật",
            "joinTime": "07:41:17 || 2024-11-10"
        },
        {
            "id": "100069864945865",
            "count": 0,
            "ttgn": "07:41:17 || chủ nhật",
            "joinTime": "07:41:17 || 2024-11-10"
        },
        {
            "id": "100092742547112",
            "count": 0,
            "ttgn": "07:41:17 || chủ nhật",
            "joinTime": "07:41:17 || 2024-11-10"
        },
        {
            "id": "61559260114955",
            "count": 0,
            "ttgn": "07:41:17 || chủ nhật",
            "joinTime": "07:41:17 || 2024-11-10"
        },
        {
            "id": "61550291008520",
            "count": 0,
            "ttgn": "07:41:17 || chủ nhật",
            "joinTime": "07:41:17 || 2024-11-10"
        },
        {
            "id": "61555625227297",
            "count": 0,
            "ttgn": "07:41:17 || chủ nhật",
            "joinTime": "07:41:17 || 2024-11-10"
        },
        {
            "id": "100092744481406",
            "count": 0,
            "ttgn": "07:41:17 || chủ nhật",
            "joinTime": "07:41:17 || 2024-11-10"
        },
        {
            "id": "100073312268227",
            "count": 0,
            "ttgn": "07:41:17 || chủ nhật",
            "joinTime": "07:41:17 || 2024-11-10"
        },
        {
            "id": "61561605959508",
            "count": 0,
            "ttgn": "07:41:17 || chủ nhật",
            "joinTime": "07:41:17 || 2024-11-10"
        },
        {
            "id": "61559815301855",
            "count": 31,
            "ttgn": "20:44:26 || thứ hai",
            "joinTime": "07:41:17 || 2024-11-10"
        },
        {
            "id": "100067045043514",
            "count": 0,
            "ttgn": "07:41:17 || chủ nhật",
            "joinTime": "07:41:17 || 2024-11-10"
        },
        {
            "id": "100073280626414",
            "count": 9,
            "ttgn": "22:19:13 || thứ ba",
            "joinTime": "07:41:17 || 2024-11-10"
        },
        {
            "id": "100014193303811",
            "count": 0,
            "ttgn": "07:41:17 || chủ nhật",
            "joinTime": "07:41:17 || 2024-11-10"
        },
        {
            "id": "100060181503926",
            "count": 0,
            "ttgn": "07:41:17 || chủ nhật",
            "joinTime": "07:41:17 || 2024-11-10"
        },
        {
            "id": "100067508386723",
            "count": 117,
            "ttgn": "19:57:56 || thứ sáu",
            "joinTime": "07:41:17 || 2024-11-10"
        },
        {
            "id": "1074491699",
            "count": 51,
            "ttgn": "12:22:43 || chủ nhật",
            "joinTime": "07:41:17 || 2024-11-10"
        },
        {
            "id": "100035731083424",
            "count": 65,
            "ttgn": "18:24:42 || thứ sáu",
            "joinTime": "07:41:17 || 2024-11-10"
        },
        {
            "id": "100075784943859",
            "count": 0,
            "ttgn": "07:41:17 || chủ nhật",
            "joinTime": "07:41:17 || 2024-11-10"
        },
        {
            "id": "100084424387341",
            "count": 5,
            "ttgn": "21:44:57 || thứ ba",
            "joinTime": "07:53:42 || 2024-11-11"
        },
        {
            "id": "1334285798",
            "count": 1,
            "ttgn": "18:14:48 || thứ sáu",
            "joinTime": "14:05:37 || 2024-11-14"
        },
        {
            "id": "100080647629698",
            "count": 10,
            "ttgn": "18:31:54 || thứ hai",
            "joinTime": "18:14:25 || 2024-11-15"
        },
        {
            "id": "100035421814099",
            "count": 150,
            "ttgn": "01:02:58 || chủ nhật",
            "joinTime": "11:13:37 || 2024-11-24"
        },
        {
            "id": "100029904845642",
            "count": 8,
            "ttgn": "16:07:16 || chủ nhật",
            "joinTime": "15:57:45 || 2024-11-24"
        },
        {
            "id": "100061172506707",
            "count": 189,
            "ttgn": "20:17:34 || thứ ba",
            "joinTime": "19:57:43 || 2024-11-30"
        },
        {
            "id": "100085342716116",
            "count": 145,
            "ttgn": "22:26:50 || thứ ba",
            "joinTime": "19:57:43 || 2024-11-30"
        },
        {
            "id": "100060894693968",
            "count": 92,
            "ttgn": "18:53:19 || thứ hai",
            "joinTime": "19:57:43 || 2024-11-30"
        },
        {
            "id": "100090835586018",
            "count": 0,
            "ttgn": "19:57:43 || thứ bảy",
            "joinTime": "19:57:43 || 2024-11-30"
        },
        {
            "id": "100037218437125",
            "count": 14,
            "ttgn": "01:01:51 || chủ nhật",
            "joinTime": "21:17:21 || 2024-12-02"
        },
        {
            "id": "61553134410458",
            "count": 0,
            "ttgn": "21:17:21 || thứ hai",
            "joinTime": "21:17:21 || 2024-12-02"
        },
        {
            "id": "100095461628736",
            "count": 9,
            "ttgn": "18:57:34 || thứ hai",
            "joinTime": "21:04:12 || 2024-12-15"
        },
        {
            "id": "100053218521866",
            "count": 0,
            "ttgn": "21:04:12 || chủ nhật",
            "joinTime": "21:04:12 || 2024-12-15"
        },
        {
            "id": "100055154154050",
            "count": 2,
            "ttgn": "22:23:21 || thứ ba",
            "joinTime": "21:04:12 || 2024-12-15"
        },
        {
            "id": "1489675800",
            "count": 17,
            "ttgn": "21:54:31 || thứ hai",
            "joinTime": "21:04:12 || 2024-12-15"
        },
        {
            "id": "595568537",
            "count": 0,
            "ttgn": "21:04:12 || chủ nhật",
            "joinTime": "21:04:12 || 2024-12-15"
        },
        {
            "id": "100034509399052",
            "count": 0,
            "ttgn": "21:04:12 || chủ nhật",
            "joinTime": "21:04:12 || 2024-12-15"
        },
        {
            "id": "61557268024306",
            "count": 16,
            "ttgn": "21:29:36 || thứ tư",
            "joinTime": "21:04:12 || 2024-12-15"
        },
        {
            "id": "100000476258238",
            "count": 54,
            "ttgn": "21:24:06 || chủ nhật",
            "joinTime": "21:04:12 || 2024-12-15"
        },
        {
            "id": "100089947783039",
            "count": 60,
            "ttgn": "19:56:29 || thứ hai",
            "joinTime": "21:04:12 || 2024-12-15"
        },
        {
            "id": "100058800620671",
            "count": 4,
            "ttgn": "12:22:21 || thứ tư",
            "joinTime": "21:04:12 || 2024-12-15"
        },
        {
            "id": "61550582436888",
            "count": 12,
            "ttgn": "21:24:45 || chủ nhật",
            "joinTime": "21:04:12 || 2024-12-15"
        },
        {
            "id": "100084923106912",
            "count": 2,
            "ttgn": "21:07:29 || chủ nhật",
            "joinTime": "21:04:12 || 2024-12-15"
        },
        {
            "id": "100052642507538",
            "count": 332,
            "ttgn": "21:06:14 || thứ ba",
            "joinTime": "21:04:12 || 2024-12-15"
        },
        {
            "id": "100094091494812",
            "count": 3,
            "ttgn": "21:14:55 || chủ nhật",
            "joinTime": "21:12:22 || 2024-12-15"
        },
        {
            "id": "100079577807941",
            "count": 0,
            "ttgn": "21:33:10 || thứ hai",
            "joinTime": "21:33:10 || 2024-12-16"
        },
        {
            "id": "100069770504095",
            "count": 2,
            "ttgn": "18:47:04 || thứ sáu",
            "joinTime": "21:33:10 || 2024-12-16"
        },
        {
            "id": "1228817010",
            "count": 14,
            "ttgn": "22:01:41 || thứ tư",
            "joinTime": "12:10:28 || 2024-12-18"
        },
        {
            "id": "100038946913086",
            "count": 0,
            "ttgn": "12:10:28 || thứ tư",
            "joinTime": "12:10:28 || 2024-12-18"
        },
        {
            "id": "61569374596509",
            "count": 29,
            "ttgn": "12:45:45 || thứ tư",
            "joinTime": "12:10:28 || 2024-12-18"
        },
        {
            "id": "61569451376454",
            "count": 0,
            "ttgn": "12:18:20 || thứ năm",
            "joinTime": "12:18:20 || 2024-12-19"
        },
        {
            "id": "100028443555099",
            "count": 1,
            "ttgn": "18:19:48 || thứ sáu",
            "joinTime": "18:18:22 || 2024-12-20"
        },
        {
            "id": "61555015060828",
            "count": 8,
            "ttgn": "20:20:22 || thứ hai",
            "joinTime": "19:27:07 || 2024-12-20"
        },
        {
            "id": "100088817988946",
            "count": 34,
            "ttgn": "19:23:17 || thứ hai",
            "joinTime": "19:35:28 || 2024-12-20"
        },
        {
            "id": "1497804298",
            "count": 0,
            "ttgn": "23:20:59 || thứ bảy",
            "joinTime": "23:20:59 || 2024-12-21"
        },
        {
            "id": "100092492468539",
            "count": 1,
            "ttgn": "13:12:22 || thứ tư",
            "joinTime": "21:40:42 || 2024-12-24"
        },
        {
            "id": "100048593391564",
            "count": 0,
            "ttgn": "20:38:33 || thứ hai",
            "joinTime": "20:38:33 || 2025-01-06"
        },
        {
            "id": "100079159167713",
            "count": 0,
            "ttgn": "20:38:33 || thứ hai",
            "joinTime": "20:38:33 || 2025-01-06"
        },
        {
            "id": "1247419593",
            "count": 4,
            "ttgn": "00:27:48 || chủ nhật",
            "joinTime": "20:38:33 || 2025-01-06"
        },
        {
            "id": "100012371343281",
            "count": 2,
            "ttgn": "22:40:28 || thứ sáu",
            "joinTime": "20:38:33 || 2025-01-06"
        },
        {
            "id": "100086225603286",
            "count": 14,
            "ttgn": "18:46:48 || thứ hai",
            "joinTime": "20:38:33 || 2025-01-06"
        },
        {
            "id": "1797773850",
            "count": 0,
            "ttgn": "20:38:33 || thứ hai",
            "joinTime": "20:38:33 || 2025-01-06"
        },
        {
            "id": "100071132537313",
            "count": 0,
            "ttgn": "12:49:17 || thứ năm",
            "joinTime": "12:49:17 || 2025-01-09"
        },
        {
            "id": "100001693472041",
            "count": 3,
            "ttgn": "18:28:26 || thứ năm",
            "joinTime": "12:49:17 || 2025-01-09"
        },
        {
            "id": "537846897",
            "count": 9,
            "ttgn": "01:07:45 || chủ nhật",
            "joinTime": "12:49:17 || 2025-01-09"
        },
        {
            "id": "100001457548119",
            "count": 0,
            "ttgn": "12:49:17 || thứ năm",
            "joinTime": "12:49:17 || 2025-01-09"
        },
        {
            "id": "100093102425928",
            "count": 13,
            "ttgn": "01:05:37 || chủ nhật",
            "joinTime": "17:31:24 || 2025-01-09"
        },
        {
            "id": "100091500747142",
            "count": 5,
            "ttgn": "21:37:40 || thứ sáu",
            "joinTime": "21:33:04 || 2025-01-10"
        },
        {
            "id": "61571302611187",
            "count": 4,
            "ttgn": "21:49:07 || thứ sáu",
            "joinTime": "21:38:19 || 2025-01-10"
        },
        {
            "id": "61571716324164",
            "count": 27,
            "ttgn": "21:19:13 || thứ hai",
            "joinTime": "23:43:06 || 2025-01-10"
        },
        {
            "id": "61554107373295",
            "count": 3,
            "ttgn": "20:08:32 || thứ hai",
            "joinTime": "17:44:23 || 2025-01-13"
        },
        {
            "id": "61564333073018",
            "count": 0,
            "ttgn": "17:44:23 || thứ hai",
            "joinTime": "17:44:23 || 2025-01-13"
        },
        {
            "id": "100000038959241",
            "count": 0,
            "ttgn": "17:44:23 || thứ hai",
            "joinTime": "17:44:23 || 2025-01-13"
        },
        {
            "id": "61569711977129",
            "count": 0,
            "ttgn": "22:01:54 || thứ bảy",
            "joinTime": "22:01:54 || 2025-01-18"
        },
        {
            "id": "100009744612822",
            "count": 0,
            "ttgn": "22:01:54 || thứ bảy",
            "joinTime": "22:01:54 || 2025-01-18"
        },
        {
            "id": "100087652159146",
            "count": 0,
            "ttgn": "22:01:54 || thứ bảy",
            "joinTime": "22:01:54 || 2025-01-18"
        },
        {
            "id": "61572177212665",
            "count": 0,
            "ttgn": "22:01:54 || thứ bảy",
            "joinTime": "22:01:54 || 2025-01-18"
        }
    ],
    "day": [
        {
            "id": "100083205727767",
            "count": 68,
            "ttgn": "01:10:12 || chủ nhật",
            "joinTime": "07:41:17 || 2024-11-10"
        },
        {
            "id": "100085073240621",
            "count": 1,
            "ttgn": "12:02:33 || thứ ba",
            "joinTime": "07:41:17 || 2024-11-10"
        },
        {
            "id": "100073889114412",
            "count": 0,
            "ttgn": "07:44:22 || chủ nhật",
            "joinTime": "07:41:17 || 2024-11-10"
        },
        {
            "id": "100063600331393",
            "count": 112,
            "ttgn": "19:02:44 || thứ hai",
            "joinTime": "07:41:17 || 2024-11-10"
        },
        {
            "id": "100060687103752",
            "count": 15,
            "ttgn": "19:54:34 || thứ sáu",
            "joinTime": "07:41:17 || 2024-11-10"
        },
        {
            "id": "100000542968113",
            "count": 0,
            "ttgn": "07:41:17 || chủ nhật",
            "joinTime": "07:41:17 || 2024-11-10"
        },
        {
            "id": "100088737923043",
            "count": 0,
            "ttgn": "07:41:17 || chủ nhật",
            "joinTime": "07:41:17 || 2024-11-10"
        },
        {
            "id": "100090683697195",
            "count": 9,
            "ttgn": "20:46:38 || thứ hai",
            "joinTime": "07:41:17 || 2024-11-10"
        },
        {
            "id": "100072191102822",
            "count": 1,
            "ttgn": "20:50:49 || thứ sáu",
            "joinTime": "07:41:17 || 2024-11-10"
        },
        {
            "id": "509484270",
            "count": 653,
            "ttgn": "01:20:36 || chủ nhật",
            "joinTime": "07:41:17 || 2024-11-10"
        },
        {
            "id": "100082668132301",
            "count": 32,
            "ttgn": "20:13:07 || chủ nhật",
            "joinTime": "07:41:17 || 2024-11-10"
        },
        {
            "id": "100085515350448",
            "count": 0,
            "ttgn": "07:41:17 || chủ nhật",
            "joinTime": "07:41:17 || 2024-11-10"
        },
        {
            "id": "100015708247902",
            "count": 20,
            "ttgn": "20:19:17 || thứ ba",
            "joinTime": "07:41:17 || 2024-11-10"
        },
        {
            "id": "100000493975005",
            "count": 10,
            "ttgn": "19:01:24 || thứ sáu",
            "joinTime": "07:41:17 || 2024-11-10"
        },
        {
            "id": "1551310958",
            "count": 30,
            "ttgn": "15:01:35 || thứ sáu",
            "joinTime": "07:41:17 || 2024-11-10"
        },
        {
            "id": "100009801367183",
            "count": 0,
            "ttgn": "07:41:17 || chủ nhật",
            "joinTime": "07:41:17 || 2024-11-10"
        },
        {
            "id": "100020908143321",
            "count": 21,
            "ttgn": "20:25:39 || thứ ba",
            "joinTime": "07:41:17 || 2024-11-10"
        },
        {
            "id": "100080266101316",
            "count": 5,
            "ttgn": "10:01:09 || chủ nhật",
            "joinTime": "07:41:17 || 2024-11-10"
        },
        {
            "id": "100037741424837",
            "count": 55,
            "ttgn": "00:11:57 || chủ nhật",
            "joinTime": "07:41:17 || 2024-11-10"
        },
        {
            "id": "100073763480585",
            "count": 2,
            "ttgn": "16:09:01 || thứ sáu",
            "joinTime": "07:41:17 || 2024-11-10"
        },
        {
            "id": "502275138",
            "count": 37,
            "ttgn": "19:27:07 || thứ hai",
            "joinTime": "07:41:17 || 2024-11-10"
        },
        {
            "id": "61550962658401",
            "count": 6,
            "ttgn": "20:05:55 || thứ hai",
            "joinTime": "07:41:17 || 2024-11-10"
        },
        {
            "id": "61558375753756",
            "count": 149,
            "ttgn": "20:42:40 || thứ sáu",
            "joinTime": "07:41:17 || 2024-11-10"
        },
        {
            "id": "100083174347639",
            "count": 31,
            "ttgn": "22:23:48 || thứ ba",
            "joinTime": "07:41:17 || 2024-11-10"
        },
        {
            "id": "100061160525111",
            "count": 25,
            "ttgn": "20:08:22 || thứ bảy",
            "joinTime": "07:41:17 || 2024-11-10"
        },
        {
            "id": "1824557330",
            "count": 54,
            "ttgn": "22:24:09 || thứ ba",
            "joinTime": "07:41:17 || 2024-11-10"
        },
        {
            "id": "100043044991011",
            "count": 0,
            "ttgn": "07:41:17 || chủ nhật",
            "joinTime": "07:41:17 || 2024-11-10"
        },
        {
            "id": "100069040786247",
            "count": 17,
            "ttgn": "11:44:01 || chủ nhật",
            "joinTime": "07:41:17 || 2024-11-10"
        },
        {
            "id": "1528770791",
            "count": 9,
            "ttgn": "22:48:01 || thứ ba",
            "joinTime": "07:41:17 || 2024-11-10"
        },
        {
            "id": "100037140780211",
            "count": 1,
            "ttgn": "19:30:17 || thứ sáu",
            "joinTime": "07:41:17 || 2024-11-10"
        },
        {
            "id": "100040494708143",
            "count": 0,
            "ttgn": "07:41:17 || chủ nhật",
            "joinTime": "07:41:17 || 2024-11-10"
        },
        {
            "id": "61559141435743",
            "count": 0,
            "ttgn": "07:41:17 || chủ nhật",
            "joinTime": "07:41:17 || 2024-11-10"
        },
        {
            "id": "61555928436887",
            "count": 0,
            "ttgn": "07:41:17 || chủ nhật",
            "joinTime": "07:41:17 || 2024-11-10"
        },
        {
            "id": "100081129610697",
            "count": 33,
            "ttgn": "21:43:43 || chủ nhật",
            "joinTime": "07:41:17 || 2024-11-10"
        },
        {
            "id": "100000732833159",
            "count": 0,
            "ttgn": "07:41:17 || chủ nhật",
            "joinTime": "07:41:17 || 2024-11-10"
        },
        {
            "id": "100004854283037",
            "count": 0,
            "ttgn": "07:41:17 || chủ nhật",
            "joinTime": "07:41:17 || 2024-11-10"
        },
        {
            "id": "100087146773397",
            "count": 0,
            "ttgn": "07:41:17 || chủ nhật",
            "joinTime": "07:41:17 || 2024-11-10"
        },
        {
            "id": "100090095755829",
            "count": 10,
            "ttgn": "20:09:07 || thứ bảy",
            "joinTime": "07:41:17 || 2024-11-10"
        },
        {
            "id": "100002323834540",
            "count": 0,
            "ttgn": "07:41:17 || chủ nhật",
            "joinTime": "07:41:17 || 2024-11-10"
        },
        {
            "id": "100076708880515",
            "count": 12,
            "ttgn": "17:30:14 || thứ năm",
            "joinTime": "07:41:17 || 2024-11-10"
        },
        {
            "id": "1429451704",
            "count": 13,
            "ttgn": "12:28:23 || thứ tư",
            "joinTime": "07:41:17 || 2024-11-10"
        },
        {
            "id": "61567152741092",
            "count": 0,
            "ttgn": "07:41:17 || chủ nhật",
            "joinTime": "07:41:17 || 2024-11-10"
        },
        {
            "id": "100027937773675",
            "count": 4,
            "ttgn": "22:50:36 || thứ hai",
            "joinTime": "07:41:17 || 2024-11-10"
        },
        {
            "id": "100025049658407",
            "count": 0,
            "ttgn": "07:41:17 || chủ nhật",
            "joinTime": "07:41:17 || 2024-11-10"
        },
        {
            "id": "100002622022245",
            "count": 0,
            "ttgn": "07:41:17 || chủ nhật",
            "joinTime": "07:41:17 || 2024-11-10"
        },
        {
            "id": "100078067479751",
            "count": 0,
            "ttgn": "07:41:17 || chủ nhật",
            "joinTime": "07:41:17 || 2024-11-10"
        },
        {
            "id": "61566430434709",
            "count": 0,
            "ttgn": "07:41:17 || chủ nhật",
            "joinTime": "07:41:17 || 2024-11-10"
        },
        {
            "id": "100003668250966",
            "count": 0,
            "ttgn": "07:41:17 || chủ nhật",
            "joinTime": "07:41:17 || 2024-11-10"
        },
        {
            "id": "100000182288864",
            "count": 0,
            "ttgn": "07:41:17 || chủ nhật",
            "joinTime": "07:41:17 || 2024-11-10"
        },
        {
            "id": "61551214593601",
            "count": 0,
            "ttgn": "07:41:17 || chủ nhật",
            "joinTime": "07:41:17 || 2024-11-10"
        },
        {
            "id": "100000457759839",
            "count": 6,
            "ttgn": "20:05:10 || thứ sáu",
            "joinTime": "07:41:17 || 2024-11-10"
        },
        {
            "id": "100078930363394",
            "count": 572,
            "ttgn": "01:20:21 || chủ nhật",
            "joinTime": "07:41:17 || 2024-11-10"
        },
        {
            "id": "100037211391552",
            "count": 29,
            "ttgn": "19:38:16 || thứ hai",
            "joinTime": "07:41:17 || 2024-11-10"
        },
        {
            "id": "100085090800244",
            "count": 0,
            "ttgn": "07:41:17 || chủ nhật",
            "joinTime": "07:41:17 || 2024-11-10"
        },
        {
            "id": "100069864945865",
            "count": 0,
            "ttgn": "07:41:17 || chủ nhật",
            "joinTime": "07:41:17 || 2024-11-10"
        },
        {
            "id": "100092742547112",
            "count": 0,
            "ttgn": "07:41:17 || chủ nhật",
            "joinTime": "07:41:17 || 2024-11-10"
        },
        {
            "id": "61559260114955",
            "count": 0,
            "ttgn": "07:41:17 || chủ nhật",
            "joinTime": "07:41:17 || 2024-11-10"
        },
        {
            "id": "61550291008520",
            "count": 0,
            "ttgn": "07:41:17 || chủ nhật",
            "joinTime": "07:41:17 || 2024-11-10"
        },
        {
            "id": "61555625227297",
            "count": 0,
            "ttgn": "07:41:17 || chủ nhật",
            "joinTime": "07:41:17 || 2024-11-10"
        },
        {
            "id": "100092744481406",
            "count": 0,
            "ttgn": "07:41:17 || chủ nhật",
            "joinTime": "07:41:17 || 2024-11-10"
        },
        {
            "id": "100073312268227",
            "count": 0,
            "ttgn": "07:41:17 || chủ nhật",
            "joinTime": "07:41:17 || 2024-11-10"
        },
        {
            "id": "61561605959508",
            "count": 0,
            "ttgn": "07:41:17 || chủ nhật",
            "joinTime": "07:41:17 || 2024-11-10"
        },
        {
            "id": "61559815301855",
            "count": 31,
            "ttgn": "20:44:26 || thứ hai",
            "joinTime": "07:41:17 || 2024-11-10"
        },
        {
            "id": "100067045043514",
            "count": 0,
            "ttgn": "07:41:17 || chủ nhật",
            "joinTime": "07:41:17 || 2024-11-10"
        },
        {
            "id": "100073280626414",
            "count": 9,
            "ttgn": "22:19:13 || thứ ba",
            "joinTime": "07:41:17 || 2024-11-10"
        },
        {
            "id": "100014193303811",
            "count": 0,
            "ttgn": "07:41:17 || chủ nhật",
            "joinTime": "07:41:17 || 2024-11-10"
        },
        {
            "id": "100060181503926",
            "count": 0,
            "ttgn": "07:41:17 || chủ nhật",
            "joinTime": "07:41:17 || 2024-11-10"
        },
        {
            "id": "100067508386723",
            "count": 117,
            "ttgn": "19:57:56 || thứ sáu",
            "joinTime": "07:41:17 || 2024-11-10"
        },
        {
            "id": "1074491699",
            "count": 51,
            "ttgn": "12:22:43 || chủ nhật",
            "joinTime": "07:41:17 || 2024-11-10"
        },
        {
            "id": "100035731083424",
            "count": 65,
            "ttgn": "18:24:42 || thứ sáu",
            "joinTime": "07:41:17 || 2024-11-10"
        },
        {
            "id": "100075784943859",
            "count": 0,
            "ttgn": "07:41:17 || chủ nhật",
            "joinTime": "07:41:17 || 2024-11-10"
        },
        {
            "id": "100084424387341",
            "count": 5,
            "ttgn": "21:44:57 || thứ ba",
            "joinTime": "07:53:42 || 2024-11-11"
        },
        {
            "id": "1334285798",
            "count": 1,
            "ttgn": "18:14:48 || thứ sáu",
            "joinTime": "14:05:37 || 2024-11-14"
        },
        {
            "id": "100080647629698",
            "count": 10,
            "ttgn": "18:31:54 || thứ hai",
            "joinTime": "18:14:25 || 2024-11-15"
        },
        {
            "id": "100035421814099",
            "count": 150,
            "ttgn": "01:02:58 || chủ nhật",
            "joinTime": "11:13:37 || 2024-11-24"
        },
        {
            "id": "100029904845642",
            "count": 8,
            "ttgn": "16:07:16 || chủ nhật",
            "joinTime": "15:57:45 || 2024-11-24"
        },
        {
            "id": "100061172506707",
            "count": 189,
            "ttgn": "20:17:34 || thứ ba",
            "joinTime": "19:57:43 || 2024-11-30"
        },
        {
            "id": "100085342716116",
            "count": 145,
            "ttgn": "22:26:50 || thứ ba",
            "joinTime": "19:57:43 || 2024-11-30"
        },
        {
            "id": "100060894693968",
            "count": 92,
            "ttgn": "18:53:19 || thứ hai",
            "joinTime": "19:57:43 || 2024-11-30"
        },
        {
            "id": "100090835586018",
            "count": 0,
            "ttgn": "19:57:43 || thứ bảy",
            "joinTime": "19:57:43 || 2024-11-30"
        },
        {
            "id": "100037218437125",
            "count": 14,
            "ttgn": "01:01:51 || chủ nhật",
            "joinTime": "21:17:21 || 2024-12-02"
        },
        {
            "id": "61553134410458",
            "count": 0,
            "ttgn": "21:17:21 || thứ hai",
            "joinTime": "21:17:21 || 2024-12-02"
        },
        {
            "id": "100095461628736",
            "count": 9,
            "ttgn": "18:57:34 || thứ hai",
            "joinTime": "21:04:12 || 2024-12-15"
        },
        {
            "id": "100053218521866",
            "count": 0,
            "ttgn": "21:04:12 || chủ nhật",
            "joinTime": "21:04:12 || 2024-12-15"
        },
        {
            "id": "100055154154050",
            "count": 2,
            "ttgn": "22:23:21 || thứ ba",
            "joinTime": "21:04:12 || 2024-12-15"
        },
        {
            "id": "1489675800",
            "count": 17,
            "ttgn": "21:54:31 || thứ hai",
            "joinTime": "21:04:12 || 2024-12-15"
        },
        {
            "id": "595568537",
            "count": 0,
            "ttgn": "21:04:12 || chủ nhật",
            "joinTime": "21:04:12 || 2024-12-15"
        },
        {
            "id": "100034509399052",
            "count": 0,
            "ttgn": "21:04:12 || chủ nhật",
            "joinTime": "21:04:12 || 2024-12-15"
        },
        {
            "id": "61557268024306",
            "count": 16,
            "ttgn": "21:29:36 || thứ tư",
            "joinTime": "21:04:12 || 2024-12-15"
        },
        {
            "id": "100000476258238",
            "count": 54,
            "ttgn": "21:24:06 || chủ nhật",
            "joinTime": "21:04:12 || 2024-12-15"
        },
        {
            "id": "100089947783039",
            "count": 60,
            "ttgn": "19:56:29 || thứ hai",
            "joinTime": "21:04:12 || 2024-12-15"
        },
        {
            "id": "100058800620671",
            "count": 4,
            "ttgn": "12:22:21 || thứ tư",
            "joinTime": "21:04:12 || 2024-12-15"
        },
        {
            "id": "61550582436888",
            "count": 12,
            "ttgn": "21:24:45 || chủ nhật",
            "joinTime": "21:04:12 || 2024-12-15"
        },
        {
            "id": "100084923106912",
            "count": 2,
            "ttgn": "21:07:29 || chủ nhật",
            "joinTime": "21:04:12 || 2024-12-15"
        },
        {
            "id": "100052642507538",
            "count": 332,
            "ttgn": "21:06:14 || thứ ba",
            "joinTime": "21:04:12 || 2024-12-15"
        },
        {
            "id": "100094091494812",
            "count": 3,
            "ttgn": "21:14:55 || chủ nhật",
            "joinTime": "21:12:22 || 2024-12-15"
        },
        {
            "id": "100079577807941",
            "count": 0,
            "ttgn": "21:33:10 || thứ hai",
            "joinTime": "21:33:10 || 2024-12-16"
        },
        {
            "id": "100069770504095",
            "count": 2,
            "ttgn": "18:47:04 || thứ sáu",
            "joinTime": "21:33:10 || 2024-12-16"
        },
        {
            "id": "1228817010",
            "count": 14,
            "ttgn": "22:01:41 || thứ tư",
            "joinTime": "12:10:28 || 2024-12-18"
        },
        {
            "id": "100038946913086",
            "count": 0,
            "ttgn": "12:10:28 || thứ tư",
            "joinTime": "12:10:28 || 2024-12-18"
        },
        {
            "id": "61569374596509",
            "count": 29,
            "ttgn": "12:45:45 || thứ tư",
            "joinTime": "12:10:28 || 2024-12-18"
        },
        {
            "id": "61569451376454",
            "count": 0,
            "ttgn": "12:18:20 || thứ năm",
            "joinTime": "12:18:20 || 2024-12-19"
        },
        {
            "id": "100028443555099",
            "count": 1,
            "ttgn": "18:19:48 || thứ sáu",
            "joinTime": "18:18:22 || 2024-12-20"
        },
        {
            "id": "61555015060828",
            "count": 8,
            "ttgn": "20:20:22 || thứ hai",
            "joinTime": "19:27:07 || 2024-12-20"
        },
        {
            "id": "100088817988946",
            "count": 34,
            "ttgn": "19:23:17 || thứ hai",
            "joinTime": "19:35:28 || 2024-12-20"
        },
        {
            "id": "1497804298",
            "count": 0,
            "ttgn": "23:20:59 || thứ bảy",
            "joinTime": "23:20:59 || 2024-12-21"
        },
        {
            "id": "100092492468539",
            "count": 1,
            "ttgn": "13:12:22 || thứ tư",
            "joinTime": "21:40:42 || 2024-12-24"
        },
        {
            "id": "100048593391564",
            "count": 0,
            "ttgn": "20:38:33 || thứ hai",
            "joinTime": "20:38:33 || 2025-01-06"
        },
        {
            "id": "100079159167713",
            "count": 0,
            "ttgn": "20:38:33 || thứ hai",
            "joinTime": "20:38:33 || 2025-01-06"
        },
        {
            "id": "1247419593",
            "count": 4,
            "ttgn": "00:27:48 || chủ nhật",
            "joinTime": "20:38:33 || 2025-01-06"
        },
        {
            "id": "100012371343281",
            "count": 2,
            "ttgn": "22:40:28 || thứ sáu",
            "joinTime": "20:38:33 || 2025-01-06"
        },
        {
            "id": "100086225603286",
            "count": 14,
            "ttgn": "18:46:48 || thứ hai",
            "joinTime": "20:38:33 || 2025-01-06"
        },
        {
            "id": "1797773850",
            "count": 0,
            "ttgn": "20:38:33 || thứ hai",
            "joinTime": "20:38:33 || 2025-01-06"
        },
        {
            "id": "100071132537313",
            "count": 0,
            "ttgn": "12:49:17 || thứ năm",
            "joinTime": "12:49:17 || 2025-01-09"
        },
        {
            "id": "100001693472041",
            "count": 3,
            "ttgn": "18:28:26 || thứ năm",
            "joinTime": "12:49:17 || 2025-01-09"
        },
        {
            "id": "537846897",
            "count": 9,
            "ttgn": "01:07:45 || chủ nhật",
            "joinTime": "12:49:17 || 2025-01-09"
        },
        {
            "id": "100001457548119",
            "count": 0,
            "ttgn": "12:49:17 || thứ năm",
            "joinTime": "12:49:17 || 2025-01-09"
        },
        {
            "id": "100093102425928",
            "count": 13,
            "ttgn": "01:05:37 || chủ nhật",
            "joinTime": "17:31:24 || 2025-01-09"
        },
        {
            "id": "100091500747142",
            "count": 5,
            "ttgn": "21:37:40 || thứ sáu",
            "joinTime": "21:33:04 || 2025-01-10"
        },
        {
            "id": "61571302611187",
            "count": 4,
            "ttgn": "21:49:07 || thứ sáu",
            "joinTime": "21:38:19 || 2025-01-10"
        },
        {
            "id": "61571716324164",
            "count": 27,
            "ttgn": "21:19:13 || thứ hai",
            "joinTime": "23:43:06 || 2025-01-10"
        },
        {
            "id": "61554107373295",
            "count": 3,
            "ttgn": "20:08:32 || thứ hai",
            "joinTime": "17:44:23 || 2025-01-13"
        },
        {
            "id": "61564333073018",
            "count": 0,
            "ttgn": "17:44:23 || thứ hai",
            "joinTime": "17:44:23 || 2025-01-13"
        },
        {
            "id": "100000038959241",
            "count": 0,
            "ttgn": "17:44:23 || thứ hai",
            "joinTime": "17:44:23 || 2025-01-13"
        },
        {
            "id": "61569711977129",
            "count": 0,
            "ttgn": "22:01:54 || thứ bảy",
            "joinTime": "22:01:54 || 2025-01-18"
        },
        {
            "id": "100009744612822",
            "count": 0,
            "ttgn": "22:01:54 || thứ bảy",
            "joinTime": "22:01:54 || 2025-01-18"
        },
        {
            "id": "100087652159146",
            "count": 0,
            "ttgn": "22:01:54 || thứ bảy",
            "joinTime": "22:01:54 || 2025-01-18"
        },
        {
            "id": "61572177212665",
            "count": 0,
            "ttgn": "22:01:54 || thứ bảy",
            "joinTime": "22:01:54 || 2025-01-18"
        }
    ]
}