{
    "Time": "18:13:06 || 2025-01-09",
    "total": [
        {
            "id": "100073099357966",
            "count": 0,
            "ttgn": "18:13:06 || thứ năm",
            "joinTime": "18:13:06 || 2025-01-09"
        },
        {
            "id": "100073632042626",
            "count": 0,
            "ttgn": "18:13:06 || thứ năm",
            "joinTime": "18:13:06 || 2025-01-09"
        },
        {
            "id": "100069157536611",
            "count": 0,
            "ttgn": "18:13:06 || thứ năm",
            "joinTime": "18:13:06 || 2025-01-09"
        },
        {
            "id": "100071546516879",
            "count": 0,
            "ttgn": "18:13:06 || thứ năm",
            "joinTime": "18:13:06 || 2025-01-09"
        },
        {
            "id": "1334285798",
            "count": 0,
            "ttgn": "18:13:06 || thứ năm",
            "joinTime": "18:13:06 || 2025-01-09"
        },
        {
            "id": "61553123373586",
            "count": 0,
            "ttgn": "18:13:06 || thứ năm",
            "joinTime": "18:13:06 || 2025-01-09"
        },
        {
            "id": "100057141593641",
            "count": 0,
            "ttgn": "18:13:06 || thứ năm",
            "joinTime": "18:13:06 || 2025-01-09"
        },
        {
            "id": "61564533368869",
            "count": 0,
            "ttgn": "18:13:06 || thứ năm",
            "joinTime": "18:13:06 || 2025-01-09"
        },
        {
            "id": "61565027925898",
            "count": 0,
            "ttgn": "18:13:06 || thứ năm",
            "joinTime": "18:13:06 || 2025-01-09"
        },
        {
            "id": "100088171074749",
            "count": 0,
            "ttgn": "18:13:06 || thứ năm",
            "joinTime": "18:13:06 || 2025-01-09"
        },
        {
            "id": "61558608751212",
            "count": 0,
            "ttgn": "18:13:06 || thứ năm",
            "joinTime": "18:13:06 || 2025-01-09"
        },
        {
            "id": "61556822115190",
            "count": 0,
            "ttgn": "18:13:06 || thứ năm",
            "joinTime": "18:13:06 || 2025-01-09"
        },
        {
            "id": "100087947331287",
            "count": 0,
            "ttgn": "18:13:06 || thứ năm",
            "joinTime": "18:13:06 || 2025-01-09"
        },
        {
            "id": "61557918776804",
            "count": 0,
            "ttgn": "18:13:06 || thứ năm",
            "joinTime": "18:13:06 || 2025-01-09"
        },
        {
            "id": "68126864",
            "count": 0,
            "ttgn": "18:13:06 || thứ năm",
            "joinTime": "18:13:06 || 2025-01-09"
        },
        {
            "id": "61555712670336",
            "count": 0,
            "ttgn": "18:13:06 || thứ năm",
            "joinTime": "18:13:06 || 2025-01-09"
        },
        {
            "id": "100082863301047",
            "count": 0,
            "ttgn": "18:13:06 || thứ năm",
            "joinTime": "18:13:06 || 2025-01-09"
        },
        {
            "id": "61561394036723",
            "count": 0,
            "ttgn": "18:13:06 || thứ năm",
            "joinTime": "18:13:06 || 2025-01-09"
        },
        {
            "id": "100077335363364",
            "count": 0,
            "ttgn": "18:13:06 || thứ năm",
            "joinTime": "18:13:06 || 2025-01-09"
        },
        {
            "id": "100093513963859",
            "count": 0,
            "ttgn": "18:13:06 || thứ năm",
            "joinTime": "18:13:06 || 2025-01-09"
        },
        {
            "id": "100076648950068",
            "count": 0,
            "ttgn": "18:13:06 || thứ năm",
            "joinTime": "18:13:06 || 2025-01-09"
        },
        {
            "id": "100030283420579",
            "count": 0,
            "ttgn": "18:13:06 || thứ năm",
            "joinTime": "18:13:06 || 2025-01-09"
        },
        {
            "id": "100067508386723",
            "count": 0,
            "ttgn": "18:13:06 || thứ năm",
            "joinTime": "18:13:06 || 2025-01-09"
        },
        {
            "id": "100018558541724",
            "count": 0,
            "ttgn": "18:13:06 || thứ năm",
            "joinTime": "18:13:06 || 2025-01-09"
        },
        {
            "id": "100061835933011",
            "count": 0,
            "ttgn": "18:13:06 || thứ năm",
            "joinTime": "18:13:06 || 2025-01-09"
        },
        {
            "id": "100033856953051",
            "count": 0,
            "ttgn": "18:13:06 || thứ năm",
            "joinTime": "18:13:06 || 2025-01-09"
        },
        {
            "id": "100094577178973",
            "count": 0,
            "ttgn": "18:13:06 || thứ năm",
            "joinTime": "18:13:06 || 2025-01-09"
        },
        {
            "id": "61550299302675",
            "count": 0,
            "ttgn": "18:13:06 || thứ năm",
            "joinTime": "18:13:06 || 2025-01-09"
        },
        {
            "id": "100079968740510",
            "count": 0,
            "ttgn": "18:13:06 || thứ năm",
            "joinTime": "18:13:06 || 2025-01-09"
        },
        {
            "id": "100069291011898",
            "count": 0,
            "ttgn": "18:13:06 || thứ năm",
            "joinTime": "18:13:06 || 2025-01-09"
        },
        {
            "id": "100073622813115",
            "count": 0,
            "ttgn": "18:13:06 || thứ năm",
            "joinTime": "18:13:06 || 2025-01-09"
        },
        {
            "id": "100049568834414",
            "count": 3,
            "ttgn": "18:13:06 || thứ năm",
            "joinTime": "18:13:06 || 2025-01-09"
        },
        {
            "id": "100034509399052",
            "count": 0,
            "ttgn": "18:13:06 || thứ năm",
            "joinTime": "18:13:06 || 2025-01-09"
        },
        {
            "id": "61570410715490",
            "count": 0,
            "ttgn": "18:13:06 || thứ năm",
            "joinTime": "18:13:06 || 2025-01-09"
        },
        {
            "id": "61555328993973",
            "count": 0,
            "ttgn": "18:13:06 || thứ năm",
            "joinTime": "18:13:06 || 2025-01-09"
        },
        {
            "id": "100079577807941",
            "count": 0,
            "ttgn": "18:13:06 || thứ năm",
            "joinTime": "18:13:06 || 2025-01-09"
        },
        {
            "id": "1074491699",
            "count": 0,
            "ttgn": "18:13:06 || thứ năm",
            "joinTime": "18:13:06 || 2025-01-09"
        },
        {
            "id": "100014438708137",
            "count": 0,
            "ttgn": "18:13:06 || thứ năm",
            "joinTime": "18:13:06 || 2025-01-09"
        },
        {
            "id": "100089646435823",
            "count": 0,
            "ttgn": "18:13:06 || thứ năm",
            "joinTime": "18:13:06 || 2025-01-09"
        },
        {
            "id": "100093102425928",
            "count": 0,
            "ttgn": "18:13:06 || thứ năm",
            "joinTime": "18:13:06 || 2025-01-09"
        }
    ],
    "week": [
        {
            "id": "100073099357966",
            "count": 0,
            "ttgn": "18:13:06 || thứ năm",
            "joinTime": "18:13:06 || 2025-01-09"
        },
        {
            "id": "100073632042626",
            "count": 0,
            "ttgn": "18:13:06 || thứ năm",
            "joinTime": "18:13:06 || 2025-01-09"
        },
        {
            "id": "100069157536611",
            "count": 0,
            "ttgn": "18:13:06 || thứ năm",
            "joinTime": "18:13:06 || 2025-01-09"
        },
        {
            "id": "100071546516879",
            "count": 0,
            "ttgn": "18:13:06 || thứ năm",
            "joinTime": "18:13:06 || 2025-01-09"
        },
        {
            "id": "1334285798",
            "count": 0,
            "ttgn": "18:13:06 || thứ năm",
            "joinTime": "18:13:06 || 2025-01-09"
        },
        {
            "id": "61553123373586",
            "count": 0,
            "ttgn": "18:13:06 || thứ năm",
            "joinTime": "18:13:06 || 2025-01-09"
        },
        {
            "id": "100057141593641",
            "count": 0,
            "ttgn": "18:13:06 || thứ năm",
            "joinTime": "18:13:06 || 2025-01-09"
        },
        {
            "id": "61564533368869",
            "count": 0,
            "ttgn": "18:13:06 || thứ năm",
            "joinTime": "18:13:06 || 2025-01-09"
        },
        {
            "id": "61565027925898",
            "count": 0,
            "ttgn": "18:13:06 || thứ năm",
            "joinTime": "18:13:06 || 2025-01-09"
        },
        {
            "id": "100088171074749",
            "count": 0,
            "ttgn": "18:13:06 || thứ năm",
            "joinTime": "18:13:06 || 2025-01-09"
        },
        {
            "id": "61558608751212",
            "count": 0,
            "ttgn": "18:13:06 || thứ năm",
            "joinTime": "18:13:06 || 2025-01-09"
        },
        {
            "id": "61556822115190",
            "count": 0,
            "ttgn": "18:13:06 || thứ năm",
            "joinTime": "18:13:06 || 2025-01-09"
        },
        {
            "id": "100087947331287",
            "count": 0,
            "ttgn": "18:13:06 || thứ năm",
            "joinTime": "18:13:06 || 2025-01-09"
        },
        {
            "id": "61557918776804",
            "count": 0,
            "ttgn": "18:13:06 || thứ năm",
            "joinTime": "18:13:06 || 2025-01-09"
        },
        {
            "id": "68126864",
            "count": 0,
            "ttgn": "18:13:06 || thứ năm",
            "joinTime": "18:13:06 || 2025-01-09"
        },
        {
            "id": "61555712670336",
            "count": 0,
            "ttgn": "18:13:06 || thứ năm",
            "joinTime": "18:13:06 || 2025-01-09"
        },
        {
            "id": "100082863301047",
            "count": 0,
            "ttgn": "18:13:06 || thứ năm",
            "joinTime": "18:13:06 || 2025-01-09"
        },
        {
            "id": "61561394036723",
            "count": 0,
            "ttgn": "18:13:06 || thứ năm",
            "joinTime": "18:13:06 || 2025-01-09"
        },
        {
            "id": "100077335363364",
            "count": 0,
            "ttgn": "18:13:06 || thứ năm",
            "joinTime": "18:13:06 || 2025-01-09"
        },
        {
            "id": "100093513963859",
            "count": 0,
            "ttgn": "18:13:06 || thứ năm",
            "joinTime": "18:13:06 || 2025-01-09"
        },
        {
            "id": "100076648950068",
            "count": 0,
            "ttgn": "18:13:06 || thứ năm",
            "joinTime": "18:13:06 || 2025-01-09"
        },
        {
            "id": "100030283420579",
            "count": 0,
            "ttgn": "18:13:06 || thứ năm",
            "joinTime": "18:13:06 || 2025-01-09"
        },
        {
            "id": "100067508386723",
            "count": 0,
            "ttgn": "18:13:06 || thứ năm",
            "joinTime": "18:13:06 || 2025-01-09"
        },
        {
            "id": "100018558541724",
            "count": 0,
            "ttgn": "18:13:06 || thứ năm",
            "joinTime": "18:13:06 || 2025-01-09"
        },
        {
            "id": "100061835933011",
            "count": 0,
            "ttgn": "18:13:06 || thứ năm",
            "joinTime": "18:13:06 || 2025-01-09"
        },
        {
            "id": "100033856953051",
            "count": 0,
            "ttgn": "18:13:06 || thứ năm",
            "joinTime": "18:13:06 || 2025-01-09"
        },
        {
            "id": "100094577178973",
            "count": 0,
            "ttgn": "18:13:06 || thứ năm",
            "joinTime": "18:13:06 || 2025-01-09"
        },
        {
            "id": "61550299302675",
            "count": 0,
            "ttgn": "18:13:06 || thứ năm",
            "joinTime": "18:13:06 || 2025-01-09"
        },
        {
            "id": "100079968740510",
            "count": 0,
            "ttgn": "18:13:06 || thứ năm",
            "joinTime": "18:13:06 || 2025-01-09"
        },
        {
            "id": "100069291011898",
            "count": 0,
            "ttgn": "18:13:06 || thứ năm",
            "joinTime": "18:13:06 || 2025-01-09"
        },
        {
            "id": "100073622813115",
            "count": 0,
            "ttgn": "18:13:06 || thứ năm",
            "joinTime": "18:13:06 || 2025-01-09"
        },
        {
            "id": "100049568834414",
            "count": 3,
            "ttgn": "18:13:06 || thứ năm",
            "joinTime": "18:13:06 || 2025-01-09"
        },
        {
            "id": "100034509399052",
            "count": 0,
            "ttgn": "18:13:06 || thứ năm",
            "joinTime": "18:13:06 || 2025-01-09"
        },
        {
            "id": "61570410715490",
            "count": 0,
            "ttgn": "18:13:06 || thứ năm",
            "joinTime": "18:13:06 || 2025-01-09"
        },
        {
            "id": "61555328993973",
            "count": 0,
            "ttgn": "18:13:06 || thứ năm",
            "joinTime": "18:13:06 || 2025-01-09"
        },
        {
            "id": "100079577807941",
            "count": 0,
            "ttgn": "18:13:06 || thứ năm",
            "joinTime": "18:13:06 || 2025-01-09"
        },
        {
            "id": "1074491699",
            "count": 0,
            "ttgn": "18:13:06 || thứ năm",
            "joinTime": "18:13:06 || 2025-01-09"
        },
        {
            "id": "100014438708137",
            "count": 0,
            "ttgn": "18:13:06 || thứ năm",
            "joinTime": "18:13:06 || 2025-01-09"
        },
        {
            "id": "100089646435823",
            "count": 0,
            "ttgn": "18:13:06 || thứ năm",
            "joinTime": "18:13:06 || 2025-01-09"
        },
        {
            "id": "100093102425928",
            "count": 0,
            "ttgn": "18:13:06 || thứ năm",
            "joinTime": "18:13:06 || 2025-01-09"
        }
    ],
    "day": [
        {
            "id": "100073099357966",
            "count": 0,
            "ttgn": "18:13:06 || thứ năm",
            "joinTime": "18:13:06 || 2025-01-09"
        },
        {
            "id": "100073632042626",
            "count": 0,
            "ttgn": "18:13:06 || thứ năm",
            "joinTime": "18:13:06 || 2025-01-09"
        },
        {
            "id": "100069157536611",
            "count": 0,
            "ttgn": "18:13:06 || thứ năm",
            "joinTime": "18:13:06 || 2025-01-09"
        },
        {
            "id": "100071546516879",
            "count": 0,
            "ttgn": "18:13:06 || thứ năm",
            "joinTime": "18:13:06 || 2025-01-09"
        },
        {
            "id": "1334285798",
            "count": 0,
            "ttgn": "18:13:06 || thứ năm",
            "joinTime": "18:13:06 || 2025-01-09"
        },
        {
            "id": "61553123373586",
            "count": 0,
            "ttgn": "18:13:06 || thứ năm",
            "joinTime": "18:13:06 || 2025-01-09"
        },
        {
            "id": "100057141593641",
            "count": 0,
            "ttgn": "18:13:06 || thứ năm",
            "joinTime": "18:13:06 || 2025-01-09"
        },
        {
            "id": "61564533368869",
            "count": 0,
            "ttgn": "18:13:06 || thứ năm",
            "joinTime": "18:13:06 || 2025-01-09"
        },
        {
            "id": "61565027925898",
            "count": 0,
            "ttgn": "18:13:06 || thứ năm",
            "joinTime": "18:13:06 || 2025-01-09"
        },
        {
            "id": "100088171074749",
            "count": 0,
            "ttgn": "18:13:06 || thứ năm",
            "joinTime": "18:13:06 || 2025-01-09"
        },
        {
            "id": "61558608751212",
            "count": 0,
            "ttgn": "18:13:06 || thứ năm",
            "joinTime": "18:13:06 || 2025-01-09"
        },
        {
            "id": "61556822115190",
            "count": 0,
            "ttgn": "18:13:06 || thứ năm",
            "joinTime": "18:13:06 || 2025-01-09"
        },
        {
            "id": "100087947331287",
            "count": 0,
            "ttgn": "18:13:06 || thứ năm",
            "joinTime": "18:13:06 || 2025-01-09"
        },
        {
            "id": "61557918776804",
            "count": 0,
            "ttgn": "18:13:06 || thứ năm",
            "joinTime": "18:13:06 || 2025-01-09"
        },
        {
            "id": "68126864",
            "count": 0,
            "ttgn": "18:13:06 || thứ năm",
            "joinTime": "18:13:06 || 2025-01-09"
        },
        {
            "id": "61555712670336",
            "count": 0,
            "ttgn": "18:13:06 || thứ năm",
            "joinTime": "18:13:06 || 2025-01-09"
        },
        {
            "id": "100082863301047",
            "count": 0,
            "ttgn": "18:13:06 || thứ năm",
            "joinTime": "18:13:06 || 2025-01-09"
        },
        {
            "id": "61561394036723",
            "count": 0,
            "ttgn": "18:13:06 || thứ năm",
            "joinTime": "18:13:06 || 2025-01-09"
        },
        {
            "id": "100077335363364",
            "count": 0,
            "ttgn": "18:13:06 || thứ năm",
            "joinTime": "18:13:06 || 2025-01-09"
        },
        {
            "id": "100093513963859",
            "count": 0,
            "ttgn": "18:13:06 || thứ năm",
            "joinTime": "18:13:06 || 2025-01-09"
        },
        {
            "id": "100076648950068",
            "count": 0,
            "ttgn": "18:13:06 || thứ năm",
            "joinTime": "18:13:06 || 2025-01-09"
        },
        {
            "id": "100030283420579",
            "count": 0,
            "ttgn": "18:13:06 || thứ năm",
            "joinTime": "18:13:06 || 2025-01-09"
        },
        {
            "id": "100067508386723",
            "count": 0,
            "ttgn": "18:13:06 || thứ năm",
            "joinTime": "18:13:06 || 2025-01-09"
        },
        {
            "id": "100018558541724",
            "count": 0,
            "ttgn": "18:13:06 || thứ năm",
            "joinTime": "18:13:06 || 2025-01-09"
        },
        {
            "id": "100061835933011",
            "count": 0,
            "ttgn": "18:13:06 || thứ năm",
            "joinTime": "18:13:06 || 2025-01-09"
        },
        {
            "id": "100033856953051",
            "count": 0,
            "ttgn": "18:13:06 || thứ năm",
            "joinTime": "18:13:06 || 2025-01-09"
        },
        {
            "id": "100094577178973",
            "count": 0,
            "ttgn": "18:13:06 || thứ năm",
            "joinTime": "18:13:06 || 2025-01-09"
        },
        {
            "id": "61550299302675",
            "count": 0,
            "ttgn": "18:13:06 || thứ năm",
            "joinTime": "18:13:06 || 2025-01-09"
        },
        {
            "id": "100079968740510",
            "count": 0,
            "ttgn": "18:13:06 || thứ năm",
            "joinTime": "18:13:06 || 2025-01-09"
        },
        {
            "id": "100069291011898",
            "count": 0,
            "ttgn": "18:13:06 || thứ năm",
            "joinTime": "18:13:06 || 2025-01-09"
        },
        {
            "id": "100073622813115",
            "count": 0,
            "ttgn": "18:13:06 || thứ năm",
            "joinTime": "18:13:06 || 2025-01-09"
        },
        {
            "id": "100049568834414",
            "count": 3,
            "ttgn": "18:13:06 || thứ năm",
            "joinTime": "18:13:06 || 2025-01-09"
        },
        {
            "id": "100034509399052",
            "count": 0,
            "ttgn": "18:13:06 || thứ năm",
            "joinTime": "18:13:06 || 2025-01-09"
        },
        {
            "id": "61570410715490",
            "count": 0,
            "ttgn": "18:13:06 || thứ năm",
            "joinTime": "18:13:06 || 2025-01-09"
        },
        {
            "id": "61555328993973",
            "count": 0,
            "ttgn": "18:13:06 || thứ năm",
            "joinTime": "18:13:06 || 2025-01-09"
        },
        {
            "id": "100079577807941",
            "count": 0,
            "ttgn": "18:13:06 || thứ năm",
            "joinTime": "18:13:06 || 2025-01-09"
        },
        {
            "id": "1074491699",
            "count": 0,
            "ttgn": "18:13:06 || thứ năm",
            "joinTime": "18:13:06 || 2025-01-09"
        },
        {
            "id": "100014438708137",
            "count": 0,
            "ttgn": "18:13:06 || thứ năm",
            "joinTime": "18:13:06 || 2025-01-09"
        },
        {
            "id": "100089646435823",
            "count": 0,
            "ttgn": "18:13:06 || thứ năm",
            "joinTime": "18:13:06 || 2025-01-09"
        },
        {
            "id": "100093102425928",
            "count": 0,
            "ttgn": "18:13:06 || thứ năm",
            "joinTime": "18:13:06 || 2025-01-09"
        }
    ]
}