{
    "Time": "18:13:23 || 2025-01-09",
    "total": [
        {
            "id": "100037607927009",
            "count": 0,
            "ttgn": "18:13:23 || thứ năm",
            "joinTime": "18:13:23 || 2025-01-09"
        },
        {
            "id": "100047001444127",
            "count": 0,
            "ttgn": "18:13:23 || thứ năm",
            "joinTime": "18:13:23 || 2025-01-09"
        },
        {
            "id": "100016787711524",
            "count": 0,
            "ttgn": "18:13:23 || thứ năm",
            "joinTime": "18:13:23 || 2025-01-09"
        },
        {
            "id": "100092357337555",
            "count": 0,
            "ttgn": "18:13:23 || thứ năm",
            "joinTime": "18:13:23 || 2025-01-09"
        },
        {
            "id": "100081489516566",
            "count": 0,
            "ttgn": "18:13:23 || thứ năm",
            "joinTime": "18:13:23 || 2025-01-09"
        },
        {
            "id": "100034738411961",
            "count": 0,
            "ttgn": "18:13:23 || thứ năm",
            "joinTime": "18:13:23 || 2025-01-09"
        },
        {
            "id": "100086457716374",
            "count": 0,
            "ttgn": "18:13:23 || thứ năm",
            "joinTime": "18:13:23 || 2025-01-09"
        },
        {
            "id": "100054104802549",
            "count": 0,
            "ttgn": "18:13:23 || thứ năm",
            "joinTime": "18:13:23 || 2025-01-09"
        },
        {
            "id": "100071914834670",
            "count": 5,
            "ttgn": "18:13:32 || thứ năm",
            "joinTime": "18:13:23 || 2025-01-09"
        },
        {
            "id": "100067508386723",
            "count": 0,
            "ttgn": "18:13:23 || thứ năm",
            "joinTime": "18:13:23 || 2025-01-09"
        },
        {
            "id": "1074491699",
            "count": 0,
            "ttgn": "18:13:23 || thứ năm",
            "joinTime": "18:13:23 || 2025-01-09"
        },
        {
            "id": "61550579695218",
            "count": 0,
            "ttgn": "18:13:23 || thứ năm",
            "joinTime": "18:13:23 || 2025-01-09"
        },
        {
            "id": "100072193952842",
            "count": 0,
            "ttgn": "18:13:23 || thứ năm",
            "joinTime": "18:13:23 || 2025-01-09"
        },
        {
            "id": "100039134316038",
            "count": 0,
            "ttgn": "18:13:23 || thứ năm",
            "joinTime": "18:13:23 || 2025-01-09"
        },
        {
            "id": "61565955191236",
            "count": 0,
            "ttgn": "18:13:23 || thứ năm",
            "joinTime": "18:13:23 || 2025-01-09"
        },
        {
            "id": "100034928252722",
            "count": 0,
            "ttgn": "18:13:23 || thứ năm",
            "joinTime": "18:13:23 || 2025-01-09"
        },
        {
            "id": "100035977102562",
            "count": 0,
            "ttgn": "18:13:23 || thứ năm",
            "joinTime": "18:13:23 || 2025-01-09"
        },
        {
            "id": "100065651636649",
            "count": 0,
            "ttgn": "18:13:23 || thứ năm",
            "joinTime": "18:13:23 || 2025-01-09"
        },
        {
            "id": "100081119238981",
            "count": 0,
            "ttgn": "18:13:23 || thứ năm",
            "joinTime": "18:13:23 || 2025-01-09"
        },
        {
            "id": "100014151645147",
            "count": 0,
            "ttgn": "18:13:23 || thứ năm",
            "joinTime": "18:13:23 || 2025-01-09"
        },
        {
            "id": "100051114822853",
            "count": 0,
            "ttgn": "18:13:23 || thứ năm",
            "joinTime": "18:13:23 || 2025-01-09"
        },
        {
            "id": "61554082982230",
            "count": 0,
            "ttgn": "18:13:23 || thứ năm",
            "joinTime": "18:13:23 || 2025-01-09"
        },
        {
            "id": "100057815493749",
            "count": 0,
            "ttgn": "18:13:23 || thứ năm",
            "joinTime": "18:13:23 || 2025-01-09"
        },
        {
            "id": "100023777675577",
            "count": 0,
            "ttgn": "18:13:23 || thứ năm",
            "joinTime": "18:13:23 || 2025-01-09"
        },
        {
            "id": "61566543664265",
            "count": 0,
            "ttgn": "18:13:23 || thứ năm",
            "joinTime": "18:13:23 || 2025-01-09"
        },
        {
            "id": "100023908282551",
            "count": 0,
            "ttgn": "18:13:23 || thứ năm",
            "joinTime": "18:13:23 || 2025-01-09"
        },
        {
            "id": "100047263793236",
            "count": 0,
            "ttgn": "18:13:23 || thứ năm",
            "joinTime": "18:13:23 || 2025-01-09"
        },
        {
            "id": "100013333384993",
            "count": 0,
            "ttgn": "18:13:23 || thứ năm",
            "joinTime": "18:13:23 || 2025-01-09"
        },
        {
            "id": "100046495008807",
            "count": 0,
            "ttgn": "18:13:23 || thứ năm",
            "joinTime": "18:13:23 || 2025-01-09"
        },
        {
            "id": "100025201623166",
            "count": 0,
            "ttgn": "18:13:23 || thứ năm",
            "joinTime": "18:13:23 || 2025-01-09"
        },
        {
            "id": "100082137421694",
            "count": 0,
            "ttgn": "18:13:23 || thứ năm",
            "joinTime": "18:13:23 || 2025-01-09"
        },
        {
            "id": "100082031543641",
            "count": 0,
            "ttgn": "18:13:23 || thứ năm",
            "joinTime": "18:13:23 || 2025-01-09"
        },
        {
            "id": "100049230630480",
            "count": 0,
            "ttgn": "18:13:23 || thứ năm",
            "joinTime": "18:13:23 || 2025-01-09"
        },
        {
            "id": "61563777976176",
            "count": 0,
            "ttgn": "18:13:23 || thứ năm",
            "joinTime": "18:13:23 || 2025-01-09"
        },
        {
            "id": "100048569414375",
            "count": 0,
            "ttgn": "18:13:23 || thứ năm",
            "joinTime": "18:13:23 || 2025-01-09"
        },
        {
            "id": "100070754371140",
            "count": 0,
            "ttgn": "18:13:23 || thứ năm",
            "joinTime": "18:13:23 || 2025-01-09"
        },
        {
            "id": "100004258801957",
            "count": 0,
            "ttgn": "18:13:23 || thứ năm",
            "joinTime": "18:13:23 || 2025-01-09"
        },
        {
            "id": "100043707800965",
            "count": 0,
            "ttgn": "18:13:23 || thứ năm",
            "joinTime": "18:13:23 || 2025-01-09"
        },
        {
            "id": "100035231445013",
            "count": 0,
            "ttgn": "18:13:23 || thứ năm",
            "joinTime": "18:13:23 || 2025-01-09"
        },
        {
            "id": "100014167088785",
            "count": 0,
            "ttgn": "18:13:23 || thứ năm",
            "joinTime": "18:13:23 || 2025-01-09"
        },
        {
            "id": "100014140875136",
            "count": 0,
            "ttgn": "18:13:23 || thứ năm",
            "joinTime": "18:13:23 || 2025-01-09"
        },
        {
            "id": "61562065684133",
            "count": 0,
            "ttgn": "18:13:23 || thứ năm",
            "joinTime": "18:13:23 || 2025-01-09"
        },
        {
            "id": "100079577807941",
            "count": 0,
            "ttgn": "18:13:23 || thứ năm",
            "joinTime": "18:13:23 || 2025-01-09"
        },
        {
            "id": "61566532424903",
            "count": 0,
            "ttgn": "18:13:23 || thứ năm",
            "joinTime": "18:13:23 || 2025-01-09"
        },
        {
            "id": "100059052069531",
            "count": 0,
            "ttgn": "18:13:23 || thứ năm",
            "joinTime": "18:13:23 || 2025-01-09"
        },
        {
            "id": "100049946541453",
            "count": 0,
            "ttgn": "18:13:23 || thứ năm",
            "joinTime": "18:13:23 || 2025-01-09"
        },
        {
            "id": "100093102425928",
            "count": 0,
            "ttgn": "18:13:23 || thứ năm",
            "joinTime": "18:13:23 || 2025-01-09"
        },
        {
            "id": "100029463818181",
            "count": 0,
            "ttgn": "18:13:23 || thứ năm",
            "joinTime": "18:13:23 || 2025-01-09"
        },
        {
            "id": "100090018468391",
            "count": 0,
            "ttgn": "18:13:23 || thứ năm",
            "joinTime": "18:13:23 || 2025-01-09"
        }
    ],
    "week": [
        {
            "id": "100037607927009",
            "count": 0,
            "ttgn": "18:13:23 || thứ năm",
            "joinTime": "18:13:23 || 2025-01-09"
        },
        {
            "id": "100047001444127",
            "count": 0,
            "ttgn": "18:13:23 || thứ năm",
            "joinTime": "18:13:23 || 2025-01-09"
        },
        {
            "id": "100016787711524",
            "count": 0,
            "ttgn": "18:13:23 || thứ năm",
            "joinTime": "18:13:23 || 2025-01-09"
        },
        {
            "id": "100092357337555",
            "count": 0,
            "ttgn": "18:13:23 || thứ năm",
            "joinTime": "18:13:23 || 2025-01-09"
        },
        {
            "id": "100081489516566",
            "count": 0,
            "ttgn": "18:13:23 || thứ năm",
            "joinTime": "18:13:23 || 2025-01-09"
        },
        {
            "id": "100034738411961",
            "count": 0,
            "ttgn": "18:13:23 || thứ năm",
            "joinTime": "18:13:23 || 2025-01-09"
        },
        {
            "id": "100086457716374",
            "count": 0,
            "ttgn": "18:13:23 || thứ năm",
            "joinTime": "18:13:23 || 2025-01-09"
        },
        {
            "id": "100054104802549",
            "count": 0,
            "ttgn": "18:13:23 || thứ năm",
            "joinTime": "18:13:23 || 2025-01-09"
        },
        {
            "id": "100071914834670",
            "count": 5,
            "ttgn": "18:13:32 || thứ năm",
            "joinTime": "18:13:23 || 2025-01-09"
        },
        {
            "id": "100067508386723",
            "count": 0,
            "ttgn": "18:13:23 || thứ năm",
            "joinTime": "18:13:23 || 2025-01-09"
        },
        {
            "id": "1074491699",
            "count": 0,
            "ttgn": "18:13:23 || thứ năm",
            "joinTime": "18:13:23 || 2025-01-09"
        },
        {
            "id": "61550579695218",
            "count": 0,
            "ttgn": "18:13:23 || thứ năm",
            "joinTime": "18:13:23 || 2025-01-09"
        },
        {
            "id": "100072193952842",
            "count": 0,
            "ttgn": "18:13:23 || thứ năm",
            "joinTime": "18:13:23 || 2025-01-09"
        },
        {
            "id": "100039134316038",
            "count": 0,
            "ttgn": "18:13:23 || thứ năm",
            "joinTime": "18:13:23 || 2025-01-09"
        },
        {
            "id": "61565955191236",
            "count": 0,
            "ttgn": "18:13:23 || thứ năm",
            "joinTime": "18:13:23 || 2025-01-09"
        },
        {
            "id": "100034928252722",
            "count": 0,
            "ttgn": "18:13:23 || thứ năm",
            "joinTime": "18:13:23 || 2025-01-09"
        },
        {
            "id": "100035977102562",
            "count": 0,
            "ttgn": "18:13:23 || thứ năm",
            "joinTime": "18:13:23 || 2025-01-09"
        },
        {
            "id": "100065651636649",
            "count": 0,
            "ttgn": "18:13:23 || thứ năm",
            "joinTime": "18:13:23 || 2025-01-09"
        },
        {
            "id": "100081119238981",
            "count": 0,
            "ttgn": "18:13:23 || thứ năm",
            "joinTime": "18:13:23 || 2025-01-09"
        },
        {
            "id": "100014151645147",
            "count": 0,
            "ttgn": "18:13:23 || thứ năm",
            "joinTime": "18:13:23 || 2025-01-09"
        },
        {
            "id": "100051114822853",
            "count": 0,
            "ttgn": "18:13:23 || thứ năm",
            "joinTime": "18:13:23 || 2025-01-09"
        },
        {
            "id": "61554082982230",
            "count": 0,
            "ttgn": "18:13:23 || thứ năm",
            "joinTime": "18:13:23 || 2025-01-09"
        },
        {
            "id": "100057815493749",
            "count": 0,
            "ttgn": "18:13:23 || thứ năm",
            "joinTime": "18:13:23 || 2025-01-09"
        },
        {
            "id": "100023777675577",
            "count": 0,
            "ttgn": "18:13:23 || thứ năm",
            "joinTime": "18:13:23 || 2025-01-09"
        },
        {
            "id": "61566543664265",
            "count": 0,
            "ttgn": "18:13:23 || thứ năm",
            "joinTime": "18:13:23 || 2025-01-09"
        },
        {
            "id": "100023908282551",
            "count": 0,
            "ttgn": "18:13:23 || thứ năm",
            "joinTime": "18:13:23 || 2025-01-09"
        },
        {
            "id": "100047263793236",
            "count": 0,
            "ttgn": "18:13:23 || thứ năm",
            "joinTime": "18:13:23 || 2025-01-09"
        },
        {
            "id": "100013333384993",
            "count": 0,
            "ttgn": "18:13:23 || thứ năm",
            "joinTime": "18:13:23 || 2025-01-09"
        },
        {
            "id": "100046495008807",
            "count": 0,
            "ttgn": "18:13:23 || thứ năm",
            "joinTime": "18:13:23 || 2025-01-09"
        },
        {
            "id": "100025201623166",
            "count": 0,
            "ttgn": "18:13:23 || thứ năm",
            "joinTime": "18:13:23 || 2025-01-09"
        },
        {
            "id": "100082137421694",
            "count": 0,
            "ttgn": "18:13:23 || thứ năm",
            "joinTime": "18:13:23 || 2025-01-09"
        },
        {
            "id": "100082031543641",
            "count": 0,
            "ttgn": "18:13:23 || thứ năm",
            "joinTime": "18:13:23 || 2025-01-09"
        },
        {
            "id": "100049230630480",
            "count": 0,
            "ttgn": "18:13:23 || thứ năm",
            "joinTime": "18:13:23 || 2025-01-09"
        },
        {
            "id": "61563777976176",
            "count": 0,
            "ttgn": "18:13:23 || thứ năm",
            "joinTime": "18:13:23 || 2025-01-09"
        },
        {
            "id": "100048569414375",
            "count": 0,
            "ttgn": "18:13:23 || thứ năm",
            "joinTime": "18:13:23 || 2025-01-09"
        },
        {
            "id": "100070754371140",
            "count": 0,
            "ttgn": "18:13:23 || thứ năm",
            "joinTime": "18:13:23 || 2025-01-09"
        },
        {
            "id": "100004258801957",
            "count": 0,
            "ttgn": "18:13:23 || thứ năm",
            "joinTime": "18:13:23 || 2025-01-09"
        },
        {
            "id": "100043707800965",
            "count": 0,
            "ttgn": "18:13:23 || thứ năm",
            "joinTime": "18:13:23 || 2025-01-09"
        },
        {
            "id": "100035231445013",
            "count": 0,
            "ttgn": "18:13:23 || thứ năm",
            "joinTime": "18:13:23 || 2025-01-09"
        },
        {
            "id": "100014167088785",
            "count": 0,
            "ttgn": "18:13:23 || thứ năm",
            "joinTime": "18:13:23 || 2025-01-09"
        },
        {
            "id": "100014140875136",
            "count": 0,
            "ttgn": "18:13:23 || thứ năm",
            "joinTime": "18:13:23 || 2025-01-09"
        },
        {
            "id": "61562065684133",
            "count": 0,
            "ttgn": "18:13:23 || thứ năm",
            "joinTime": "18:13:23 || 2025-01-09"
        },
        {
            "id": "100079577807941",
            "count": 0,
            "ttgn": "18:13:23 || thứ năm",
            "joinTime": "18:13:23 || 2025-01-09"
        },
        {
            "id": "61566532424903",
            "count": 0,
            "ttgn": "18:13:23 || thứ năm",
            "joinTime": "18:13:23 || 2025-01-09"
        },
        {
            "id": "100059052069531",
            "count": 0,
            "ttgn": "18:13:23 || thứ năm",
            "joinTime": "18:13:23 || 2025-01-09"
        },
        {
            "id": "100049946541453",
            "count": 0,
            "ttgn": "18:13:23 || thứ năm",
            "joinTime": "18:13:23 || 2025-01-09"
        },
        {
            "id": "100093102425928",
            "count": 0,
            "ttgn": "18:13:23 || thứ năm",
            "joinTime": "18:13:23 || 2025-01-09"
        },
        {
            "id": "100029463818181",
            "count": 0,
            "ttgn": "18:13:23 || thứ năm",
            "joinTime": "18:13:23 || 2025-01-09"
        },
        {
            "id": "100090018468391",
            "count": 0,
            "ttgn": "18:13:23 || thứ năm",
            "joinTime": "18:13:23 || 2025-01-09"
        }
    ],
    "day": [
        {
            "id": "100037607927009",
            "count": 0,
            "ttgn": "18:13:23 || thứ năm",
            "joinTime": "18:13:23 || 2025-01-09"
        },
        {
            "id": "100047001444127",
            "count": 0,
            "ttgn": "18:13:23 || thứ năm",
            "joinTime": "18:13:23 || 2025-01-09"
        },
        {
            "id": "100016787711524",
            "count": 0,
            "ttgn": "18:13:23 || thứ năm",
            "joinTime": "18:13:23 || 2025-01-09"
        },
        {
            "id": "100092357337555",
            "count": 0,
            "ttgn": "18:13:23 || thứ năm",
            "joinTime": "18:13:23 || 2025-01-09"
        },
        {
            "id": "100081489516566",
            "count": 0,
            "ttgn": "18:13:23 || thứ năm",
            "joinTime": "18:13:23 || 2025-01-09"
        },
        {
            "id": "100034738411961",
            "count": 0,
            "ttgn": "18:13:23 || thứ năm",
            "joinTime": "18:13:23 || 2025-01-09"
        },
        {
            "id": "100086457716374",
            "count": 0,
            "ttgn": "18:13:23 || thứ năm",
            "joinTime": "18:13:23 || 2025-01-09"
        },
        {
            "id": "100054104802549",
            "count": 0,
            "ttgn": "18:13:23 || thứ năm",
            "joinTime": "18:13:23 || 2025-01-09"
        },
        {
            "id": "100071914834670",
            "count": 5,
            "ttgn": "18:13:32 || thứ năm",
            "joinTime": "18:13:23 || 2025-01-09"
        },
        {
            "id": "100067508386723",
            "count": 0,
            "ttgn": "18:13:23 || thứ năm",
            "joinTime": "18:13:23 || 2025-01-09"
        },
        {
            "id": "1074491699",
            "count": 0,
            "ttgn": "18:13:23 || thứ năm",
            "joinTime": "18:13:23 || 2025-01-09"
        },
        {
            "id": "61550579695218",
            "count": 0,
            "ttgn": "18:13:23 || thứ năm",
            "joinTime": "18:13:23 || 2025-01-09"
        },
        {
            "id": "100072193952842",
            "count": 0,
            "ttgn": "18:13:23 || thứ năm",
            "joinTime": "18:13:23 || 2025-01-09"
        },
        {
            "id": "100039134316038",
            "count": 0,
            "ttgn": "18:13:23 || thứ năm",
            "joinTime": "18:13:23 || 2025-01-09"
        },
        {
            "id": "61565955191236",
            "count": 0,
            "ttgn": "18:13:23 || thứ năm",
            "joinTime": "18:13:23 || 2025-01-09"
        },
        {
            "id": "100034928252722",
            "count": 0,
            "ttgn": "18:13:23 || thứ năm",
            "joinTime": "18:13:23 || 2025-01-09"
        },
        {
            "id": "100035977102562",
            "count": 0,
            "ttgn": "18:13:23 || thứ năm",
            "joinTime": "18:13:23 || 2025-01-09"
        },
        {
            "id": "100065651636649",
            "count": 0,
            "ttgn": "18:13:23 || thứ năm",
            "joinTime": "18:13:23 || 2025-01-09"
        },
        {
            "id": "100081119238981",
            "count": 0,
            "ttgn": "18:13:23 || thứ năm",
            "joinTime": "18:13:23 || 2025-01-09"
        },
        {
            "id": "100014151645147",
            "count": 0,
            "ttgn": "18:13:23 || thứ năm",
            "joinTime": "18:13:23 || 2025-01-09"
        },
        {
            "id": "100051114822853",
            "count": 0,
            "ttgn": "18:13:23 || thứ năm",
            "joinTime": "18:13:23 || 2025-01-09"
        },
        {
            "id": "61554082982230",
            "count": 0,
            "ttgn": "18:13:23 || thứ năm",
            "joinTime": "18:13:23 || 2025-01-09"
        },
        {
            "id": "100057815493749",
            "count": 0,
            "ttgn": "18:13:23 || thứ năm",
            "joinTime": "18:13:23 || 2025-01-09"
        },
        {
            "id": "100023777675577",
            "count": 0,
            "ttgn": "18:13:23 || thứ năm",
            "joinTime": "18:13:23 || 2025-01-09"
        },
        {
            "id": "61566543664265",
            "count": 0,
            "ttgn": "18:13:23 || thứ năm",
            "joinTime": "18:13:23 || 2025-01-09"
        },
        {
            "id": "100023908282551",
            "count": 0,
            "ttgn": "18:13:23 || thứ năm",
            "joinTime": "18:13:23 || 2025-01-09"
        },
        {
            "id": "100047263793236",
            "count": 0,
            "ttgn": "18:13:23 || thứ năm",
            "joinTime": "18:13:23 || 2025-01-09"
        },
        {
            "id": "100013333384993",
            "count": 0,
            "ttgn": "18:13:23 || thứ năm",
            "joinTime": "18:13:23 || 2025-01-09"
        },
        {
            "id": "100046495008807",
            "count": 0,
            "ttgn": "18:13:23 || thứ năm",
            "joinTime": "18:13:23 || 2025-01-09"
        },
        {
            "id": "100025201623166",
            "count": 0,
            "ttgn": "18:13:23 || thứ năm",
            "joinTime": "18:13:23 || 2025-01-09"
        },
        {
            "id": "100082137421694",
            "count": 0,
            "ttgn": "18:13:23 || thứ năm",
            "joinTime": "18:13:23 || 2025-01-09"
        },
        {
            "id": "100082031543641",
            "count": 0,
            "ttgn": "18:13:23 || thứ năm",
            "joinTime": "18:13:23 || 2025-01-09"
        },
        {
            "id": "100049230630480",
            "count": 0,
            "ttgn": "18:13:23 || thứ năm",
            "joinTime": "18:13:23 || 2025-01-09"
        },
        {
            "id": "61563777976176",
            "count": 0,
            "ttgn": "18:13:23 || thứ năm",
            "joinTime": "18:13:23 || 2025-01-09"
        },
        {
            "id": "100048569414375",
            "count": 0,
            "ttgn": "18:13:23 || thứ năm",
            "joinTime": "18:13:23 || 2025-01-09"
        },
        {
            "id": "100070754371140",
            "count": 0,
            "ttgn": "18:13:23 || thứ năm",
            "joinTime": "18:13:23 || 2025-01-09"
        },
        {
            "id": "100004258801957",
            "count": 0,
            "ttgn": "18:13:23 || thứ năm",
            "joinTime": "18:13:23 || 2025-01-09"
        },
        {
            "id": "100043707800965",
            "count": 0,
            "ttgn": "18:13:23 || thứ năm",
            "joinTime": "18:13:23 || 2025-01-09"
        },
        {
            "id": "100035231445013",
            "count": 0,
            "ttgn": "18:13:23 || thứ năm",
            "joinTime": "18:13:23 || 2025-01-09"
        },
        {
            "id": "100014167088785",
            "count": 0,
            "ttgn": "18:13:23 || thứ năm",
            "joinTime": "18:13:23 || 2025-01-09"
        },
        {
            "id": "100014140875136",
            "count": 0,
            "ttgn": "18:13:23 || thứ năm",
            "joinTime": "18:13:23 || 2025-01-09"
        },
        {
            "id": "61562065684133",
            "count": 0,
            "ttgn": "18:13:23 || thứ năm",
            "joinTime": "18:13:23 || 2025-01-09"
        },
        {
            "id": "100079577807941",
            "count": 0,
            "ttgn": "18:13:23 || thứ năm",
            "joinTime": "18:13:23 || 2025-01-09"
        },
        {
            "id": "61566532424903",
            "count": 0,
            "ttgn": "18:13:23 || thứ năm",
            "joinTime": "18:13:23 || 2025-01-09"
        },
        {
            "id": "100059052069531",
            "count": 0,
            "ttgn": "18:13:23 || thứ năm",
            "joinTime": "18:13:23 || 2025-01-09"
        },
        {
            "id": "100049946541453",
            "count": 0,
            "ttgn": "18:13:23 || thứ năm",
            "joinTime": "18:13:23 || 2025-01-09"
        },
        {
            "id": "100093102425928",
            "count": 0,
            "ttgn": "18:13:23 || thứ năm",
            "joinTime": "18:13:23 || 2025-01-09"
        },
        {
            "id": "100029463818181",
            "count": 0,
            "ttgn": "18:13:23 || thứ năm",
            "joinTime": "18:13:23 || 2025-01-09"
        },
        {
            "id": "100090018468391",
            "count": 0,
            "ttgn": "18:13:23 || thứ năm",
            "joinTime": "18:13:23 || 2025-01-09"
        }
    ]
}