{
    "Time": "12:25:33 || 2024-11-24",
    "total": [
        {
            "id": "100068310261131",
            "count": 1,
            "ttgn": "12:54:19 || chủ nhật",
            "joinTime": "12:25:33 || 2024-11-24"
        },
        {
            "id": "502275138",
            "count": 0,
            "ttgn": "12:25:33 || chủ nhật",
            "joinTime": "12:25:33 || 2024-11-24"
        },
        {
            "id": "100029378752728",
            "count": 0,
            "ttgn": "12:25:33 || chủ nhật",
            "joinTime": "12:25:33 || 2024-11-24"
        },
        {
            "id": "100016757713599",
            "count": 0,
            "ttgn": "12:25:33 || chủ nhật",
            "joinTime": "12:25:33 || 2024-11-24"
        },
        {
            "id": "82200402",
            "count": 0,
            "ttgn": "12:25:33 || chủ nhật",
            "joinTime": "12:25:33 || 2024-11-24"
        },
        {
            "id": "100067508386723",
            "count": 5,
            "ttgn": "12:44:01 || chủ nhật",
            "joinTime": "12:25:33 || 2024-11-24"
        },
        {
            "id": "100091738788586",
            "count": 0,
            "ttgn": "12:25:33 || chủ nhật",
            "joinTime": "12:25:33 || 2024-11-24"
        },
        {
            "id": "61553469628680",
            "count": 0,
            "ttgn": "12:25:33 || chủ nhật",
            "joinTime": "12:25:33 || 2024-11-24"
        },
        {
            "id": "100088817988946",
            "count": 0,
            "ttgn": "12:25:33 || chủ nhật",
            "joinTime": "12:25:33 || 2024-11-24"
        },
        {
            "id": "100039201377129",
            "count": 0,
            "ttgn": "12:25:33 || chủ nhật",
            "joinTime": "12:25:33 || 2024-11-24"
        },
        {
            "id": "61561753304881",
            "count": 0,
            "ttgn": "12:25:33 || chủ nhật",
            "joinTime": "12:25:33 || 2024-11-24"
        },
        {
            "id": "100092162927136",
            "count": 0,
            "ttgn": "12:25:33 || chủ nhật",
            "joinTime": "12:25:33 || 2024-11-24"
        },
        {
            "id": "61565822494268",
            "count": 0,
            "ttgn": "12:25:33 || chủ nhật",
            "joinTime": "12:25:33 || 2024-11-24"
        },
        {
            "id": "100080592595030",
            "count": 0,
            "ttgn": "12:25:33 || chủ nhật",
            "joinTime": "12:25:33 || 2024-11-24"
        },
        {
            "id": "100001589227986",
            "count": 0,
            "ttgn": "12:25:33 || chủ nhật",
            "joinTime": "12:25:33 || 2024-11-24"
        },
        {
            "id": "61561530282324",
            "count": 0,
            "ttgn": "12:25:33 || chủ nhật",
            "joinTime": "12:25:33 || 2024-11-24"
        },
        {
            "id": "100015899945736",
            "count": 0,
            "ttgn": "12:25:33 || chủ nhật",
            "joinTime": "12:25:33 || 2024-11-24"
        },
        {
            "id": "100085073240621",
            "count": 5,
            "ttgn": "12:57:51 || chủ nhật",
            "joinTime": "12:25:33 || 2024-11-24"
        },
        {
            "id": "61555712670336",
            "count": 0,
            "ttgn": "12:25:33 || chủ nhật",
            "joinTime": "12:25:33 || 2024-11-24"
        },
        {
            "id": "100037211391552",
            "count": 0,
            "ttgn": "12:25:33 || chủ nhật",
            "joinTime": "12:25:33 || 2024-11-24"
        },
        {
            "id": "537846897",
            "count": 0,
            "ttgn": "12:25:33 || chủ nhật",
            "joinTime": "12:25:33 || 2024-11-24"
        },
        {
            "id": "61568148665280",
            "count": 0,
            "ttgn": "12:25:33 || chủ nhật",
            "joinTime": "12:25:33 || 2024-11-24"
        },
        {
            "id": "100020908143321",
            "count": 2,
            "ttgn": "12:43:37 || chủ nhật",
            "joinTime": "12:25:33 || 2024-11-24"
        },
        {
            "id": "100094024399135",
            "count": 0,
            "ttgn": "12:25:33 || chủ nhật",
            "joinTime": "12:25:33 || 2024-11-24"
        },
        {
            "id": "61568878316518",
            "count": 0,
            "ttgn": "12:25:33 || chủ nhật",
            "joinTime": "12:25:33 || 2024-11-24"
        },
        {
            "id": "61558079531342",
            "count": 0,
            "ttgn": "12:25:33 || chủ nhật",
            "joinTime": "12:25:33 || 2024-11-24"
        },
        {
            "id": "100004366982560",
            "count": 0,
            "ttgn": "12:25:33 || chủ nhật",
            "joinTime": "12:25:33 || 2024-11-24"
        },
        {
            "id": "1673410132",
            "count": 0,
            "ttgn": "12:25:33 || chủ nhật",
            "joinTime": "12:25:33 || 2024-11-24"
        },
        {
            "id": "61565541694100",
            "count": 0,
            "ttgn": "12:25:33 || chủ nhật",
            "joinTime": "12:25:33 || 2024-11-24"
        },
        {
            "id": "100088304376023",
            "count": 0,
            "ttgn": "12:25:33 || chủ nhật",
            "joinTime": "12:25:33 || 2024-11-24"
        },
        {
            "id": "100013156830652",
            "count": 0,
            "ttgn": "12:25:33 || chủ nhật",
            "joinTime": "12:25:33 || 2024-11-24"
        },
        {
            "id": "1429451704",
            "count": 0,
            "ttgn": "12:25:33 || chủ nhật",
            "joinTime": "12:25:33 || 2024-11-24"
        },
        {
            "id": "61566431324194",
            "count": 0,
            "ttgn": "12:25:33 || chủ nhật",
            "joinTime": "12:25:33 || 2024-11-24"
        },
        {
            "id": "100038740121428",
            "count": 0,
            "ttgn": "12:25:33 || chủ nhật",
            "joinTime": "12:25:33 || 2024-11-24"
        },
        {
            "id": "100030967444445",
            "count": 0,
            "ttgn": "12:25:33 || chủ nhật",
            "joinTime": "12:25:33 || 2024-11-24"
        },
        {
            "id": "100000493975005",
            "count": 3,
            "ttgn": "12:25:36 || chủ nhật",
            "joinTime": "12:25:33 || 2024-11-24"
        },
        {
            "id": "100052972490106",
            "count": 0,
            "ttgn": "12:25:33 || chủ nhật",
            "joinTime": "12:25:33 || 2024-11-24"
        },
        {
            "id": "100083174347639",
            "count": 0,
            "ttgn": "12:25:33 || chủ nhật",
            "joinTime": "12:25:33 || 2024-11-24"
        },
        {
            "id": "100069864945865",
            "count": 0,
            "ttgn": "12:25:33 || chủ nhật",
            "joinTime": "12:25:33 || 2024-11-24"
        },
        {
            "id": "595568537",
            "count": 0,
            "ttgn": "12:25:33 || chủ nhật",
            "joinTime": "12:25:33 || 2024-11-24"
        },
        {
            "id": "100000732833159",
            "count": 0,
            "ttgn": "12:25:33 || chủ nhật",
            "joinTime": "12:25:33 || 2024-11-24"
        },
        {
            "id": "1193456508",
            "count": 0,
            "ttgn": "12:25:33 || chủ nhật",
            "joinTime": "12:25:33 || 2024-11-24"
        },
        {
            "id": "100084412983532",
            "count": 0,
            "ttgn": "12:25:33 || chủ nhật",
            "joinTime": "12:25:33 || 2024-11-24"
        },
        {
            "id": "61563954127882",
            "count": 0,
            "ttgn": "12:25:33 || chủ nhật",
            "joinTime": "12:25:33 || 2024-11-24"
        },
        {
            "id": "61550894610735",
            "count": 0,
            "ttgn": "12:25:33 || chủ nhật",
            "joinTime": "12:25:33 || 2024-11-24"
        },
        {
            "id": "61558441286648",
            "count": 0,
            "ttgn": "12:25:33 || chủ nhật",
            "joinTime": "12:25:33 || 2024-11-24"
        },
        {
            "id": "61550962658401",
            "count": 14,
            "ttgn": "12:57:57 || chủ nhật",
            "joinTime": "12:25:33 || 2024-11-24"
        },
        {
            "id": "1074491699",
            "count": 1,
            "ttgn": "12:25:34 || chủ nhật",
            "joinTime": "12:25:33 || 2024-11-24"
        },
        {
            "id": "61568801032424",
            "count": 1,
            "ttgn": "12:36:18 || chủ nhật",
            "joinTime": "12:25:33 || 2024-11-24"
        },
        {
            "id": "61568777121891",
            "count": 0,
            "ttgn": "12:25:33 || chủ nhật",
            "joinTime": "12:25:33 || 2024-11-24"
        },
        {
            "id": "1417149937",
            "count": 0,
            "ttgn": "12:25:33 || chủ nhật",
            "joinTime": "12:25:33 || 2024-11-24"
        },
        {
            "id": "100092345382004",
            "count": 0,
            "ttgn": "12:25:33 || chủ nhật",
            "joinTime": "12:25:33 || 2024-11-24"
        },
        {
            "id": "61565397262958",
            "count": 0,
            "ttgn": "12:25:33 || chủ nhật",
            "joinTime": "12:25:33 || 2024-11-24"
        },
        {
            "id": "100073935533208",
            "count": 0,
            "ttgn": "12:25:33 || chủ nhật",
            "joinTime": "12:25:33 || 2024-11-24"
        },
        {
            "id": "61568790512062",
            "count": 0,
            "ttgn": "12:25:33 || chủ nhật",
            "joinTime": "12:25:33 || 2024-11-24"
        },
        {
            "id": "100075355876941",
            "count": 0,
            "ttgn": "12:25:33 || chủ nhật",
            "joinTime": "12:25:33 || 2024-11-24"
        },
        {
            "id": "61568116403896",
            "count": 0,
            "ttgn": "12:25:33 || chủ nhật",
            "joinTime": "12:25:33 || 2024-11-24"
        },
        {
            "id": "61566026321333",
            "count": 0,
            "ttgn": "12:25:33 || chủ nhật",
            "joinTime": "12:25:33 || 2024-11-24"
        },
        {
            "id": "61568078214519",
            "count": 1,
            "ttgn": "12:54:15 || chủ nhật",
            "joinTime": "12:25:33 || 2024-11-24"
        },
        {
            "id": "61568367816458",
            "count": 0,
            "ttgn": "12:25:33 || chủ nhật",
            "joinTime": "12:25:33 || 2024-11-24"
        },
        {
            "id": "100070989515362",
            "count": 0,
            "ttgn": "12:25:33 || chủ nhật",
            "joinTime": "12:25:33 || 2024-11-24"
        },
        {
            "id": "100078311355582",
            "count": 5,
            "ttgn": "13:01:55 || chủ nhật",
            "joinTime": "12:25:33 || 2024-11-24"
        },
        {
            "id": "61567347087243",
            "count": 0,
            "ttgn": "12:25:33 || chủ nhật",
            "joinTime": "12:25:33 || 2024-11-24"
        },
        {
            "id": "61566328503896",
            "count": 0,
            "ttgn": "12:25:33 || chủ nhật",
            "joinTime": "12:25:33 || 2024-11-24"
        },
        {
            "id": "61568685044818",
            "count": 0,
            "ttgn": "12:25:33 || chủ nhật",
            "joinTime": "12:25:33 || 2024-11-24"
        },
        {
            "id": "100000084919300",
            "count": 0,
            "ttgn": "12:25:33 || chủ nhật",
            "joinTime": "12:25:33 || 2024-11-24"
        },
        {
            "id": "100069963343087",
            "count": 0,
            "ttgn": "12:25:33 || chủ nhật",
            "joinTime": "12:25:33 || 2024-11-24"
        },
        {
            "id": "61568531186630",
            "count": 0,
            "ttgn": "12:25:33 || chủ nhật",
            "joinTime": "12:25:33 || 2024-11-24"
        },
        {
            "id": "61569204120503",
            "count": 0,
            "ttgn": "12:25:33 || chủ nhật",
            "joinTime": "12:25:33 || 2024-11-24"
        },
        {
            "id": "100079577807941",
            "count": 2,
            "ttgn": "12:44:03 || chủ nhật",
            "joinTime": "12:25:33 || 2024-11-24"
        },
        {
            "id": "611567148",
            "count": 0,
            "ttgn": "12:25:33 || chủ nhật",
            "joinTime": "12:25:33 || 2024-11-24"
        },
        {
            "id": "61567935805492",
            "count": 0,
            "ttgn": "12:25:33 || chủ nhật",
            "joinTime": "12:25:33 || 2024-11-24"
        },
        {
            "id": "61569320904897",
            "count": 0,
            "ttgn": "12:25:33 || chủ nhật",
            "joinTime": "12:25:33 || 2024-11-24"
        },
        {
            "id": "1774621493",
            "count": 1,
            "ttgn": "12:54:14 || chủ nhật",
            "joinTime": "12:25:33 || 2024-11-24"
        },
        {
            "id": "61568416452663",
            "count": 0,
            "ttgn": "12:25:33 || chủ nhật",
            "joinTime": "12:25:33 || 2024-11-24"
        },
        {
            "id": "61561924220341",
            "count": 2,
            "ttgn": "13:01:57 || chủ nhật",
            "joinTime": "12:25:33 || 2024-11-24"
        },
        {
            "id": "61567670670329",
            "count": 0,
            "ttgn": "12:25:33 || chủ nhật",
            "joinTime": "12:25:33 || 2024-11-24"
        },
        {
            "id": "100073420669646",
            "count": 5,
            "ttgn": "12:56:42 || chủ nhật",
            "joinTime": "12:25:33 || 2024-11-24"
        },
        {
            "id": "61554162083365",
            "count": 0,
            "ttgn": "12:25:33 || chủ nhật",
            "joinTime": "12:25:33 || 2024-11-24"
        },
        {
            "id": "61565214838907",
            "count": 0,
            "ttgn": "12:25:33 || chủ nhật",
            "joinTime": "12:25:33 || 2024-11-24"
        },
        {
            "id": "61565670050526",
            "count": 2,
            "ttgn": "12:54:15 || chủ nhật",
            "joinTime": "12:25:33 || 2024-11-24"
        }
    ],
    "week": [
        {
            "id": "100068310261131",
            "count": 1,
            "ttgn": "12:54:19 || chủ nhật",
            "joinTime": "12:25:33 || 2024-11-24"
        },
        {
            "id": "502275138",
            "count": 0,
            "ttgn": "12:25:33 || chủ nhật",
            "joinTime": "12:25:33 || 2024-11-24"
        },
        {
            "id": "100029378752728",
            "count": 0,
            "ttgn": "12:25:33 || chủ nhật",
            "joinTime": "12:25:33 || 2024-11-24"
        },
        {
            "id": "100016757713599",
            "count": 0,
            "ttgn": "12:25:33 || chủ nhật",
            "joinTime": "12:25:33 || 2024-11-24"
        },
        {
            "id": "82200402",
            "count": 0,
            "ttgn": "12:25:33 || chủ nhật",
            "joinTime": "12:25:33 || 2024-11-24"
        },
        {
            "id": "100067508386723",
            "count": 5,
            "ttgn": "12:44:01 || chủ nhật",
            "joinTime": "12:25:33 || 2024-11-24"
        },
        {
            "id": "100091738788586",
            "count": 0,
            "ttgn": "12:25:33 || chủ nhật",
            "joinTime": "12:25:33 || 2024-11-24"
        },
        {
            "id": "61553469628680",
            "count": 0,
            "ttgn": "12:25:33 || chủ nhật",
            "joinTime": "12:25:33 || 2024-11-24"
        },
        {
            "id": "100088817988946",
            "count": 0,
            "ttgn": "12:25:33 || chủ nhật",
            "joinTime": "12:25:33 || 2024-11-24"
        },
        {
            "id": "100039201377129",
            "count": 0,
            "ttgn": "12:25:33 || chủ nhật",
            "joinTime": "12:25:33 || 2024-11-24"
        },
        {
            "id": "61561753304881",
            "count": 0,
            "ttgn": "12:25:33 || chủ nhật",
            "joinTime": "12:25:33 || 2024-11-24"
        },
        {
            "id": "100092162927136",
            "count": 0,
            "ttgn": "12:25:33 || chủ nhật",
            "joinTime": "12:25:33 || 2024-11-24"
        },
        {
            "id": "61565822494268",
            "count": 0,
            "ttgn": "12:25:33 || chủ nhật",
            "joinTime": "12:25:33 || 2024-11-24"
        },
        {
            "id": "100080592595030",
            "count": 0,
            "ttgn": "12:25:33 || chủ nhật",
            "joinTime": "12:25:33 || 2024-11-24"
        },
        {
            "id": "100001589227986",
            "count": 0,
            "ttgn": "12:25:33 || chủ nhật",
            "joinTime": "12:25:33 || 2024-11-24"
        },
        {
            "id": "61561530282324",
            "count": 0,
            "ttgn": "12:25:33 || chủ nhật",
            "joinTime": "12:25:33 || 2024-11-24"
        },
        {
            "id": "100015899945736",
            "count": 0,
            "ttgn": "12:25:33 || chủ nhật",
            "joinTime": "12:25:33 || 2024-11-24"
        },
        {
            "id": "100085073240621",
            "count": 5,
            "ttgn": "12:57:51 || chủ nhật",
            "joinTime": "12:25:33 || 2024-11-24"
        },
        {
            "id": "61555712670336",
            "count": 0,
            "ttgn": "12:25:33 || chủ nhật",
            "joinTime": "12:25:33 || 2024-11-24"
        },
        {
            "id": "100037211391552",
            "count": 0,
            "ttgn": "12:25:33 || chủ nhật",
            "joinTime": "12:25:33 || 2024-11-24"
        },
        {
            "id": "537846897",
            "count": 0,
            "ttgn": "12:25:33 || chủ nhật",
            "joinTime": "12:25:33 || 2024-11-24"
        },
        {
            "id": "61568148665280",
            "count": 0,
            "ttgn": "12:25:33 || chủ nhật",
            "joinTime": "12:25:33 || 2024-11-24"
        },
        {
            "id": "100020908143321",
            "count": 2,
            "ttgn": "12:43:37 || chủ nhật",
            "joinTime": "12:25:33 || 2024-11-24"
        },
        {
            "id": "100094024399135",
            "count": 0,
            "ttgn": "12:25:33 || chủ nhật",
            "joinTime": "12:25:33 || 2024-11-24"
        },
        {
            "id": "61568878316518",
            "count": 0,
            "ttgn": "12:25:33 || chủ nhật",
            "joinTime": "12:25:33 || 2024-11-24"
        },
        {
            "id": "61558079531342",
            "count": 0,
            "ttgn": "12:25:33 || chủ nhật",
            "joinTime": "12:25:33 || 2024-11-24"
        },
        {
            "id": "100004366982560",
            "count": 0,
            "ttgn": "12:25:33 || chủ nhật",
            "joinTime": "12:25:33 || 2024-11-24"
        },
        {
            "id": "1673410132",
            "count": 0,
            "ttgn": "12:25:33 || chủ nhật",
            "joinTime": "12:25:33 || 2024-11-24"
        },
        {
            "id": "61565541694100",
            "count": 0,
            "ttgn": "12:25:33 || chủ nhật",
            "joinTime": "12:25:33 || 2024-11-24"
        },
        {
            "id": "100088304376023",
            "count": 0,
            "ttgn": "12:25:33 || chủ nhật",
            "joinTime": "12:25:33 || 2024-11-24"
        },
        {
            "id": "100013156830652",
            "count": 0,
            "ttgn": "12:25:33 || chủ nhật",
            "joinTime": "12:25:33 || 2024-11-24"
        },
        {
            "id": "1429451704",
            "count": 0,
            "ttgn": "12:25:33 || chủ nhật",
            "joinTime": "12:25:33 || 2024-11-24"
        },
        {
            "id": "61566431324194",
            "count": 0,
            "ttgn": "12:25:33 || chủ nhật",
            "joinTime": "12:25:33 || 2024-11-24"
        },
        {
            "id": "100038740121428",
            "count": 0,
            "ttgn": "12:25:33 || chủ nhật",
            "joinTime": "12:25:33 || 2024-11-24"
        },
        {
            "id": "100030967444445",
            "count": 0,
            "ttgn": "12:25:33 || chủ nhật",
            "joinTime": "12:25:33 || 2024-11-24"
        },
        {
            "id": "100000493975005",
            "count": 3,
            "ttgn": "12:25:36 || chủ nhật",
            "joinTime": "12:25:33 || 2024-11-24"
        },
        {
            "id": "100052972490106",
            "count": 0,
            "ttgn": "12:25:33 || chủ nhật",
            "joinTime": "12:25:33 || 2024-11-24"
        },
        {
            "id": "100083174347639",
            "count": 0,
            "ttgn": "12:25:33 || chủ nhật",
            "joinTime": "12:25:33 || 2024-11-24"
        },
        {
            "id": "100069864945865",
            "count": 0,
            "ttgn": "12:25:33 || chủ nhật",
            "joinTime": "12:25:33 || 2024-11-24"
        },
        {
            "id": "595568537",
            "count": 0,
            "ttgn": "12:25:33 || chủ nhật",
            "joinTime": "12:25:33 || 2024-11-24"
        },
        {
            "id": "100000732833159",
            "count": 0,
            "ttgn": "12:25:33 || chủ nhật",
            "joinTime": "12:25:33 || 2024-11-24"
        },
        {
            "id": "1193456508",
            "count": 0,
            "ttgn": "12:25:33 || chủ nhật",
            "joinTime": "12:25:33 || 2024-11-24"
        },
        {
            "id": "100084412983532",
            "count": 0,
            "ttgn": "12:25:33 || chủ nhật",
            "joinTime": "12:25:33 || 2024-11-24"
        },
        {
            "id": "61563954127882",
            "count": 0,
            "ttgn": "12:25:33 || chủ nhật",
            "joinTime": "12:25:33 || 2024-11-24"
        },
        {
            "id": "61550894610735",
            "count": 0,
            "ttgn": "12:25:33 || chủ nhật",
            "joinTime": "12:25:33 || 2024-11-24"
        },
        {
            "id": "61558441286648",
            "count": 0,
            "ttgn": "12:25:33 || chủ nhật",
            "joinTime": "12:25:33 || 2024-11-24"
        },
        {
            "id": "61550962658401",
            "count": 14,
            "ttgn": "12:57:57 || chủ nhật",
            "joinTime": "12:25:33 || 2024-11-24"
        },
        {
            "id": "1074491699",
            "count": 1,
            "ttgn": "12:25:34 || chủ nhật",
            "joinTime": "12:25:33 || 2024-11-24"
        },
        {
            "id": "61568801032424",
            "count": 1,
            "ttgn": "12:36:18 || chủ nhật",
            "joinTime": "12:25:33 || 2024-11-24"
        },
        {
            "id": "61568777121891",
            "count": 0,
            "ttgn": "12:25:33 || chủ nhật",
            "joinTime": "12:25:33 || 2024-11-24"
        },
        {
            "id": "1417149937",
            "count": 0,
            "ttgn": "12:25:33 || chủ nhật",
            "joinTime": "12:25:33 || 2024-11-24"
        },
        {
            "id": "100092345382004",
            "count": 0,
            "ttgn": "12:25:33 || chủ nhật",
            "joinTime": "12:25:33 || 2024-11-24"
        },
        {
            "id": "61565397262958",
            "count": 0,
            "ttgn": "12:25:33 || chủ nhật",
            "joinTime": "12:25:33 || 2024-11-24"
        },
        {
            "id": "100073935533208",
            "count": 0,
            "ttgn": "12:25:33 || chủ nhật",
            "joinTime": "12:25:33 || 2024-11-24"
        },
        {
            "id": "61568790512062",
            "count": 0,
            "ttgn": "12:25:33 || chủ nhật",
            "joinTime": "12:25:33 || 2024-11-24"
        },
        {
            "id": "100075355876941",
            "count": 0,
            "ttgn": "12:25:33 || chủ nhật",
            "joinTime": "12:25:33 || 2024-11-24"
        },
        {
            "id": "61568116403896",
            "count": 0,
            "ttgn": "12:25:33 || chủ nhật",
            "joinTime": "12:25:33 || 2024-11-24"
        },
        {
            "id": "61566026321333",
            "count": 0,
            "ttgn": "12:25:33 || chủ nhật",
            "joinTime": "12:25:33 || 2024-11-24"
        },
        {
            "id": "61568078214519",
            "count": 1,
            "ttgn": "12:54:15 || chủ nhật",
            "joinTime": "12:25:33 || 2024-11-24"
        },
        {
            "id": "61568367816458",
            "count": 0,
            "ttgn": "12:25:33 || chủ nhật",
            "joinTime": "12:25:33 || 2024-11-24"
        },
        {
            "id": "100070989515362",
            "count": 0,
            "ttgn": "12:25:33 || chủ nhật",
            "joinTime": "12:25:33 || 2024-11-24"
        },
        {
            "id": "100078311355582",
            "count": 5,
            "ttgn": "13:01:55 || chủ nhật",
            "joinTime": "12:25:33 || 2024-11-24"
        },
        {
            "id": "61567347087243",
            "count": 0,
            "ttgn": "12:25:33 || chủ nhật",
            "joinTime": "12:25:33 || 2024-11-24"
        },
        {
            "id": "61566328503896",
            "count": 0,
            "ttgn": "12:25:33 || chủ nhật",
            "joinTime": "12:25:33 || 2024-11-24"
        },
        {
            "id": "61568685044818",
            "count": 0,
            "ttgn": "12:25:33 || chủ nhật",
            "joinTime": "12:25:33 || 2024-11-24"
        },
        {
            "id": "100000084919300",
            "count": 0,
            "ttgn": "12:25:33 || chủ nhật",
            "joinTime": "12:25:33 || 2024-11-24"
        },
        {
            "id": "100069963343087",
            "count": 0,
            "ttgn": "12:25:33 || chủ nhật",
            "joinTime": "12:25:33 || 2024-11-24"
        },
        {
            "id": "61568531186630",
            "count": 0,
            "ttgn": "12:25:33 || chủ nhật",
            "joinTime": "12:25:33 || 2024-11-24"
        },
        {
            "id": "61569204120503",
            "count": 0,
            "ttgn": "12:25:33 || chủ nhật",
            "joinTime": "12:25:33 || 2024-11-24"
        },
        {
            "id": "100079577807941",
            "count": 2,
            "ttgn": "12:44:03 || chủ nhật",
            "joinTime": "12:25:33 || 2024-11-24"
        },
        {
            "id": "611567148",
            "count": 0,
            "ttgn": "12:25:33 || chủ nhật",
            "joinTime": "12:25:33 || 2024-11-24"
        },
        {
            "id": "61567935805492",
            "count": 0,
            "ttgn": "12:25:33 || chủ nhật",
            "joinTime": "12:25:33 || 2024-11-24"
        },
        {
            "id": "61569320904897",
            "count": 0,
            "ttgn": "12:25:33 || chủ nhật",
            "joinTime": "12:25:33 || 2024-11-24"
        },
        {
            "id": "1774621493",
            "count": 1,
            "ttgn": "12:54:14 || chủ nhật",
            "joinTime": "12:25:33 || 2024-11-24"
        },
        {
            "id": "61568416452663",
            "count": 0,
            "ttgn": "12:25:33 || chủ nhật",
            "joinTime": "12:25:33 || 2024-11-24"
        },
        {
            "id": "61561924220341",
            "count": 2,
            "ttgn": "13:01:57 || chủ nhật",
            "joinTime": "12:25:33 || 2024-11-24"
        },
        {
            "id": "61567670670329",
            "count": 0,
            "ttgn": "12:25:33 || chủ nhật",
            "joinTime": "12:25:33 || 2024-11-24"
        },
        {
            "id": "100073420669646",
            "count": 5,
            "ttgn": "12:56:42 || chủ nhật",
            "joinTime": "12:25:33 || 2024-11-24"
        },
        {
            "id": "61554162083365",
            "count": 0,
            "ttgn": "12:25:33 || chủ nhật",
            "joinTime": "12:25:33 || 2024-11-24"
        },
        {
            "id": "61565214838907",
            "count": 0,
            "ttgn": "12:25:33 || chủ nhật",
            "joinTime": "12:25:33 || 2024-11-24"
        },
        {
            "id": "61565670050526",
            "count": 2,
            "ttgn": "12:54:15 || chủ nhật",
            "joinTime": "12:25:33 || 2024-11-24"
        }
    ],
    "day": [
        {
            "id": "100068310261131",
            "count": 1,
            "ttgn": "12:54:19 || chủ nhật",
            "joinTime": "12:25:33 || 2024-11-24"
        },
        {
            "id": "502275138",
            "count": 0,
            "ttgn": "12:25:33 || chủ nhật",
            "joinTime": "12:25:33 || 2024-11-24"
        },
        {
            "id": "100029378752728",
            "count": 0,
            "ttgn": "12:25:33 || chủ nhật",
            "joinTime": "12:25:33 || 2024-11-24"
        },
        {
            "id": "100016757713599",
            "count": 0,
            "ttgn": "12:25:33 || chủ nhật",
            "joinTime": "12:25:33 || 2024-11-24"
        },
        {
            "id": "82200402",
            "count": 0,
            "ttgn": "12:25:33 || chủ nhật",
            "joinTime": "12:25:33 || 2024-11-24"
        },
        {
            "id": "100067508386723",
            "count": 5,
            "ttgn": "12:44:01 || chủ nhật",
            "joinTime": "12:25:33 || 2024-11-24"
        },
        {
            "id": "100091738788586",
            "count": 0,
            "ttgn": "12:25:33 || chủ nhật",
            "joinTime": "12:25:33 || 2024-11-24"
        },
        {
            "id": "61553469628680",
            "count": 0,
            "ttgn": "12:25:33 || chủ nhật",
            "joinTime": "12:25:33 || 2024-11-24"
        },
        {
            "id": "100088817988946",
            "count": 0,
            "ttgn": "12:25:33 || chủ nhật",
            "joinTime": "12:25:33 || 2024-11-24"
        },
        {
            "id": "100039201377129",
            "count": 0,
            "ttgn": "12:25:33 || chủ nhật",
            "joinTime": "12:25:33 || 2024-11-24"
        },
        {
            "id": "61561753304881",
            "count": 0,
            "ttgn": "12:25:33 || chủ nhật",
            "joinTime": "12:25:33 || 2024-11-24"
        },
        {
            "id": "100092162927136",
            "count": 0,
            "ttgn": "12:25:33 || chủ nhật",
            "joinTime": "12:25:33 || 2024-11-24"
        },
        {
            "id": "61565822494268",
            "count": 0,
            "ttgn": "12:25:33 || chủ nhật",
            "joinTime": "12:25:33 || 2024-11-24"
        },
        {
            "id": "100080592595030",
            "count": 0,
            "ttgn": "12:25:33 || chủ nhật",
            "joinTime": "12:25:33 || 2024-11-24"
        },
        {
            "id": "100001589227986",
            "count": 0,
            "ttgn": "12:25:33 || chủ nhật",
            "joinTime": "12:25:33 || 2024-11-24"
        },
        {
            "id": "61561530282324",
            "count": 0,
            "ttgn": "12:25:33 || chủ nhật",
            "joinTime": "12:25:33 || 2024-11-24"
        },
        {
            "id": "100015899945736",
            "count": 0,
            "ttgn": "12:25:33 || chủ nhật",
            "joinTime": "12:25:33 || 2024-11-24"
        },
        {
            "id": "100085073240621",
            "count": 5,
            "ttgn": "12:57:51 || chủ nhật",
            "joinTime": "12:25:33 || 2024-11-24"
        },
        {
            "id": "61555712670336",
            "count": 0,
            "ttgn": "12:25:33 || chủ nhật",
            "joinTime": "12:25:33 || 2024-11-24"
        },
        {
            "id": "100037211391552",
            "count": 0,
            "ttgn": "12:25:33 || chủ nhật",
            "joinTime": "12:25:33 || 2024-11-24"
        },
        {
            "id": "537846897",
            "count": 0,
            "ttgn": "12:25:33 || chủ nhật",
            "joinTime": "12:25:33 || 2024-11-24"
        },
        {
            "id": "61568148665280",
            "count": 0,
            "ttgn": "12:25:33 || chủ nhật",
            "joinTime": "12:25:33 || 2024-11-24"
        },
        {
            "id": "100020908143321",
            "count": 2,
            "ttgn": "12:43:37 || chủ nhật",
            "joinTime": "12:25:33 || 2024-11-24"
        },
        {
            "id": "100094024399135",
            "count": 0,
            "ttgn": "12:25:33 || chủ nhật",
            "joinTime": "12:25:33 || 2024-11-24"
        },
        {
            "id": "61568878316518",
            "count": 0,
            "ttgn": "12:25:33 || chủ nhật",
            "joinTime": "12:25:33 || 2024-11-24"
        },
        {
            "id": "61558079531342",
            "count": 0,
            "ttgn": "12:25:33 || chủ nhật",
            "joinTime": "12:25:33 || 2024-11-24"
        },
        {
            "id": "100004366982560",
            "count": 0,
            "ttgn": "12:25:33 || chủ nhật",
            "joinTime": "12:25:33 || 2024-11-24"
        },
        {
            "id": "1673410132",
            "count": 0,
            "ttgn": "12:25:33 || chủ nhật",
            "joinTime": "12:25:33 || 2024-11-24"
        },
        {
            "id": "61565541694100",
            "count": 0,
            "ttgn": "12:25:33 || chủ nhật",
            "joinTime": "12:25:33 || 2024-11-24"
        },
        {
            "id": "100088304376023",
            "count": 0,
            "ttgn": "12:25:33 || chủ nhật",
            "joinTime": "12:25:33 || 2024-11-24"
        },
        {
            "id": "100013156830652",
            "count": 0,
            "ttgn": "12:25:33 || chủ nhật",
            "joinTime": "12:25:33 || 2024-11-24"
        },
        {
            "id": "1429451704",
            "count": 0,
            "ttgn": "12:25:33 || chủ nhật",
            "joinTime": "12:25:33 || 2024-11-24"
        },
        {
            "id": "61566431324194",
            "count": 0,
            "ttgn": "12:25:33 || chủ nhật",
            "joinTime": "12:25:33 || 2024-11-24"
        },
        {
            "id": "100038740121428",
            "count": 0,
            "ttgn": "12:25:33 || chủ nhật",
            "joinTime": "12:25:33 || 2024-11-24"
        },
        {
            "id": "100030967444445",
            "count": 0,
            "ttgn": "12:25:33 || chủ nhật",
            "joinTime": "12:25:33 || 2024-11-24"
        },
        {
            "id": "100000493975005",
            "count": 3,
            "ttgn": "12:25:36 || chủ nhật",
            "joinTime": "12:25:33 || 2024-11-24"
        },
        {
            "id": "100052972490106",
            "count": 0,
            "ttgn": "12:25:33 || chủ nhật",
            "joinTime": "12:25:33 || 2024-11-24"
        },
        {
            "id": "100083174347639",
            "count": 0,
            "ttgn": "12:25:33 || chủ nhật",
            "joinTime": "12:25:33 || 2024-11-24"
        },
        {
            "id": "100069864945865",
            "count": 0,
            "ttgn": "12:25:33 || chủ nhật",
            "joinTime": "12:25:33 || 2024-11-24"
        },
        {
            "id": "595568537",
            "count": 0,
            "ttgn": "12:25:33 || chủ nhật",
            "joinTime": "12:25:33 || 2024-11-24"
        },
        {
            "id": "100000732833159",
            "count": 0,
            "ttgn": "12:25:33 || chủ nhật",
            "joinTime": "12:25:33 || 2024-11-24"
        },
        {
            "id": "1193456508",
            "count": 0,
            "ttgn": "12:25:33 || chủ nhật",
            "joinTime": "12:25:33 || 2024-11-24"
        },
        {
            "id": "100084412983532",
            "count": 0,
            "ttgn": "12:25:33 || chủ nhật",
            "joinTime": "12:25:33 || 2024-11-24"
        },
        {
            "id": "61563954127882",
            "count": 0,
            "ttgn": "12:25:33 || chủ nhật",
            "joinTime": "12:25:33 || 2024-11-24"
        },
        {
            "id": "61550894610735",
            "count": 0,
            "ttgn": "12:25:33 || chủ nhật",
            "joinTime": "12:25:33 || 2024-11-24"
        },
        {
            "id": "61558441286648",
            "count": 0,
            "ttgn": "12:25:33 || chủ nhật",
            "joinTime": "12:25:33 || 2024-11-24"
        },
        {
            "id": "61550962658401",
            "count": 14,
            "ttgn": "12:57:57 || chủ nhật",
            "joinTime": "12:25:33 || 2024-11-24"
        },
        {
            "id": "1074491699",
            "count": 1,
            "ttgn": "12:25:34 || chủ nhật",
            "joinTime": "12:25:33 || 2024-11-24"
        },
        {
            "id": "61568801032424",
            "count": 1,
            "ttgn": "12:36:18 || chủ nhật",
            "joinTime": "12:25:33 || 2024-11-24"
        },
        {
            "id": "61568777121891",
            "count": 0,
            "ttgn": "12:25:33 || chủ nhật",
            "joinTime": "12:25:33 || 2024-11-24"
        },
        {
            "id": "1417149937",
            "count": 0,
            "ttgn": "12:25:33 || chủ nhật",
            "joinTime": "12:25:33 || 2024-11-24"
        },
        {
            "id": "100092345382004",
            "count": 0,
            "ttgn": "12:25:33 || chủ nhật",
            "joinTime": "12:25:33 || 2024-11-24"
        },
        {
            "id": "61565397262958",
            "count": 0,
            "ttgn": "12:25:33 || chủ nhật",
            "joinTime": "12:25:33 || 2024-11-24"
        },
        {
            "id": "100073935533208",
            "count": 0,
            "ttgn": "12:25:33 || chủ nhật",
            "joinTime": "12:25:33 || 2024-11-24"
        },
        {
            "id": "61568790512062",
            "count": 0,
            "ttgn": "12:25:33 || chủ nhật",
            "joinTime": "12:25:33 || 2024-11-24"
        },
        {
            "id": "100075355876941",
            "count": 0,
            "ttgn": "12:25:33 || chủ nhật",
            "joinTime": "12:25:33 || 2024-11-24"
        },
        {
            "id": "61568116403896",
            "count": 0,
            "ttgn": "12:25:33 || chủ nhật",
            "joinTime": "12:25:33 || 2024-11-24"
        },
        {
            "id": "61566026321333",
            "count": 0,
            "ttgn": "12:25:33 || chủ nhật",
            "joinTime": "12:25:33 || 2024-11-24"
        },
        {
            "id": "61568078214519",
            "count": 1,
            "ttgn": "12:54:15 || chủ nhật",
            "joinTime": "12:25:33 || 2024-11-24"
        },
        {
            "id": "61568367816458",
            "count": 0,
            "ttgn": "12:25:33 || chủ nhật",
            "joinTime": "12:25:33 || 2024-11-24"
        },
        {
            "id": "100070989515362",
            "count": 0,
            "ttgn": "12:25:33 || chủ nhật",
            "joinTime": "12:25:33 || 2024-11-24"
        },
        {
            "id": "100078311355582",
            "count": 5,
            "ttgn": "13:01:55 || chủ nhật",
            "joinTime": "12:25:33 || 2024-11-24"
        },
        {
            "id": "61567347087243",
            "count": 0,
            "ttgn": "12:25:33 || chủ nhật",
            "joinTime": "12:25:33 || 2024-11-24"
        },
        {
            "id": "61566328503896",
            "count": 0,
            "ttgn": "12:25:33 || chủ nhật",
            "joinTime": "12:25:33 || 2024-11-24"
        },
        {
            "id": "61568685044818",
            "count": 0,
            "ttgn": "12:25:33 || chủ nhật",
            "joinTime": "12:25:33 || 2024-11-24"
        },
        {
            "id": "100000084919300",
            "count": 0,
            "ttgn": "12:25:33 || chủ nhật",
            "joinTime": "12:25:33 || 2024-11-24"
        },
        {
            "id": "100069963343087",
            "count": 0,
            "ttgn": "12:25:33 || chủ nhật",
            "joinTime": "12:25:33 || 2024-11-24"
        },
        {
            "id": "61568531186630",
            "count": 0,
            "ttgn": "12:25:33 || chủ nhật",
            "joinTime": "12:25:33 || 2024-11-24"
        },
        {
            "id": "61569204120503",
            "count": 0,
            "ttgn": "12:25:33 || chủ nhật",
            "joinTime": "12:25:33 || 2024-11-24"
        },
        {
            "id": "100079577807941",
            "count": 2,
            "ttgn": "12:44:03 || chủ nhật",
            "joinTime": "12:25:33 || 2024-11-24"
        },
        {
            "id": "611567148",
            "count": 0,
            "ttgn": "12:25:33 || chủ nhật",
            "joinTime": "12:25:33 || 2024-11-24"
        },
        {
            "id": "61567935805492",
            "count": 0,
            "ttgn": "12:25:33 || chủ nhật",
            "joinTime": "12:25:33 || 2024-11-24"
        },
        {
            "id": "61569320904897",
            "count": 0,
            "ttgn": "12:25:33 || chủ nhật",
            "joinTime": "12:25:33 || 2024-11-24"
        },
        {
            "id": "1774621493",
            "count": 1,
            "ttgn": "12:54:14 || chủ nhật",
            "joinTime": "12:25:33 || 2024-11-24"
        },
        {
            "id": "61568416452663",
            "count": 0,
            "ttgn": "12:25:33 || chủ nhật",
            "joinTime": "12:25:33 || 2024-11-24"
        },
        {
            "id": "61561924220341",
            "count": 2,
            "ttgn": "13:01:57 || chủ nhật",
            "joinTime": "12:25:33 || 2024-11-24"
        },
        {
            "id": "61567670670329",
            "count": 0,
            "ttgn": "12:25:33 || chủ nhật",
            "joinTime": "12:25:33 || 2024-11-24"
        },
        {
            "id": "100073420669646",
            "count": 5,
            "ttgn": "12:56:42 || chủ nhật",
            "joinTime": "12:25:33 || 2024-11-24"
        },
        {
            "id": "61554162083365",
            "count": 0,
            "ttgn": "12:25:33 || chủ nhật",
            "joinTime": "12:25:33 || 2024-11-24"
        },
        {
            "id": "61565214838907",
            "count": 0,
            "ttgn": "12:25:33 || chủ nhật",
            "joinTime": "12:25:33 || 2024-11-24"
        },
        {
            "id": "61565670050526",
            "count": 2,
            "ttgn": "12:54:15 || chủ nhật",
            "joinTime": "12:25:33 || 2024-11-24"
        }
    ]
}