{
    "total": [
        {
            "id": "752206983",
            "count": 0
        },
        {
            "id": "1824557330",
            "count": 0
        },
        {
            "id": "100000166365548",
            "count": 0
        },
        {
            "id": "100007848254532",
            "count": 0
        },
        {
            "id": "100020908143321",
            "count": 0
        },
        {
            "id": "100035731083424",
            "count": 0
        },
        {
            "id": "100037211391552",
            "count": 0
        },
        {
            "id": "100037741424837",
            "count": 0
        },
        {
            "id": "100040761302134",
            "count": 0
        },
        {
            "id": "100075885595966",
            "count": 0
        },
        {
            "id": "100075355876941",
            "count": 0
        },
        {
            "id": "100028356152567",
            "count": 0
        },
        {
            "id": "557026100",
            "count": 0
        },
        {
            "id": "100000182288864",
            "count": 0
        },
        {
            "id": "100003668250966",
            "count": 0
        },
        {
            "id": "100083205727767",
            "count": 0
        },
        {
            "id": "1489675800",
            "count": 0
        },
        {
            "id": "100000493975005",
            "count": 0
        },
        {
            "id": "1551310958",
            "count": 0
        },
        {
            "id": "100014958216759",
            "count": 0
        },
        {
            "id": "100085130240990",
            "count": 0
        },
        {
            "id": "100077716125292",
            "count": 0
        },
        {
            "id": "535335875",
            "count": 0
        },
        {
            "id": "100061160525111",
            "count": 0
        },
        {
            "id": "100086415765506",
            "count": 0
        },
        {
            "id": "61555928436887",
            "count": 0
        },
        {
            "id": "100090202309588",
            "count": 0
        },
        {
            "id": "100087652159146",
            "count": 0
        },
        {
            "id": "100035421814099",
            "count": 0
        },
        {
            "id": "100051271041420",
            "count": 0
        },
        {
            "id": "100012371343281",
            "count": 0
        },
        {
            "id": "100001624277957",
            "count": 0
        },
        {
            "id": "100080647629698",
            "count": 0
        },
        {
            "id": "100093638045927",
            "count": 0
        },
        {
            "id": "100063600331393",
            "count": 18
        },
        {
            "id": "100001709441543",
            "count": 0
        },
        {
            "id": "100092492468539",
            "count": 0
        },
        {
            "id": "61553852017289",
            "count": 0
        },
        {
            "id": "509484270",
            "count": 0
        },
        {
            "id": "100073280626414",
            "count": 0
        },
        {
            "id": "7032948",
            "count": 0
        },
        {
            "id": "100070648095967",
            "count": 0
        },
        {
            "id": "100070815402204",
            "count": 0
        },
        {
            "id": "795840092",
            "count": 0
        },
        {
            "id": "1247419593",
            "count": 0
        },
        {
            "id": "100078912878262",
            "count": 0
        },
        {
            "id": "509981420",
            "count": 0
        },
        {
            "id": "100084424387341",
            "count": 0
        },
        {
            "id": "635885978",
            "count": 0
        },
        {
            "id": "61556131035355",
            "count": 1
        },
        {
            "id": "100072900513635",
            "count": 0
        },
        {
            "id": "100083746256639",
            "count": 0
        },
        {
            "id": "100037218437125",
            "count": 0
        },
        {
            "id": "100038520633641",
            "count": 0
        },
        {
            "id": "100064332876546",
            "count": 0
        },
        {
            "id": "100006741249946",
            "count": 0
        },
        {
            "id": "100027819015232",
            "count": 0
        },
        {
            "id": "100000214497723",
            "count": 0
        },
        {
            "id": "100005523840658",
            "count": 0
        },
        {
            "id": "1275434514",
            "count": 0
        },
        {
            "id": "100092742547112",
            "count": 0
        },
        {
            "id": "100073763480585",
            "count": 0
        },
        {
            "id": "1519741715",
            "count": 0
        },
        {
            "id": "100093347761252",
            "count": 0
        },
        {
            "id": "61569657772972",
            "count": 0
        },
        {
            "id": "100032711211418",
            "count": 0
        },
        {
            "id": "100077640740148",
            "count": 0
        },
        {
            "id": "502275138",
            "count": 0
        },
        {
            "id": "100043044991011",
            "count": 0
        },
        {
            "id": "100015708247902",
            "count": 0
        },
        {
            "id": "1270787329",
            "count": 0
        },
        {
            "id": "61579289000434",
            "count": 0
        },
        {
            "id": "100093290443434",
            "count": 0
        }
    ],
    "week": [
        {
            "id": "752206983",
            "count": 0
        },
        {
            "id": "1824557330",
            "count": 0
        },
        {
            "id": "100000166365548",
            "count": 0
        },
        {
            "id": "100007848254532",
            "count": 0
        },
        {
            "id": "100020908143321",
            "count": 0
        },
        {
            "id": "100035731083424",
            "count": 0
        },
        {
            "id": "100037211391552",
            "count": 0
        },
        {
            "id": "100037741424837",
            "count": 0
        },
        {
            "id": "100040761302134",
            "count": 0
        },
        {
            "id": "100075885595966",
            "count": 0
        },
        {
            "id": "100075355876941",
            "count": 0
        },
        {
            "id": "100028356152567",
            "count": 0
        },
        {
            "id": "557026100",
            "count": 0
        },
        {
            "id": "100000182288864",
            "count": 0
        },
        {
            "id": "100003668250966",
            "count": 0
        },
        {
            "id": "100083205727767",
            "count": 0
        },
        {
            "id": "1489675800",
            "count": 0
        },
        {
            "id": "100000493975005",
            "count": 0
        },
        {
            "id": "1551310958",
            "count": 0
        },
        {
            "id": "100014958216759",
            "count": 0
        },
        {
            "id": "100085130240990",
            "count": 0
        },
        {
            "id": "100077716125292",
            "count": 0
        },
        {
            "id": "535335875",
            "count": 0
        },
        {
            "id": "100061160525111",
            "count": 0
        },
        {
            "id": "100086415765506",
            "count": 0
        },
        {
            "id": "61555928436887",
            "count": 0
        },
        {
            "id": "100090202309588",
            "count": 0
        },
        {
            "id": "100087652159146",
            "count": 0
        },
        {
            "id": "100035421814099",
            "count": 0
        },
        {
            "id": "100051271041420",
            "count": 0
        },
        {
            "id": "100012371343281",
            "count": 0
        },
        {
            "id": "100001624277957",
            "count": 0
        },
        {
            "id": "100080647629698",
            "count": 0
        },
        {
            "id": "100093638045927",
            "count": 0
        },
        {
            "id": "100063600331393",
            "count": 18
        },
        {
            "id": "100001709441543",
            "count": 0
        },
        {
            "id": "100092492468539",
            "count": 0
        },
        {
            "id": "61553852017289",
            "count": 0
        },
        {
            "id": "509484270",
            "count": 0
        },
        {
            "id": "100073280626414",
            "count": 0
        },
        {
            "id": "7032948",
            "count": 0
        },
        {
            "id": "100070648095967",
            "count": 0
        },
        {
            "id": "100070815402204",
            "count": 0
        },
        {
            "id": "795840092",
            "count": 0
        },
        {
            "id": "1247419593",
            "count": 0
        },
        {
            "id": "100078912878262",
            "count": 0
        },
        {
            "id": "509981420",
            "count": 0
        },
        {
            "id": "100084424387341",
            "count": 0
        },
        {
            "id": "635885978",
            "count": 0
        },
        {
            "id": "61556131035355",
            "count": 1
        },
        {
            "id": "100072900513635",
            "count": 0
        },
        {
            "id": "100083746256639",
            "count": 0
        },
        {
            "id": "100037218437125",
            "count": 0
        },
        {
            "id": "100038520633641",
            "count": 0
        },
        {
            "id": "100064332876546",
            "count": 0
        },
        {
            "id": "100006741249946",
            "count": 0
        },
        {
            "id": "100027819015232",
            "count": 0
        },
        {
            "id": "100000214497723",
            "count": 0
        },
        {
            "id": "100005523840658",
            "count": 0
        },
        {
            "id": "1275434514",
            "count": 0
        },
        {
            "id": "100092742547112",
            "count": 0
        },
        {
            "id": "100073763480585",
            "count": 0
        },
        {
            "id": "1519741715",
            "count": 0
        },
        {
            "id": "100093347761252",
            "count": 0
        },
        {
            "id": "61569657772972",
            "count": 0
        },
        {
            "id": "100032711211418",
            "count": 0
        },
        {
            "id": "100077640740148",
            "count": 0
        },
        {
            "id": "502275138",
            "count": 0
        },
        {
            "id": "100043044991011",
            "count": 0
        },
        {
            "id": "100015708247902",
            "count": 0
        },
        {
            "id": "1270787329",
            "count": 0
        },
        {
            "id": "61579289000434",
            "count": 0
        },
        {
            "id": "100093290443434",
            "count": 0
        }
    ],
    "day": [
        {
            "id": "752206983",
            "count": 0
        },
        {
            "id": "1824557330",
            "count": 0
        },
        {
            "id": "100000166365548",
            "count": 0
        },
        {
            "id": "100007848254532",
            "count": 0
        },
        {
            "id": "100020908143321",
            "count": 0
        },
        {
            "id": "100035731083424",
            "count": 0
        },
        {
            "id": "100037211391552",
            "count": 0
        },
        {
            "id": "100037741424837",
            "count": 0
        },
        {
            "id": "100040761302134",
            "count": 0
        },
        {
            "id": "100075885595966",
            "count": 0
        },
        {
            "id": "100075355876941",
            "count": 0
        },
        {
            "id": "100028356152567",
            "count": 0
        },
        {
            "id": "557026100",
            "count": 0
        },
        {
            "id": "100000182288864",
            "count": 0
        },
        {
            "id": "100003668250966",
            "count": 0
        },
        {
            "id": "100083205727767",
            "count": 0
        },
        {
            "id": "1489675800",
            "count": 0
        },
        {
            "id": "100000493975005",
            "count": 0
        },
        {
            "id": "1551310958",
            "count": 0
        },
        {
            "id": "100014958216759",
            "count": 0
        },
        {
            "id": "100085130240990",
            "count": 0
        },
        {
            "id": "100077716125292",
            "count": 0
        },
        {
            "id": "535335875",
            "count": 0
        },
        {
            "id": "100061160525111",
            "count": 0
        },
        {
            "id": "100086415765506",
            "count": 0
        },
        {
            "id": "61555928436887",
            "count": 0
        },
        {
            "id": "100090202309588",
            "count": 0
        },
        {
            "id": "100087652159146",
            "count": 0
        },
        {
            "id": "100035421814099",
            "count": 0
        },
        {
            "id": "100051271041420",
            "count": 0
        },
        {
            "id": "100012371343281",
            "count": 0
        },
        {
            "id": "100001624277957",
            "count": 0
        },
        {
            "id": "100080647629698",
            "count": 0
        },
        {
            "id": "100093638045927",
            "count": 0
        },
        {
            "id": "100063600331393",
            "count": 18
        },
        {
            "id": "100001709441543",
            "count": 0
        },
        {
            "id": "100092492468539",
            "count": 0
        },
        {
            "id": "61553852017289",
            "count": 0
        },
        {
            "id": "509484270",
            "count": 0
        },
        {
            "id": "100073280626414",
            "count": 0
        },
        {
            "id": "7032948",
            "count": 0
        },
        {
            "id": "100070648095967",
            "count": 0
        },
        {
            "id": "100070815402204",
            "count": 0
        },
        {
            "id": "795840092",
            "count": 0
        },
        {
            "id": "1247419593",
            "count": 0
        },
        {
            "id": "100078912878262",
            "count": 0
        },
        {
            "id": "509981420",
            "count": 0
        },
        {
            "id": "100084424387341",
            "count": 0
        },
        {
            "id": "635885978",
            "count": 0
        },
        {
            "id": "61556131035355",
            "count": 1
        },
        {
            "id": "100072900513635",
            "count": 0
        },
        {
            "id": "100083746256639",
            "count": 0
        },
        {
            "id": "100037218437125",
            "count": 0
        },
        {
            "id": "100038520633641",
            "count": 0
        },
        {
            "id": "100064332876546",
            "count": 0
        },
        {
            "id": "100006741249946",
            "count": 0
        },
        {
            "id": "100027819015232",
            "count": 0
        },
        {
            "id": "100000214497723",
            "count": 0
        },
        {
            "id": "100005523840658",
            "count": 0
        },
        {
            "id": "1275434514",
            "count": 0
        },
        {
            "id": "100092742547112",
            "count": 0
        },
        {
            "id": "100073763480585",
            "count": 0
        },
        {
            "id": "1519741715",
            "count": 0
        },
        {
            "id": "100093347761252",
            "count": 0
        },
        {
            "id": "61569657772972",
            "count": 0
        },
        {
            "id": "100032711211418",
            "count": 0
        },
        {
            "id": "100077640740148",
            "count": 0
        },
        {
            "id": "502275138",
            "count": 0
        },
        {
            "id": "100043044991011",
            "count": 0
        },
        {
            "id": "100015708247902",
            "count": 0
        },
        {
            "id": "1270787329",
            "count": 0
        },
        {
            "id": "61579289000434",
            "count": 0
        },
        {
            "id": "100093290443434",
            "count": 0
        }
    ],
    "time": 4,
    "last": {
        "time": 4,
        "day": [
            {
                "id": "752206983",
                "count": 0
            },
            {
                "id": "1824557330",
                "count": 0
            },
            {
                "id": "100000166365548",
                "count": 0
            },
            {
                "id": "100007848254532",
                "count": 0
            },
            {
                "id": "100020908143321",
                "count": 0
            },
            {
                "id": "100035731083424",
                "count": 0
            },
            {
                "id": "100037211391552",
                "count": 0
            },
            {
                "id": "100037741424837",
                "count": 0
            },
            {
                "id": "100040761302134",
                "count": 0
            },
            {
                "id": "100075885595966",
                "count": 0
            },
            {
                "id": "100075355876941",
                "count": 0
            },
            {
                "id": "100028356152567",
                "count": 0
            },
            {
                "id": "557026100",
                "count": 0
            },
            {
                "id": "100000182288864",
                "count": 0
            },
            {
                "id": "100003668250966",
                "count": 0
            },
            {
                "id": "100083205727767",
                "count": 0
            },
            {
                "id": "1489675800",
                "count": 0
            },
            {
                "id": "100000493975005",
                "count": 0
            },
            {
                "id": "1551310958",
                "count": 0
            },
            {
                "id": "100014958216759",
                "count": 0
            },
            {
                "id": "100085130240990",
                "count": 0
            },
            {
                "id": "100077716125292",
                "count": 0
            },
            {
                "id": "535335875",
                "count": 0
            },
            {
                "id": "100061160525111",
                "count": 0
            },
            {
                "id": "593577006",
                "count": 0
            },
            {
                "id": "100086415765506",
                "count": 0
            },
            {
                "id": "61555928436887",
                "count": 0
            },
            {
                "id": "100090202309588",
                "count": 0
            },
            {
                "id": "100087652159146",
                "count": 0
            },
            {
                "id": "100035421814099",
                "count": 0
            },
            {
                "id": "100051271041420",
                "count": 0
            },
            {
                "id": "100012371343281",
                "count": 0
            },
            {
                "id": "100001624277957",
                "count": 0
            },
            {
                "id": "100080647629698",
                "count": 0
            },
            {
                "id": "100093638045927",
                "count": 0
            },
            {
                "id": "100063600331393",
                "count": 0
            },
            {
                "id": "100001709441543",
                "count": 0
            },
            {
                "id": "100092492468539",
                "count": 0
            },
            {
                "id": "100004161273568",
                "count": 0
            },
            {
                "id": "61553852017289",
                "count": 0
            },
            {
                "id": "509484270",
                "count": 0
            },
            {
                "id": "100077455430992",
                "count": 0
            },
            {
                "id": "100073280626414",
                "count": 0
            },
            {
                "id": "7032948",
                "count": 0
            },
            {
                "id": "100070648095967",
                "count": 0
            },
            {
                "id": "100070815402204",
                "count": 0
            },
            {
                "id": "795840092",
                "count": 0
            },
            {
                "id": "1247419593",
                "count": 0
            },
            {
                "id": "100078912878262",
                "count": 0
            },
            {
                "id": "509981420",
                "count": 0
            },
            {
                "id": "100084424387341",
                "count": 0
            },
            {
                "id": "635885978",
                "count": 0
            },
            {
                "id": "61556131035355",
                "count": 0
            },
            {
                "id": "100072900513635",
                "count": 0
            },
            {
                "id": "100083746256639",
                "count": 0
            },
            {
                "id": "100037218437125",
                "count": 0
            },
            {
                "id": "100038520633641",
                "count": 0
            },
            {
                "id": "100064332876546",
                "count": 0
            },
            {
                "id": "100007117144532",
                "count": 0
            },
            {
                "id": "100006741249946",
                "count": 0
            },
            {
                "id": "100027819015232",
                "count": 0
            },
            {
                "id": "100000214497723",
                "count": 0
            },
            {
                "id": "100072451285668",
                "count": 0
            },
            {
                "id": "100005523840658",
                "count": 0
            },
            {
                "id": "1275434514",
                "count": 0
            },
            {
                "id": "100092742547112",
                "count": 0
            },
            {
                "id": "100073763480585",
                "count": 0
            },
            {
                "id": "1519741715",
                "count": 0
            },
            {
                "id": "100093347761252",
                "count": 0
            },
            {
                "id": "61569657772972",
                "count": 0
            },
            {
                "id": "100032711211418",
                "count": 0
            },
            {
                "id": "100077640740148",
                "count": 0
            },
            {
                "id": "502275138",
                "count": 0
            },
            {
                "id": "100043044991011",
                "count": 0
            },
            {
                "id": "100015708247902",
                "count": 0
            },
            {
                "id": "1270787329",
                "count": 0
            },
            {
                "id": "61579289000434",
                "count": 0
            },
            {
                "id": "100093290443434",
                "count": 0
            }
        ],
        "week": [
            {
                "id": "752206983",
                "count": 0
            },
            {
                "id": "1824557330",
                "count": 0
            },
            {
                "id": "100000166365548",
                "count": 0
            },
            {
                "id": "100007848254532",
                "count": 0
            },
            {
                "id": "100020908143321",
                "count": 0
            },
            {
                "id": "100035731083424",
                "count": 0
            },
            {
                "id": "100037211391552",
                "count": 0
            },
            {
                "id": "100037741424837",
                "count": 0
            },
            {
                "id": "100040761302134",
                "count": 0
            },
            {
                "id": "100075885595966",
                "count": 0
            },
            {
                "id": "100075355876941",
                "count": 0
            },
            {
                "id": "100028356152567",
                "count": 0
            },
            {
                "id": "557026100",
                "count": 0
            },
            {
                "id": "100000182288864",
                "count": 0
            },
            {
                "id": "100003668250966",
                "count": 0
            },
            {
                "id": "100083205727767",
                "count": 0
            },
            {
                "id": "1489675800",
                "count": 0
            },
            {
                "id": "100000493975005",
                "count": 0
            },
            {
                "id": "1551310958",
                "count": 0
            },
            {
                "id": "100014958216759",
                "count": 0
            },
            {
                "id": "100085130240990",
                "count": 0
            },
            {
                "id": "100077716125292",
                "count": 0
            },
            {
                "id": "535335875",
                "count": 0
            },
            {
                "id": "100061160525111",
                "count": 0
            },
            {
                "id": "593577006",
                "count": 0
            },
            {
                "id": "100086415765506",
                "count": 0
            },
            {
                "id": "61555928436887",
                "count": 0
            },
            {
                "id": "100090202309588",
                "count": 0
            },
            {
                "id": "100087652159146",
                "count": 0
            },
            {
                "id": "100035421814099",
                "count": 0
            },
            {
                "id": "100051271041420",
                "count": 0
            },
            {
                "id": "100012371343281",
                "count": 0
            },
            {
                "id": "100001624277957",
                "count": 0
            },
            {
                "id": "100080647629698",
                "count": 0
            },
            {
                "id": "100093638045927",
                "count": 0
            },
            {
                "id": "100063600331393",
                "count": 0
            },
            {
                "id": "100001709441543",
                "count": 0
            },
            {
                "id": "100092492468539",
                "count": 0
            },
            {
                "id": "100004161273568",
                "count": 0
            },
            {
                "id": "61553852017289",
                "count": 0
            },
            {
                "id": "509484270",
                "count": 0
            },
            {
                "id": "100077455430992",
                "count": 0
            },
            {
                "id": "100073280626414",
                "count": 0
            },
            {
                "id": "7032948",
                "count": 0
            },
            {
                "id": "100070648095967",
                "count": 0
            },
            {
                "id": "100070815402204",
                "count": 0
            },
            {
                "id": "795840092",
                "count": 0
            },
            {
                "id": "1247419593",
                "count": 0
            },
            {
                "id": "100078912878262",
                "count": 0
            },
            {
                "id": "509981420",
                "count": 0
            },
            {
                "id": "100084424387341",
                "count": 0
            },
            {
                "id": "635885978",
                "count": 0
            },
            {
                "id": "61556131035355",
                "count": 0
            },
            {
                "id": "100072900513635",
                "count": 0
            },
            {
                "id": "100083746256639",
                "count": 0
            },
            {
                "id": "100037218437125",
                "count": 0
            },
            {
                "id": "100038520633641",
                "count": 0
            },
            {
                "id": "100064332876546",
                "count": 0
            },
            {
                "id": "100007117144532",
                "count": 0
            },
            {
                "id": "100006741249946",
                "count": 0
            },
            {
                "id": "100027819015232",
                "count": 0
            },
            {
                "id": "100000214497723",
                "count": 0
            },
            {
                "id": "100072451285668",
                "count": 0
            },
            {
                "id": "100005523840658",
                "count": 0
            },
            {
                "id": "1275434514",
                "count": 0
            },
            {
                "id": "100092742547112",
                "count": 0
            },
            {
                "id": "100073763480585",
                "count": 0
            },
            {
                "id": "1519741715",
                "count": 0
            },
            {
                "id": "100093347761252",
                "count": 0
            },
            {
                "id": "61569657772972",
                "count": 0
            },
            {
                "id": "100032711211418",
                "count": 0
            },
            {
                "id": "100077640740148",
                "count": 0
            },
            {
                "id": "502275138",
                "count": 0
            },
            {
                "id": "100043044991011",
                "count": 0
            },
            {
                "id": "100015708247902",
                "count": 0
            },
            {
                "id": "1270787329",
                "count": 0
            },
            {
                "id": "61579289000434",
                "count": 0
            },
            {
                "id": "100093290443434",
                "count": 0
            }
        ]
    }
}