{
    "Time": "12:29:26 || 2024-11-24",
    "total": [
        {
            "id": "100048726790889",
            "count": 0,
            "ttgn": "12:29:26 || chủ nhật",
            "joinTime": "12:29:26 || 2024-11-24"
        },
        {
            "id": "100084842035826",
            "count": 3,
            "ttgn": "12:29:26 || chủ nhật",
            "joinTime": "12:29:26 || 2024-11-24"
        },
        {
            "id": "100018787231944",
            "count": 0,
            "ttgn": "12:29:26 || chủ nhật",
            "joinTime": "12:29:26 || 2024-11-24"
        },
        {
            "id": "100011536213473",
            "count": 7,
            "ttgn": "13:11:13 || chủ nhật",
            "joinTime": "12:29:26 || 2024-11-24"
        },
        {
            "id": "100028294743762",
            "count": 0,
            "ttgn": "12:29:26 || chủ nhật",
            "joinTime": "12:29:26 || 2024-11-24"
        },
        {
            "id": "100004786924046",
            "count": 0,
            "ttgn": "12:29:26 || chủ nhật",
            "joinTime": "12:29:26 || 2024-11-24"
        },
        {
            "id": "100035474752742",
            "count": 0,
            "ttgn": "12:29:26 || chủ nhật",
            "joinTime": "12:29:26 || 2024-11-24"
        },
        {
            "id": "100038072691164",
            "count": 0,
            "ttgn": "12:29:26 || chủ nhật",
            "joinTime": "12:29:26 || 2024-11-24"
        },
        {
            "id": "100033230004383",
            "count": 0,
            "ttgn": "12:29:26 || chủ nhật",
            "joinTime": "12:29:26 || 2024-11-24"
        },
        {
            "id": "100021728917577",
            "count": 0,
            "ttgn": "12:29:26 || chủ nhật",
            "joinTime": "12:29:26 || 2024-11-24"
        },
        {
            "id": "100059033253224",
            "count": 0,
            "ttgn": "12:29:26 || chủ nhật",
            "joinTime": "12:29:26 || 2024-11-24"
        },
        {
            "id": "100070367165750",
            "count": 0,
            "ttgn": "12:29:26 || chủ nhật",
            "joinTime": "12:29:26 || 2024-11-24"
        },
        {
            "id": "100063801875258",
            "count": 0,
            "ttgn": "12:29:26 || chủ nhật",
            "joinTime": "12:29:26 || 2024-11-24"
        },
        {
            "id": "100079268626843",
            "count": 0,
            "ttgn": "12:29:26 || chủ nhật",
            "joinTime": "12:29:26 || 2024-11-24"
        },
        {
            "id": "100022779631989",
            "count": 0,
            "ttgn": "12:29:26 || chủ nhật",
            "joinTime": "12:29:26 || 2024-11-24"
        },
        {
            "id": "100050886007264",
            "count": 0,
            "ttgn": "12:29:26 || chủ nhật",
            "joinTime": "12:29:26 || 2024-11-24"
        },
        {
            "id": "100047654101277",
            "count": 0,
            "ttgn": "12:29:26 || chủ nhật",
            "joinTime": "12:29:26 || 2024-11-24"
        },
        {
            "id": "100025827510144",
            "count": 0,
            "ttgn": "12:29:26 || chủ nhật",
            "joinTime": "12:29:26 || 2024-11-24"
        },
        {
            "id": "61553016367281",
            "count": 0,
            "ttgn": "12:29:26 || chủ nhật",
            "joinTime": "12:29:26 || 2024-11-24"
        },
        {
            "id": "100028300396827",
            "count": 0,
            "ttgn": "12:29:26 || chủ nhật",
            "joinTime": "12:29:26 || 2024-11-24"
        },
        {
            "id": "100084045962453",
            "count": 0,
            "ttgn": "12:29:26 || chủ nhật",
            "joinTime": "12:29:26 || 2024-11-24"
        },
        {
            "id": "100036660437583",
            "count": 0,
            "ttgn": "12:29:26 || chủ nhật",
            "joinTime": "12:29:26 || 2024-11-24"
        },
        {
            "id": "100025521142598",
            "count": 0,
            "ttgn": "12:29:26 || chủ nhật",
            "joinTime": "12:29:26 || 2024-11-24"
        },
        {
            "id": "100041986540989",
            "count": 0,
            "ttgn": "12:29:26 || chủ nhật",
            "joinTime": "12:29:26 || 2024-11-24"
        },
        {
            "id": "61555841243050",
            "count": 0,
            "ttgn": "12:29:26 || chủ nhật",
            "joinTime": "12:29:26 || 2024-11-24"
        },
        {
            "id": "100007848254532",
            "count": 0,
            "ttgn": "12:29:26 || chủ nhật",
            "joinTime": "12:29:26 || 2024-11-24"
        },
        {
            "id": "100070030202205",
            "count": 0,
            "ttgn": "12:29:26 || chủ nhật",
            "joinTime": "12:29:26 || 2024-11-24"
        },
        {
            "id": "61556943344348",
            "count": 0,
            "ttgn": "12:29:26 || chủ nhật",
            "joinTime": "12:29:26 || 2024-11-24"
        },
        {
            "id": "100055824878280",
            "count": 0,
            "ttgn": "12:29:26 || chủ nhật",
            "joinTime": "12:29:26 || 2024-11-24"
        },
        {
            "id": "100050137593949",
            "count": 0,
            "ttgn": "12:29:26 || chủ nhật",
            "joinTime": "12:29:26 || 2024-11-24"
        },
        {
            "id": "61558594873497",
            "count": 0,
            "ttgn": "12:29:26 || chủ nhật",
            "joinTime": "12:29:26 || 2024-11-24"
        },
        {
            "id": "100030718642967",
            "count": 0,
            "ttgn": "12:29:26 || chủ nhật",
            "joinTime": "12:29:26 || 2024-11-24"
        },
        {
            "id": "100009104165691",
            "count": 0,
            "ttgn": "12:29:26 || chủ nhật",
            "joinTime": "12:29:26 || 2024-11-24"
        },
        {
            "id": "100061485830405",
            "count": 0,
            "ttgn": "12:29:26 || chủ nhật",
            "joinTime": "12:29:26 || 2024-11-24"
        },
        {
            "id": "100003274931865",
            "count": 0,
            "ttgn": "12:29:26 || chủ nhật",
            "joinTime": "12:29:26 || 2024-11-24"
        },
        {
            "id": "100050640426492",
            "count": 0,
            "ttgn": "12:29:26 || chủ nhật",
            "joinTime": "12:29:26 || 2024-11-24"
        },
        {
            "id": "100045739083065",
            "count": 0,
            "ttgn": "12:29:26 || chủ nhật",
            "joinTime": "12:29:26 || 2024-11-24"
        },
        {
            "id": "100004442375953",
            "count": 0,
            "ttgn": "12:29:26 || chủ nhật",
            "joinTime": "12:29:26 || 2024-11-24"
        },
        {
            "id": "100082413982686",
            "count": 0,
            "ttgn": "12:29:26 || chủ nhật",
            "joinTime": "12:29:26 || 2024-11-24"
        },
        {
            "id": "100084948750793",
            "count": 0,
            "ttgn": "12:29:26 || chủ nhật",
            "joinTime": "12:29:26 || 2024-11-24"
        },
        {
            "id": "100045167343663",
            "count": 0,
            "ttgn": "12:29:26 || chủ nhật",
            "joinTime": "12:29:26 || 2024-11-24"
        },
        {
            "id": "100037528042253",
            "count": 0,
            "ttgn": "12:29:26 || chủ nhật",
            "joinTime": "12:29:26 || 2024-11-24"
        },
        {
            "id": "100003199527919",
            "count": 0,
            "ttgn": "12:29:26 || chủ nhật",
            "joinTime": "12:29:26 || 2024-11-24"
        },
        {
            "id": "61553550935382",
            "count": 0,
            "ttgn": "12:29:26 || chủ nhật",
            "joinTime": "12:29:26 || 2024-11-24"
        },
        {
            "id": "100008875056002",
            "count": 6,
            "ttgn": "13:11:33 || chủ nhật",
            "joinTime": "12:29:26 || 2024-11-24"
        },
        {
            "id": "100053843261819",
            "count": 0,
            "ttgn": "12:29:26 || chủ nhật",
            "joinTime": "12:29:26 || 2024-11-24"
        },
        {
            "id": "100004333142934",
            "count": 0,
            "ttgn": "12:29:26 || chủ nhật",
            "joinTime": "12:29:26 || 2024-11-24"
        },
        {
            "id": "100005491667828",
            "count": 0,
            "ttgn": "12:29:26 || chủ nhật",
            "joinTime": "12:29:26 || 2024-11-24"
        },
        {
            "id": "100008057057158",
            "count": 0,
            "ttgn": "12:29:26 || chủ nhật",
            "joinTime": "12:29:26 || 2024-11-24"
        },
        {
            "id": "100012177168662",
            "count": 0,
            "ttgn": "12:29:26 || chủ nhật",
            "joinTime": "12:29:26 || 2024-11-24"
        },
        {
            "id": "100003153675783",
            "count": 0,
            "ttgn": "12:29:26 || chủ nhật",
            "joinTime": "12:29:26 || 2024-11-24"
        },
        {
            "id": "100003263403600",
            "count": 0,
            "ttgn": "12:29:26 || chủ nhật",
            "joinTime": "12:29:26 || 2024-11-24"
        },
        {
            "id": "100088221465911",
            "count": 0,
            "ttgn": "12:29:26 || chủ nhật",
            "joinTime": "12:29:26 || 2024-11-24"
        },
        {
            "id": "100022712659044",
            "count": 2,
            "ttgn": "13:10:58 || chủ nhật",
            "joinTime": "12:29:26 || 2024-11-24"
        },
        {
            "id": "100072847290008",
            "count": 0,
            "ttgn": "12:29:26 || chủ nhật",
            "joinTime": "12:29:26 || 2024-11-24"
        },
        {
            "id": "100036499398869",
            "count": 0,
            "ttgn": "12:29:26 || chủ nhật",
            "joinTime": "12:29:26 || 2024-11-24"
        },
        {
            "id": "100010301355012",
            "count": 0,
            "ttgn": "12:29:26 || chủ nhật",
            "joinTime": "12:29:26 || 2024-11-24"
        },
        {
            "id": "100029075715807",
            "count": 0,
            "ttgn": "12:29:26 || chủ nhật",
            "joinTime": "12:29:26 || 2024-11-24"
        },
        {
            "id": "100044519595397",
            "count": 0,
            "ttgn": "12:29:26 || chủ nhật",
            "joinTime": "12:29:26 || 2024-11-24"
        },
        {
            "id": "100010564808947",
            "count": 0,
            "ttgn": "12:29:26 || chủ nhật",
            "joinTime": "12:29:26 || 2024-11-24"
        },
        {
            "id": "100049952738166",
            "count": 0,
            "ttgn": "12:29:26 || chủ nhật",
            "joinTime": "12:29:26 || 2024-11-24"
        },
        {
            "id": "100009627678729",
            "count": 0,
            "ttgn": "12:29:26 || chủ nhật",
            "joinTime": "12:29:26 || 2024-11-24"
        },
        {
            "id": "100080002462146",
            "count": 0,
            "ttgn": "12:29:26 || chủ nhật",
            "joinTime": "12:29:26 || 2024-11-24"
        },
        {
            "id": "100063825631501",
            "count": 0,
            "ttgn": "12:29:26 || chủ nhật",
            "joinTime": "12:29:26 || 2024-11-24"
        },
        {
            "id": "100012336852307",
            "count": 0,
            "ttgn": "12:29:26 || chủ nhật",
            "joinTime": "12:29:26 || 2024-11-24"
        },
        {
            "id": "100036019153009",
            "count": 0,
            "ttgn": "12:29:26 || chủ nhật",
            "joinTime": "12:29:26 || 2024-11-24"
        },
        {
            "id": "100067508386723",
            "count": 0,
            "ttgn": "12:29:26 || chủ nhật",
            "joinTime": "12:29:26 || 2024-11-24"
        },
        {
            "id": "100074785972379",
            "count": 0,
            "ttgn": "12:29:26 || chủ nhật",
            "joinTime": "12:29:26 || 2024-11-24"
        },
        {
            "id": "100080930054875",
            "count": 0,
            "ttgn": "12:29:26 || chủ nhật",
            "joinTime": "12:29:26 || 2024-11-24"
        },
        {
            "id": "61555834841823",
            "count": 0,
            "ttgn": "12:29:26 || chủ nhật",
            "joinTime": "12:29:26 || 2024-11-24"
        },
        {
            "id": "100087549259827",
            "count": 0,
            "ttgn": "12:29:26 || chủ nhật",
            "joinTime": "12:29:26 || 2024-11-24"
        },
        {
            "id": "100068867563403",
            "count": 0,
            "ttgn": "12:29:26 || chủ nhật",
            "joinTime": "12:29:26 || 2024-11-24"
        },
        {
            "id": "100079577807941",
            "count": 0,
            "ttgn": "12:29:26 || chủ nhật",
            "joinTime": "12:29:26 || 2024-11-24"
        },
        {
            "id": "1334285798",
            "count": 0,
            "ttgn": "12:29:26 || chủ nhật",
            "joinTime": "12:29:26 || 2024-11-24"
        },
        {
            "id": "100035475691298",
            "count": 0,
            "ttgn": "12:29:26 || chủ nhật",
            "joinTime": "12:29:26 || 2024-11-24"
        },
        {
            "id": "100029268621308",
            "count": 0,
            "ttgn": "12:29:26 || chủ nhật",
            "joinTime": "12:29:26 || 2024-11-24"
        },
        {
            "id": "100054802230985",
            "count": 0,
            "ttgn": "12:29:26 || chủ nhật",
            "joinTime": "12:29:26 || 2024-11-24"
        },
        {
            "id": "100028187479777",
            "count": 0,
            "ttgn": "12:29:26 || chủ nhật",
            "joinTime": "12:29:26 || 2024-11-24"
        },
        {
            "id": "61550904929676",
            "count": 0,
            "ttgn": "12:29:26 || chủ nhật",
            "joinTime": "12:29:26 || 2024-11-24"
        },
        {
            "id": "100075115397002",
            "count": 0,
            "ttgn": "12:29:26 || chủ nhật",
            "joinTime": "12:29:26 || 2024-11-24"
        },
        {
            "id": "61561736904258",
            "count": 0,
            "ttgn": "12:29:26 || chủ nhật",
            "joinTime": "12:29:26 || 2024-11-24"
        },
        {
            "id": "100003482383898",
            "count": 0,
            "ttgn": "12:29:26 || chủ nhật",
            "joinTime": "12:29:26 || 2024-11-24"
        },
        {
            "id": "100070130272582",
            "count": 0,
            "ttgn": "12:29:26 || chủ nhật",
            "joinTime": "12:29:26 || 2024-11-24"
        },
        {
            "id": "100004209604082",
            "count": 0,
            "ttgn": "12:29:26 || chủ nhật",
            "joinTime": "12:29:26 || 2024-11-24"
        },
        {
            "id": "1074491699",
            "count": 3,
            "ttgn": "13:10:53 || chủ nhật",
            "joinTime": "12:29:26 || 2024-11-24"
        },
        {
            "id": "100009342202409",
            "count": 0,
            "ttgn": "12:29:26 || chủ nhật",
            "joinTime": "12:29:26 || 2024-11-24"
        },
        {
            "id": "100048301401573",
            "count": 0,
            "ttgn": "12:29:26 || chủ nhật",
            "joinTime": "12:29:26 || 2024-11-24"
        },
        {
            "id": "100004891449922",
            "count": 0,
            "ttgn": "12:29:26 || chủ nhật",
            "joinTime": "12:29:26 || 2024-11-24"
        },
        {
            "id": "100086280349193",
            "count": 0,
            "ttgn": "12:29:26 || chủ nhật",
            "joinTime": "12:29:26 || 2024-11-24"
        },
        {
            "id": "100003687466239",
            "count": 0,
            "ttgn": "12:29:26 || chủ nhật",
            "joinTime": "12:29:26 || 2024-11-24"
        },
        {
            "id": "100050884872407",
            "count": 0,
            "ttgn": "12:29:26 || chủ nhật",
            "joinTime": "12:29:26 || 2024-11-24"
        },
        {
            "id": "100038235216328",
            "count": 0,
            "ttgn": "12:29:26 || chủ nhật",
            "joinTime": "12:29:26 || 2024-11-24"
        },
        {
            "id": "100085856547028",
            "count": 0,
            "ttgn": "12:29:26 || chủ nhật",
            "joinTime": "12:29:26 || 2024-11-24"
        },
        {
            "id": "100084526557625",
            "count": 0,
            "ttgn": "12:29:26 || chủ nhật",
            "joinTime": "12:29:26 || 2024-11-24"
        },
        {
            "id": "100006365407952",
            "count": 0,
            "ttgn": "12:29:26 || chủ nhật",
            "joinTime": "12:29:26 || 2024-11-24"
        },
        {
            "id": "100049982304021",
            "count": 0,
            "ttgn": "12:29:26 || chủ nhật",
            "joinTime": "12:29:26 || 2024-11-24"
        },
        {
            "id": "100001554430190",
            "count": 0,
            "ttgn": "12:29:26 || chủ nhật",
            "joinTime": "12:29:26 || 2024-11-24"
        },
        {
            "id": "100036987184874",
            "count": 0,
            "ttgn": "12:29:26 || chủ nhật",
            "joinTime": "12:29:26 || 2024-11-24"
        },
        {
            "id": "100009774798038",
            "count": 0,
            "ttgn": "12:29:26 || chủ nhật",
            "joinTime": "12:29:26 || 2024-11-24"
        },
        {
            "id": "61555452405339",
            "count": 5,
            "ttgn": "13:11:02 || chủ nhật",
            "joinTime": "12:29:26 || 2024-11-24"
        },
        {
            "id": "100012851989439",
            "count": 0,
            "ttgn": "12:29:26 || chủ nhật",
            "joinTime": "12:29:26 || 2024-11-24"
        },
        {
            "id": "100035737804494",
            "count": 0,
            "ttgn": "12:29:26 || chủ nhật",
            "joinTime": "12:29:26 || 2024-11-24"
        },
        {
            "id": "100021821416233",
            "count": 0,
            "ttgn": "12:29:26 || chủ nhật",
            "joinTime": "12:29:26 || 2024-11-24"
        },
        {
            "id": "100044341123348",
            "count": 0,
            "ttgn": "12:29:26 || chủ nhật",
            "joinTime": "12:29:26 || 2024-11-24"
        },
        {
            "id": "100011559674146",
            "count": 0,
            "ttgn": "12:29:26 || chủ nhật",
            "joinTime": "12:29:26 || 2024-11-24"
        },
        {
            "id": "100091831581578",
            "count": 0,
            "ttgn": "12:29:26 || chủ nhật",
            "joinTime": "12:29:26 || 2024-11-24"
        },
        {
            "id": "100006844363854",
            "count": 0,
            "ttgn": "12:29:26 || chủ nhật",
            "joinTime": "12:29:26 || 2024-11-24"
        },
        {
            "id": "100011653851181",
            "count": 0,
            "ttgn": "12:29:26 || chủ nhật",
            "joinTime": "12:29:26 || 2024-11-24"
        },
        {
            "id": "100002193496033",
            "count": 0,
            "ttgn": "12:29:26 || chủ nhật",
            "joinTime": "12:29:26 || 2024-11-24"
        },
        {
            "id": "100013292778657",
            "count": 0,
            "ttgn": "12:29:26 || chủ nhật",
            "joinTime": "12:29:26 || 2024-11-24"
        },
        {
            "id": "100021967721027",
            "count": 0,
            "ttgn": "12:29:26 || chủ nhật",
            "joinTime": "12:29:26 || 2024-11-24"
        },
        {
            "id": "100003606316038",
            "count": 0,
            "ttgn": "12:29:26 || chủ nhật",
            "joinTime": "12:29:26 || 2024-11-24"
        },
        {
            "id": "100027952910532",
            "count": 0,
            "ttgn": "12:29:26 || chủ nhật",
            "joinTime": "12:29:26 || 2024-11-24"
        },
        {
            "id": "100018960618221",
            "count": 0,
            "ttgn": "12:29:26 || chủ nhật",
            "joinTime": "12:29:26 || 2024-11-24"
        },
        {
            "id": "100002683690238",
            "count": 0,
            "ttgn": "12:29:26 || chủ nhật",
            "joinTime": "12:29:26 || 2024-11-24"
        },
        {
            "id": "100039053379440",
            "count": 0,
            "ttgn": "12:29:26 || chủ nhật",
            "joinTime": "12:29:26 || 2024-11-24"
        },
        {
            "id": "100078012180120",
            "count": 0,
            "ttgn": "12:29:26 || chủ nhật",
            "joinTime": "12:29:26 || 2024-11-24"
        },
        {
            "id": "100054877904422",
            "count": 0,
            "ttgn": "12:29:26 || chủ nhật",
            "joinTime": "12:29:26 || 2024-11-24"
        },
        {
            "id": "100052835495862",
            "count": 0,
            "ttgn": "12:29:26 || chủ nhật",
            "joinTime": "12:29:26 || 2024-11-24"
        },
        {
            "id": "100003017729126",
            "count": 0,
            "ttgn": "12:29:26 || chủ nhật",
            "joinTime": "12:29:26 || 2024-11-24"
        },
        {
            "id": "100026297503619",
            "count": 0,
            "ttgn": "12:29:26 || chủ nhật",
            "joinTime": "12:29:26 || 2024-11-24"
        },
        {
            "id": "100060926266350",
            "count": 0,
            "ttgn": "12:29:26 || chủ nhật",
            "joinTime": "12:29:26 || 2024-11-24"
        },
        {
            "id": "100028894310704",
            "count": 0,
            "ttgn": "12:29:26 || chủ nhật",
            "joinTime": "12:29:26 || 2024-11-24"
        },
        {
            "id": "100009573978575",
            "count": 0,
            "ttgn": "12:29:26 || chủ nhật",
            "joinTime": "12:29:26 || 2024-11-24"
        },
        {
            "id": "100010853652418",
            "count": 0,
            "ttgn": "12:29:26 || chủ nhật",
            "joinTime": "12:29:26 || 2024-11-24"
        },
        {
            "id": "100007352983646",
            "count": 0,
            "ttgn": "12:29:26 || chủ nhật",
            "joinTime": "12:29:26 || 2024-11-24"
        },
        {
            "id": "100028525575237",
            "count": 0,
            "ttgn": "12:29:26 || chủ nhật",
            "joinTime": "12:29:26 || 2024-11-24"
        },
        {
            "id": "61558693046570",
            "count": 0,
            "ttgn": "12:29:26 || chủ nhật",
            "joinTime": "12:29:26 || 2024-11-24"
        },
        {
            "id": "100029831432986",
            "count": 0,
            "ttgn": "12:29:26 || chủ nhật",
            "joinTime": "12:29:26 || 2024-11-24"
        },
        {
            "id": "100014807287997",
            "count": 0,
            "ttgn": "12:29:26 || chủ nhật",
            "joinTime": "12:29:26 || 2024-11-24"
        },
        {
            "id": "100010112289997",
            "count": 0,
            "ttgn": "12:29:26 || chủ nhật",
            "joinTime": "12:29:26 || 2024-11-24"
        },
        {
            "id": "100064088176376",
            "count": 0,
            "ttgn": "12:29:26 || chủ nhật",
            "joinTime": "12:29:26 || 2024-11-24"
        },
        {
            "id": "100038879622561",
            "count": 4,
            "ttgn": "13:11:40 || chủ nhật",
            "joinTime": "12:29:26 || 2024-11-24"
        },
        {
            "id": "100025027988115",
            "count": 0,
            "ttgn": "12:29:26 || chủ nhật",
            "joinTime": "12:29:26 || 2024-11-24"
        },
        {
            "id": "100013599272524",
            "count": 0,
            "ttgn": "12:29:26 || chủ nhật",
            "joinTime": "12:29:26 || 2024-11-24"
        },
        {
            "id": "100006243939286",
            "count": 2,
            "ttgn": "12:46:31 || chủ nhật",
            "joinTime": "12:29:26 || 2024-11-24"
        },
        {
            "id": "100079842644112",
            "count": 0,
            "ttgn": "12:29:26 || chủ nhật",
            "joinTime": "12:29:26 || 2024-11-24"
        }
    ],
    "week": [
        {
            "id": "100048726790889",
            "count": 0,
            "ttgn": "12:29:26 || chủ nhật",
            "joinTime": "12:29:26 || 2024-11-24"
        },
        {
            "id": "100084842035826",
            "count": 3,
            "ttgn": "12:29:26 || chủ nhật",
            "joinTime": "12:29:26 || 2024-11-24"
        },
        {
            "id": "100018787231944",
            "count": 0,
            "ttgn": "12:29:26 || chủ nhật",
            "joinTime": "12:29:26 || 2024-11-24"
        },
        {
            "id": "100011536213473",
            "count": 7,
            "ttgn": "13:11:13 || chủ nhật",
            "joinTime": "12:29:26 || 2024-11-24"
        },
        {
            "id": "100028294743762",
            "count": 0,
            "ttgn": "12:29:26 || chủ nhật",
            "joinTime": "12:29:26 || 2024-11-24"
        },
        {
            "id": "100004786924046",
            "count": 0,
            "ttgn": "12:29:26 || chủ nhật",
            "joinTime": "12:29:26 || 2024-11-24"
        },
        {
            "id": "100035474752742",
            "count": 0,
            "ttgn": "12:29:26 || chủ nhật",
            "joinTime": "12:29:26 || 2024-11-24"
        },
        {
            "id": "100038072691164",
            "count": 0,
            "ttgn": "12:29:26 || chủ nhật",
            "joinTime": "12:29:26 || 2024-11-24"
        },
        {
            "id": "100033230004383",
            "count": 0,
            "ttgn": "12:29:26 || chủ nhật",
            "joinTime": "12:29:26 || 2024-11-24"
        },
        {
            "id": "100021728917577",
            "count": 0,
            "ttgn": "12:29:26 || chủ nhật",
            "joinTime": "12:29:26 || 2024-11-24"
        },
        {
            "id": "100059033253224",
            "count": 0,
            "ttgn": "12:29:26 || chủ nhật",
            "joinTime": "12:29:26 || 2024-11-24"
        },
        {
            "id": "100070367165750",
            "count": 0,
            "ttgn": "12:29:26 || chủ nhật",
            "joinTime": "12:29:26 || 2024-11-24"
        },
        {
            "id": "100063801875258",
            "count": 0,
            "ttgn": "12:29:26 || chủ nhật",
            "joinTime": "12:29:26 || 2024-11-24"
        },
        {
            "id": "100079268626843",
            "count": 0,
            "ttgn": "12:29:26 || chủ nhật",
            "joinTime": "12:29:26 || 2024-11-24"
        },
        {
            "id": "100022779631989",
            "count": 0,
            "ttgn": "12:29:26 || chủ nhật",
            "joinTime": "12:29:26 || 2024-11-24"
        },
        {
            "id": "100050886007264",
            "count": 0,
            "ttgn": "12:29:26 || chủ nhật",
            "joinTime": "12:29:26 || 2024-11-24"
        },
        {
            "id": "100047654101277",
            "count": 0,
            "ttgn": "12:29:26 || chủ nhật",
            "joinTime": "12:29:26 || 2024-11-24"
        },
        {
            "id": "100025827510144",
            "count": 0,
            "ttgn": "12:29:26 || chủ nhật",
            "joinTime": "12:29:26 || 2024-11-24"
        },
        {
            "id": "61553016367281",
            "count": 0,
            "ttgn": "12:29:26 || chủ nhật",
            "joinTime": "12:29:26 || 2024-11-24"
        },
        {
            "id": "100028300396827",
            "count": 0,
            "ttgn": "12:29:26 || chủ nhật",
            "joinTime": "12:29:26 || 2024-11-24"
        },
        {
            "id": "100084045962453",
            "count": 0,
            "ttgn": "12:29:26 || chủ nhật",
            "joinTime": "12:29:26 || 2024-11-24"
        },
        {
            "id": "100036660437583",
            "count": 0,
            "ttgn": "12:29:26 || chủ nhật",
            "joinTime": "12:29:26 || 2024-11-24"
        },
        {
            "id": "100025521142598",
            "count": 0,
            "ttgn": "12:29:26 || chủ nhật",
            "joinTime": "12:29:26 || 2024-11-24"
        },
        {
            "id": "100041986540989",
            "count": 0,
            "ttgn": "12:29:26 || chủ nhật",
            "joinTime": "12:29:26 || 2024-11-24"
        },
        {
            "id": "61555841243050",
            "count": 0,
            "ttgn": "12:29:26 || chủ nhật",
            "joinTime": "12:29:26 || 2024-11-24"
        },
        {
            "id": "100007848254532",
            "count": 0,
            "ttgn": "12:29:26 || chủ nhật",
            "joinTime": "12:29:26 || 2024-11-24"
        },
        {
            "id": "100070030202205",
            "count": 0,
            "ttgn": "12:29:26 || chủ nhật",
            "joinTime": "12:29:26 || 2024-11-24"
        },
        {
            "id": "61556943344348",
            "count": 0,
            "ttgn": "12:29:26 || chủ nhật",
            "joinTime": "12:29:26 || 2024-11-24"
        },
        {
            "id": "100055824878280",
            "count": 0,
            "ttgn": "12:29:26 || chủ nhật",
            "joinTime": "12:29:26 || 2024-11-24"
        },
        {
            "id": "100050137593949",
            "count": 0,
            "ttgn": "12:29:26 || chủ nhật",
            "joinTime": "12:29:26 || 2024-11-24"
        },
        {
            "id": "61558594873497",
            "count": 0,
            "ttgn": "12:29:26 || chủ nhật",
            "joinTime": "12:29:26 || 2024-11-24"
        },
        {
            "id": "100030718642967",
            "count": 0,
            "ttgn": "12:29:26 || chủ nhật",
            "joinTime": "12:29:26 || 2024-11-24"
        },
        {
            "id": "100009104165691",
            "count": 0,
            "ttgn": "12:29:26 || chủ nhật",
            "joinTime": "12:29:26 || 2024-11-24"
        },
        {
            "id": "100061485830405",
            "count": 0,
            "ttgn": "12:29:26 || chủ nhật",
            "joinTime": "12:29:26 || 2024-11-24"
        },
        {
            "id": "100003274931865",
            "count": 0,
            "ttgn": "12:29:26 || chủ nhật",
            "joinTime": "12:29:26 || 2024-11-24"
        },
        {
            "id": "100050640426492",
            "count": 0,
            "ttgn": "12:29:26 || chủ nhật",
            "joinTime": "12:29:26 || 2024-11-24"
        },
        {
            "id": "100045739083065",
            "count": 0,
            "ttgn": "12:29:26 || chủ nhật",
            "joinTime": "12:29:26 || 2024-11-24"
        },
        {
            "id": "100004442375953",
            "count": 0,
            "ttgn": "12:29:26 || chủ nhật",
            "joinTime": "12:29:26 || 2024-11-24"
        },
        {
            "id": "100082413982686",
            "count": 0,
            "ttgn": "12:29:26 || chủ nhật",
            "joinTime": "12:29:26 || 2024-11-24"
        },
        {
            "id": "100084948750793",
            "count": 0,
            "ttgn": "12:29:26 || chủ nhật",
            "joinTime": "12:29:26 || 2024-11-24"
        },
        {
            "id": "100045167343663",
            "count": 0,
            "ttgn": "12:29:26 || chủ nhật",
            "joinTime": "12:29:26 || 2024-11-24"
        },
        {
            "id": "100037528042253",
            "count": 0,
            "ttgn": "12:29:26 || chủ nhật",
            "joinTime": "12:29:26 || 2024-11-24"
        },
        {
            "id": "100003199527919",
            "count": 0,
            "ttgn": "12:29:26 || chủ nhật",
            "joinTime": "12:29:26 || 2024-11-24"
        },
        {
            "id": "61553550935382",
            "count": 0,
            "ttgn": "12:29:26 || chủ nhật",
            "joinTime": "12:29:26 || 2024-11-24"
        },
        {
            "id": "100008875056002",
            "count": 6,
            "ttgn": "13:11:33 || chủ nhật",
            "joinTime": "12:29:26 || 2024-11-24"
        },
        {
            "id": "100053843261819",
            "count": 0,
            "ttgn": "12:29:26 || chủ nhật",
            "joinTime": "12:29:26 || 2024-11-24"
        },
        {
            "id": "100004333142934",
            "count": 0,
            "ttgn": "12:29:26 || chủ nhật",
            "joinTime": "12:29:26 || 2024-11-24"
        },
        {
            "id": "100005491667828",
            "count": 0,
            "ttgn": "12:29:26 || chủ nhật",
            "joinTime": "12:29:26 || 2024-11-24"
        },
        {
            "id": "100008057057158",
            "count": 0,
            "ttgn": "12:29:26 || chủ nhật",
            "joinTime": "12:29:26 || 2024-11-24"
        },
        {
            "id": "100012177168662",
            "count": 0,
            "ttgn": "12:29:26 || chủ nhật",
            "joinTime": "12:29:26 || 2024-11-24"
        },
        {
            "id": "100003153675783",
            "count": 0,
            "ttgn": "12:29:26 || chủ nhật",
            "joinTime": "12:29:26 || 2024-11-24"
        },
        {
            "id": "100003263403600",
            "count": 0,
            "ttgn": "12:29:26 || chủ nhật",
            "joinTime": "12:29:26 || 2024-11-24"
        },
        {
            "id": "100088221465911",
            "count": 0,
            "ttgn": "12:29:26 || chủ nhật",
            "joinTime": "12:29:26 || 2024-11-24"
        },
        {
            "id": "100022712659044",
            "count": 2,
            "ttgn": "13:10:58 || chủ nhật",
            "joinTime": "12:29:26 || 2024-11-24"
        },
        {
            "id": "100072847290008",
            "count": 0,
            "ttgn": "12:29:26 || chủ nhật",
            "joinTime": "12:29:26 || 2024-11-24"
        },
        {
            "id": "100036499398869",
            "count": 0,
            "ttgn": "12:29:26 || chủ nhật",
            "joinTime": "12:29:26 || 2024-11-24"
        },
        {
            "id": "100010301355012",
            "count": 0,
            "ttgn": "12:29:26 || chủ nhật",
            "joinTime": "12:29:26 || 2024-11-24"
        },
        {
            "id": "100029075715807",
            "count": 0,
            "ttgn": "12:29:26 || chủ nhật",
            "joinTime": "12:29:26 || 2024-11-24"
        },
        {
            "id": "100044519595397",
            "count": 0,
            "ttgn": "12:29:26 || chủ nhật",
            "joinTime": "12:29:26 || 2024-11-24"
        },
        {
            "id": "100010564808947",
            "count": 0,
            "ttgn": "12:29:26 || chủ nhật",
            "joinTime": "12:29:26 || 2024-11-24"
        },
        {
            "id": "100049952738166",
            "count": 0,
            "ttgn": "12:29:26 || chủ nhật",
            "joinTime": "12:29:26 || 2024-11-24"
        },
        {
            "id": "100009627678729",
            "count": 0,
            "ttgn": "12:29:26 || chủ nhật",
            "joinTime": "12:29:26 || 2024-11-24"
        },
        {
            "id": "100080002462146",
            "count": 0,
            "ttgn": "12:29:26 || chủ nhật",
            "joinTime": "12:29:26 || 2024-11-24"
        },
        {
            "id": "100063825631501",
            "count": 0,
            "ttgn": "12:29:26 || chủ nhật",
            "joinTime": "12:29:26 || 2024-11-24"
        },
        {
            "id": "100012336852307",
            "count": 0,
            "ttgn": "12:29:26 || chủ nhật",
            "joinTime": "12:29:26 || 2024-11-24"
        },
        {
            "id": "100036019153009",
            "count": 0,
            "ttgn": "12:29:26 || chủ nhật",
            "joinTime": "12:29:26 || 2024-11-24"
        },
        {
            "id": "100067508386723",
            "count": 0,
            "ttgn": "12:29:26 || chủ nhật",
            "joinTime": "12:29:26 || 2024-11-24"
        },
        {
            "id": "100074785972379",
            "count": 0,
            "ttgn": "12:29:26 || chủ nhật",
            "joinTime": "12:29:26 || 2024-11-24"
        },
        {
            "id": "100080930054875",
            "count": 0,
            "ttgn": "12:29:26 || chủ nhật",
            "joinTime": "12:29:26 || 2024-11-24"
        },
        {
            "id": "61555834841823",
            "count": 0,
            "ttgn": "12:29:26 || chủ nhật",
            "joinTime": "12:29:26 || 2024-11-24"
        },
        {
            "id": "100087549259827",
            "count": 0,
            "ttgn": "12:29:26 || chủ nhật",
            "joinTime": "12:29:26 || 2024-11-24"
        },
        {
            "id": "100068867563403",
            "count": 0,
            "ttgn": "12:29:26 || chủ nhật",
            "joinTime": "12:29:26 || 2024-11-24"
        },
        {
            "id": "100079577807941",
            "count": 0,
            "ttgn": "12:29:26 || chủ nhật",
            "joinTime": "12:29:26 || 2024-11-24"
        },
        {
            "id": "1334285798",
            "count": 0,
            "ttgn": "12:29:26 || chủ nhật",
            "joinTime": "12:29:26 || 2024-11-24"
        },
        {
            "id": "100035475691298",
            "count": 0,
            "ttgn": "12:29:26 || chủ nhật",
            "joinTime": "12:29:26 || 2024-11-24"
        },
        {
            "id": "100029268621308",
            "count": 0,
            "ttgn": "12:29:26 || chủ nhật",
            "joinTime": "12:29:26 || 2024-11-24"
        },
        {
            "id": "100054802230985",
            "count": 0,
            "ttgn": "12:29:26 || chủ nhật",
            "joinTime": "12:29:26 || 2024-11-24"
        },
        {
            "id": "100028187479777",
            "count": 0,
            "ttgn": "12:29:26 || chủ nhật",
            "joinTime": "12:29:26 || 2024-11-24"
        },
        {
            "id": "61550904929676",
            "count": 0,
            "ttgn": "12:29:26 || chủ nhật",
            "joinTime": "12:29:26 || 2024-11-24"
        },
        {
            "id": "100075115397002",
            "count": 0,
            "ttgn": "12:29:26 || chủ nhật",
            "joinTime": "12:29:26 || 2024-11-24"
        },
        {
            "id": "61561736904258",
            "count": 0,
            "ttgn": "12:29:26 || chủ nhật",
            "joinTime": "12:29:26 || 2024-11-24"
        },
        {
            "id": "100003482383898",
            "count": 0,
            "ttgn": "12:29:26 || chủ nhật",
            "joinTime": "12:29:26 || 2024-11-24"
        },
        {
            "id": "100070130272582",
            "count": 0,
            "ttgn": "12:29:26 || chủ nhật",
            "joinTime": "12:29:26 || 2024-11-24"
        },
        {
            "id": "100004209604082",
            "count": 0,
            "ttgn": "12:29:26 || chủ nhật",
            "joinTime": "12:29:26 || 2024-11-24"
        },
        {
            "id": "1074491699",
            "count": 3,
            "ttgn": "13:10:53 || chủ nhật",
            "joinTime": "12:29:26 || 2024-11-24"
        },
        {
            "id": "100009342202409",
            "count": 0,
            "ttgn": "12:29:26 || chủ nhật",
            "joinTime": "12:29:26 || 2024-11-24"
        },
        {
            "id": "100048301401573",
            "count": 0,
            "ttgn": "12:29:26 || chủ nhật",
            "joinTime": "12:29:26 || 2024-11-24"
        },
        {
            "id": "100004891449922",
            "count": 0,
            "ttgn": "12:29:26 || chủ nhật",
            "joinTime": "12:29:26 || 2024-11-24"
        },
        {
            "id": "100086280349193",
            "count": 0,
            "ttgn": "12:29:26 || chủ nhật",
            "joinTime": "12:29:26 || 2024-11-24"
        },
        {
            "id": "100003687466239",
            "count": 0,
            "ttgn": "12:29:26 || chủ nhật",
            "joinTime": "12:29:26 || 2024-11-24"
        },
        {
            "id": "100050884872407",
            "count": 0,
            "ttgn": "12:29:26 || chủ nhật",
            "joinTime": "12:29:26 || 2024-11-24"
        },
        {
            "id": "100038235216328",
            "count": 0,
            "ttgn": "12:29:26 || chủ nhật",
            "joinTime": "12:29:26 || 2024-11-24"
        },
        {
            "id": "100085856547028",
            "count": 0,
            "ttgn": "12:29:26 || chủ nhật",
            "joinTime": "12:29:26 || 2024-11-24"
        },
        {
            "id": "100084526557625",
            "count": 0,
            "ttgn": "12:29:26 || chủ nhật",
            "joinTime": "12:29:26 || 2024-11-24"
        },
        {
            "id": "100006365407952",
            "count": 0,
            "ttgn": "12:29:26 || chủ nhật",
            "joinTime": "12:29:26 || 2024-11-24"
        },
        {
            "id": "100049982304021",
            "count": 0,
            "ttgn": "12:29:26 || chủ nhật",
            "joinTime": "12:29:26 || 2024-11-24"
        },
        {
            "id": "100001554430190",
            "count": 0,
            "ttgn": "12:29:26 || chủ nhật",
            "joinTime": "12:29:26 || 2024-11-24"
        },
        {
            "id": "100036987184874",
            "count": 0,
            "ttgn": "12:29:26 || chủ nhật",
            "joinTime": "12:29:26 || 2024-11-24"
        },
        {
            "id": "100009774798038",
            "count": 0,
            "ttgn": "12:29:26 || chủ nhật",
            "joinTime": "12:29:26 || 2024-11-24"
        },
        {
            "id": "61555452405339",
            "count": 5,
            "ttgn": "13:11:02 || chủ nhật",
            "joinTime": "12:29:26 || 2024-11-24"
        },
        {
            "id": "100012851989439",
            "count": 0,
            "ttgn": "12:29:26 || chủ nhật",
            "joinTime": "12:29:26 || 2024-11-24"
        },
        {
            "id": "100035737804494",
            "count": 0,
            "ttgn": "12:29:26 || chủ nhật",
            "joinTime": "12:29:26 || 2024-11-24"
        },
        {
            "id": "100021821416233",
            "count": 0,
            "ttgn": "12:29:26 || chủ nhật",
            "joinTime": "12:29:26 || 2024-11-24"
        },
        {
            "id": "100044341123348",
            "count": 0,
            "ttgn": "12:29:26 || chủ nhật",
            "joinTime": "12:29:26 || 2024-11-24"
        },
        {
            "id": "100011559674146",
            "count": 0,
            "ttgn": "12:29:26 || chủ nhật",
            "joinTime": "12:29:26 || 2024-11-24"
        },
        {
            "id": "100091831581578",
            "count": 0,
            "ttgn": "12:29:26 || chủ nhật",
            "joinTime": "12:29:26 || 2024-11-24"
        },
        {
            "id": "100006844363854",
            "count": 0,
            "ttgn": "12:29:26 || chủ nhật",
            "joinTime": "12:29:26 || 2024-11-24"
        },
        {
            "id": "100011653851181",
            "count": 0,
            "ttgn": "12:29:26 || chủ nhật",
            "joinTime": "12:29:26 || 2024-11-24"
        },
        {
            "id": "100002193496033",
            "count": 0,
            "ttgn": "12:29:26 || chủ nhật",
            "joinTime": "12:29:26 || 2024-11-24"
        },
        {
            "id": "100013292778657",
            "count": 0,
            "ttgn": "12:29:26 || chủ nhật",
            "joinTime": "12:29:26 || 2024-11-24"
        },
        {
            "id": "100021967721027",
            "count": 0,
            "ttgn": "12:29:26 || chủ nhật",
            "joinTime": "12:29:26 || 2024-11-24"
        },
        {
            "id": "100003606316038",
            "count": 0,
            "ttgn": "12:29:26 || chủ nhật",
            "joinTime": "12:29:26 || 2024-11-24"
        },
        {
            "id": "100027952910532",
            "count": 0,
            "ttgn": "12:29:26 || chủ nhật",
            "joinTime": "12:29:26 || 2024-11-24"
        },
        {
            "id": "100018960618221",
            "count": 0,
            "ttgn": "12:29:26 || chủ nhật",
            "joinTime": "12:29:26 || 2024-11-24"
        },
        {
            "id": "100002683690238",
            "count": 0,
            "ttgn": "12:29:26 || chủ nhật",
            "joinTime": "12:29:26 || 2024-11-24"
        },
        {
            "id": "100039053379440",
            "count": 0,
            "ttgn": "12:29:26 || chủ nhật",
            "joinTime": "12:29:26 || 2024-11-24"
        },
        {
            "id": "100078012180120",
            "count": 0,
            "ttgn": "12:29:26 || chủ nhật",
            "joinTime": "12:29:26 || 2024-11-24"
        },
        {
            "id": "100054877904422",
            "count": 0,
            "ttgn": "12:29:26 || chủ nhật",
            "joinTime": "12:29:26 || 2024-11-24"
        },
        {
            "id": "100052835495862",
            "count": 0,
            "ttgn": "12:29:26 || chủ nhật",
            "joinTime": "12:29:26 || 2024-11-24"
        },
        {
            "id": "100003017729126",
            "count": 0,
            "ttgn": "12:29:26 || chủ nhật",
            "joinTime": "12:29:26 || 2024-11-24"
        },
        {
            "id": "100026297503619",
            "count": 0,
            "ttgn": "12:29:26 || chủ nhật",
            "joinTime": "12:29:26 || 2024-11-24"
        },
        {
            "id": "100060926266350",
            "count": 0,
            "ttgn": "12:29:26 || chủ nhật",
            "joinTime": "12:29:26 || 2024-11-24"
        },
        {
            "id": "100028894310704",
            "count": 0,
            "ttgn": "12:29:26 || chủ nhật",
            "joinTime": "12:29:26 || 2024-11-24"
        },
        {
            "id": "100009573978575",
            "count": 0,
            "ttgn": "12:29:26 || chủ nhật",
            "joinTime": "12:29:26 || 2024-11-24"
        },
        {
            "id": "100010853652418",
            "count": 0,
            "ttgn": "12:29:26 || chủ nhật",
            "joinTime": "12:29:26 || 2024-11-24"
        },
        {
            "id": "100007352983646",
            "count": 0,
            "ttgn": "12:29:26 || chủ nhật",
            "joinTime": "12:29:26 || 2024-11-24"
        },
        {
            "id": "100028525575237",
            "count": 0,
            "ttgn": "12:29:26 || chủ nhật",
            "joinTime": "12:29:26 || 2024-11-24"
        },
        {
            "id": "61558693046570",
            "count": 0,
            "ttgn": "12:29:26 || chủ nhật",
            "joinTime": "12:29:26 || 2024-11-24"
        },
        {
            "id": "100029831432986",
            "count": 0,
            "ttgn": "12:29:26 || chủ nhật",
            "joinTime": "12:29:26 || 2024-11-24"
        },
        {
            "id": "100014807287997",
            "count": 0,
            "ttgn": "12:29:26 || chủ nhật",
            "joinTime": "12:29:26 || 2024-11-24"
        },
        {
            "id": "100010112289997",
            "count": 0,
            "ttgn": "12:29:26 || chủ nhật",
            "joinTime": "12:29:26 || 2024-11-24"
        },
        {
            "id": "100064088176376",
            "count": 0,
            "ttgn": "12:29:26 || chủ nhật",
            "joinTime": "12:29:26 || 2024-11-24"
        },
        {
            "id": "100038879622561",
            "count": 4,
            "ttgn": "13:11:40 || chủ nhật",
            "joinTime": "12:29:26 || 2024-11-24"
        },
        {
            "id": "100025027988115",
            "count": 0,
            "ttgn": "12:29:26 || chủ nhật",
            "joinTime": "12:29:26 || 2024-11-24"
        },
        {
            "id": "100013599272524",
            "count": 0,
            "ttgn": "12:29:26 || chủ nhật",
            "joinTime": "12:29:26 || 2024-11-24"
        },
        {
            "id": "100006243939286",
            "count": 2,
            "ttgn": "12:46:31 || chủ nhật",
            "joinTime": "12:29:26 || 2024-11-24"
        },
        {
            "id": "100079842644112",
            "count": 0,
            "ttgn": "12:29:26 || chủ nhật",
            "joinTime": "12:29:26 || 2024-11-24"
        }
    ],
    "day": [
        {
            "id": "100048726790889",
            "count": 0,
            "ttgn": "12:29:26 || chủ nhật",
            "joinTime": "12:29:26 || 2024-11-24"
        },
        {
            "id": "100084842035826",
            "count": 3,
            "ttgn": "12:29:26 || chủ nhật",
            "joinTime": "12:29:26 || 2024-11-24"
        },
        {
            "id": "100018787231944",
            "count": 0,
            "ttgn": "12:29:26 || chủ nhật",
            "joinTime": "12:29:26 || 2024-11-24"
        },
        {
            "id": "100011536213473",
            "count": 7,
            "ttgn": "13:11:13 || chủ nhật",
            "joinTime": "12:29:26 || 2024-11-24"
        },
        {
            "id": "100028294743762",
            "count": 0,
            "ttgn": "12:29:26 || chủ nhật",
            "joinTime": "12:29:26 || 2024-11-24"
        },
        {
            "id": "100004786924046",
            "count": 0,
            "ttgn": "12:29:26 || chủ nhật",
            "joinTime": "12:29:26 || 2024-11-24"
        },
        {
            "id": "100035474752742",
            "count": 0,
            "ttgn": "12:29:26 || chủ nhật",
            "joinTime": "12:29:26 || 2024-11-24"
        },
        {
            "id": "100038072691164",
            "count": 0,
            "ttgn": "12:29:26 || chủ nhật",
            "joinTime": "12:29:26 || 2024-11-24"
        },
        {
            "id": "100033230004383",
            "count": 0,
            "ttgn": "12:29:26 || chủ nhật",
            "joinTime": "12:29:26 || 2024-11-24"
        },
        {
            "id": "100021728917577",
            "count": 0,
            "ttgn": "12:29:26 || chủ nhật",
            "joinTime": "12:29:26 || 2024-11-24"
        },
        {
            "id": "100059033253224",
            "count": 0,
            "ttgn": "12:29:26 || chủ nhật",
            "joinTime": "12:29:26 || 2024-11-24"
        },
        {
            "id": "100070367165750",
            "count": 0,
            "ttgn": "12:29:26 || chủ nhật",
            "joinTime": "12:29:26 || 2024-11-24"
        },
        {
            "id": "100063801875258",
            "count": 0,
            "ttgn": "12:29:26 || chủ nhật",
            "joinTime": "12:29:26 || 2024-11-24"
        },
        {
            "id": "100079268626843",
            "count": 0,
            "ttgn": "12:29:26 || chủ nhật",
            "joinTime": "12:29:26 || 2024-11-24"
        },
        {
            "id": "100022779631989",
            "count": 0,
            "ttgn": "12:29:26 || chủ nhật",
            "joinTime": "12:29:26 || 2024-11-24"
        },
        {
            "id": "100050886007264",
            "count": 0,
            "ttgn": "12:29:26 || chủ nhật",
            "joinTime": "12:29:26 || 2024-11-24"
        },
        {
            "id": "100047654101277",
            "count": 0,
            "ttgn": "12:29:26 || chủ nhật",
            "joinTime": "12:29:26 || 2024-11-24"
        },
        {
            "id": "100025827510144",
            "count": 0,
            "ttgn": "12:29:26 || chủ nhật",
            "joinTime": "12:29:26 || 2024-11-24"
        },
        {
            "id": "61553016367281",
            "count": 0,
            "ttgn": "12:29:26 || chủ nhật",
            "joinTime": "12:29:26 || 2024-11-24"
        },
        {
            "id": "100028300396827",
            "count": 0,
            "ttgn": "12:29:26 || chủ nhật",
            "joinTime": "12:29:26 || 2024-11-24"
        },
        {
            "id": "100084045962453",
            "count": 0,
            "ttgn": "12:29:26 || chủ nhật",
            "joinTime": "12:29:26 || 2024-11-24"
        },
        {
            "id": "100036660437583",
            "count": 0,
            "ttgn": "12:29:26 || chủ nhật",
            "joinTime": "12:29:26 || 2024-11-24"
        },
        {
            "id": "100025521142598",
            "count": 0,
            "ttgn": "12:29:26 || chủ nhật",
            "joinTime": "12:29:26 || 2024-11-24"
        },
        {
            "id": "100041986540989",
            "count": 0,
            "ttgn": "12:29:26 || chủ nhật",
            "joinTime": "12:29:26 || 2024-11-24"
        },
        {
            "id": "61555841243050",
            "count": 0,
            "ttgn": "12:29:26 || chủ nhật",
            "joinTime": "12:29:26 || 2024-11-24"
        },
        {
            "id": "100007848254532",
            "count": 0,
            "ttgn": "12:29:26 || chủ nhật",
            "joinTime": "12:29:26 || 2024-11-24"
        },
        {
            "id": "100070030202205",
            "count": 0,
            "ttgn": "12:29:26 || chủ nhật",
            "joinTime": "12:29:26 || 2024-11-24"
        },
        {
            "id": "61556943344348",
            "count": 0,
            "ttgn": "12:29:26 || chủ nhật",
            "joinTime": "12:29:26 || 2024-11-24"
        },
        {
            "id": "100055824878280",
            "count": 0,
            "ttgn": "12:29:26 || chủ nhật",
            "joinTime": "12:29:26 || 2024-11-24"
        },
        {
            "id": "100050137593949",
            "count": 0,
            "ttgn": "12:29:26 || chủ nhật",
            "joinTime": "12:29:26 || 2024-11-24"
        },
        {
            "id": "61558594873497",
            "count": 0,
            "ttgn": "12:29:26 || chủ nhật",
            "joinTime": "12:29:26 || 2024-11-24"
        },
        {
            "id": "100030718642967",
            "count": 0,
            "ttgn": "12:29:26 || chủ nhật",
            "joinTime": "12:29:26 || 2024-11-24"
        },
        {
            "id": "100009104165691",
            "count": 0,
            "ttgn": "12:29:26 || chủ nhật",
            "joinTime": "12:29:26 || 2024-11-24"
        },
        {
            "id": "100061485830405",
            "count": 0,
            "ttgn": "12:29:26 || chủ nhật",
            "joinTime": "12:29:26 || 2024-11-24"
        },
        {
            "id": "100003274931865",
            "count": 0,
            "ttgn": "12:29:26 || chủ nhật",
            "joinTime": "12:29:26 || 2024-11-24"
        },
        {
            "id": "100050640426492",
            "count": 0,
            "ttgn": "12:29:26 || chủ nhật",
            "joinTime": "12:29:26 || 2024-11-24"
        },
        {
            "id": "100045739083065",
            "count": 0,
            "ttgn": "12:29:26 || chủ nhật",
            "joinTime": "12:29:26 || 2024-11-24"
        },
        {
            "id": "100004442375953",
            "count": 0,
            "ttgn": "12:29:26 || chủ nhật",
            "joinTime": "12:29:26 || 2024-11-24"
        },
        {
            "id": "100082413982686",
            "count": 0,
            "ttgn": "12:29:26 || chủ nhật",
            "joinTime": "12:29:26 || 2024-11-24"
        },
        {
            "id": "100084948750793",
            "count": 0,
            "ttgn": "12:29:26 || chủ nhật",
            "joinTime": "12:29:26 || 2024-11-24"
        },
        {
            "id": "100045167343663",
            "count": 0,
            "ttgn": "12:29:26 || chủ nhật",
            "joinTime": "12:29:26 || 2024-11-24"
        },
        {
            "id": "100037528042253",
            "count": 0,
            "ttgn": "12:29:26 || chủ nhật",
            "joinTime": "12:29:26 || 2024-11-24"
        },
        {
            "id": "100003199527919",
            "count": 0,
            "ttgn": "12:29:26 || chủ nhật",
            "joinTime": "12:29:26 || 2024-11-24"
        },
        {
            "id": "61553550935382",
            "count": 0,
            "ttgn": "12:29:26 || chủ nhật",
            "joinTime": "12:29:26 || 2024-11-24"
        },
        {
            "id": "100008875056002",
            "count": 6,
            "ttgn": "13:11:33 || chủ nhật",
            "joinTime": "12:29:26 || 2024-11-24"
        },
        {
            "id": "100053843261819",
            "count": 0,
            "ttgn": "12:29:26 || chủ nhật",
            "joinTime": "12:29:26 || 2024-11-24"
        },
        {
            "id": "100004333142934",
            "count": 0,
            "ttgn": "12:29:26 || chủ nhật",
            "joinTime": "12:29:26 || 2024-11-24"
        },
        {
            "id": "100005491667828",
            "count": 0,
            "ttgn": "12:29:26 || chủ nhật",
            "joinTime": "12:29:26 || 2024-11-24"
        },
        {
            "id": "100008057057158",
            "count": 0,
            "ttgn": "12:29:26 || chủ nhật",
            "joinTime": "12:29:26 || 2024-11-24"
        },
        {
            "id": "100012177168662",
            "count": 0,
            "ttgn": "12:29:26 || chủ nhật",
            "joinTime": "12:29:26 || 2024-11-24"
        },
        {
            "id": "100003153675783",
            "count": 0,
            "ttgn": "12:29:26 || chủ nhật",
            "joinTime": "12:29:26 || 2024-11-24"
        },
        {
            "id": "100003263403600",
            "count": 0,
            "ttgn": "12:29:26 || chủ nhật",
            "joinTime": "12:29:26 || 2024-11-24"
        },
        {
            "id": "100088221465911",
            "count": 0,
            "ttgn": "12:29:26 || chủ nhật",
            "joinTime": "12:29:26 || 2024-11-24"
        },
        {
            "id": "100022712659044",
            "count": 2,
            "ttgn": "13:10:58 || chủ nhật",
            "joinTime": "12:29:26 || 2024-11-24"
        },
        {
            "id": "100072847290008",
            "count": 0,
            "ttgn": "12:29:26 || chủ nhật",
            "joinTime": "12:29:26 || 2024-11-24"
        },
        {
            "id": "100036499398869",
            "count": 0,
            "ttgn": "12:29:26 || chủ nhật",
            "joinTime": "12:29:26 || 2024-11-24"
        },
        {
            "id": "100010301355012",
            "count": 0,
            "ttgn": "12:29:26 || chủ nhật",
            "joinTime": "12:29:26 || 2024-11-24"
        },
        {
            "id": "100029075715807",
            "count": 0,
            "ttgn": "12:29:26 || chủ nhật",
            "joinTime": "12:29:26 || 2024-11-24"
        },
        {
            "id": "100044519595397",
            "count": 0,
            "ttgn": "12:29:26 || chủ nhật",
            "joinTime": "12:29:26 || 2024-11-24"
        },
        {
            "id": "100010564808947",
            "count": 0,
            "ttgn": "12:29:26 || chủ nhật",
            "joinTime": "12:29:26 || 2024-11-24"
        },
        {
            "id": "100049952738166",
            "count": 0,
            "ttgn": "12:29:26 || chủ nhật",
            "joinTime": "12:29:26 || 2024-11-24"
        },
        {
            "id": "100009627678729",
            "count": 0,
            "ttgn": "12:29:26 || chủ nhật",
            "joinTime": "12:29:26 || 2024-11-24"
        },
        {
            "id": "100080002462146",
            "count": 0,
            "ttgn": "12:29:26 || chủ nhật",
            "joinTime": "12:29:26 || 2024-11-24"
        },
        {
            "id": "100063825631501",
            "count": 0,
            "ttgn": "12:29:26 || chủ nhật",
            "joinTime": "12:29:26 || 2024-11-24"
        },
        {
            "id": "100012336852307",
            "count": 0,
            "ttgn": "12:29:26 || chủ nhật",
            "joinTime": "12:29:26 || 2024-11-24"
        },
        {
            "id": "100036019153009",
            "count": 0,
            "ttgn": "12:29:26 || chủ nhật",
            "joinTime": "12:29:26 || 2024-11-24"
        },
        {
            "id": "100067508386723",
            "count": 0,
            "ttgn": "12:29:26 || chủ nhật",
            "joinTime": "12:29:26 || 2024-11-24"
        },
        {
            "id": "100074785972379",
            "count": 0,
            "ttgn": "12:29:26 || chủ nhật",
            "joinTime": "12:29:26 || 2024-11-24"
        },
        {
            "id": "100080930054875",
            "count": 0,
            "ttgn": "12:29:26 || chủ nhật",
            "joinTime": "12:29:26 || 2024-11-24"
        },
        {
            "id": "61555834841823",
            "count": 0,
            "ttgn": "12:29:26 || chủ nhật",
            "joinTime": "12:29:26 || 2024-11-24"
        },
        {
            "id": "100087549259827",
            "count": 0,
            "ttgn": "12:29:26 || chủ nhật",
            "joinTime": "12:29:26 || 2024-11-24"
        },
        {
            "id": "100068867563403",
            "count": 0,
            "ttgn": "12:29:26 || chủ nhật",
            "joinTime": "12:29:26 || 2024-11-24"
        },
        {
            "id": "100079577807941",
            "count": 0,
            "ttgn": "12:29:26 || chủ nhật",
            "joinTime": "12:29:26 || 2024-11-24"
        },
        {
            "id": "1334285798",
            "count": 0,
            "ttgn": "12:29:26 || chủ nhật",
            "joinTime": "12:29:26 || 2024-11-24"
        },
        {
            "id": "100035475691298",
            "count": 0,
            "ttgn": "12:29:26 || chủ nhật",
            "joinTime": "12:29:26 || 2024-11-24"
        },
        {
            "id": "100029268621308",
            "count": 0,
            "ttgn": "12:29:26 || chủ nhật",
            "joinTime": "12:29:26 || 2024-11-24"
        },
        {
            "id": "100054802230985",
            "count": 0,
            "ttgn": "12:29:26 || chủ nhật",
            "joinTime": "12:29:26 || 2024-11-24"
        },
        {
            "id": "100028187479777",
            "count": 0,
            "ttgn": "12:29:26 || chủ nhật",
            "joinTime": "12:29:26 || 2024-11-24"
        },
        {
            "id": "61550904929676",
            "count": 0,
            "ttgn": "12:29:26 || chủ nhật",
            "joinTime": "12:29:26 || 2024-11-24"
        },
        {
            "id": "100075115397002",
            "count": 0,
            "ttgn": "12:29:26 || chủ nhật",
            "joinTime": "12:29:26 || 2024-11-24"
        },
        {
            "id": "61561736904258",
            "count": 0,
            "ttgn": "12:29:26 || chủ nhật",
            "joinTime": "12:29:26 || 2024-11-24"
        },
        {
            "id": "100003482383898",
            "count": 0,
            "ttgn": "12:29:26 || chủ nhật",
            "joinTime": "12:29:26 || 2024-11-24"
        },
        {
            "id": "100070130272582",
            "count": 0,
            "ttgn": "12:29:26 || chủ nhật",
            "joinTime": "12:29:26 || 2024-11-24"
        },
        {
            "id": "100004209604082",
            "count": 0,
            "ttgn": "12:29:26 || chủ nhật",
            "joinTime": "12:29:26 || 2024-11-24"
        },
        {
            "id": "1074491699",
            "count": 3,
            "ttgn": "13:10:53 || chủ nhật",
            "joinTime": "12:29:26 || 2024-11-24"
        },
        {
            "id": "100009342202409",
            "count": 0,
            "ttgn": "12:29:26 || chủ nhật",
            "joinTime": "12:29:26 || 2024-11-24"
        },
        {
            "id": "100048301401573",
            "count": 0,
            "ttgn": "12:29:26 || chủ nhật",
            "joinTime": "12:29:26 || 2024-11-24"
        },
        {
            "id": "100004891449922",
            "count": 0,
            "ttgn": "12:29:26 || chủ nhật",
            "joinTime": "12:29:26 || 2024-11-24"
        },
        {
            "id": "100086280349193",
            "count": 0,
            "ttgn": "12:29:26 || chủ nhật",
            "joinTime": "12:29:26 || 2024-11-24"
        },
        {
            "id": "100003687466239",
            "count": 0,
            "ttgn": "12:29:26 || chủ nhật",
            "joinTime": "12:29:26 || 2024-11-24"
        },
        {
            "id": "100050884872407",
            "count": 0,
            "ttgn": "12:29:26 || chủ nhật",
            "joinTime": "12:29:26 || 2024-11-24"
        },
        {
            "id": "100038235216328",
            "count": 0,
            "ttgn": "12:29:26 || chủ nhật",
            "joinTime": "12:29:26 || 2024-11-24"
        },
        {
            "id": "100085856547028",
            "count": 0,
            "ttgn": "12:29:26 || chủ nhật",
            "joinTime": "12:29:26 || 2024-11-24"
        },
        {
            "id": "100084526557625",
            "count": 0,
            "ttgn": "12:29:26 || chủ nhật",
            "joinTime": "12:29:26 || 2024-11-24"
        },
        {
            "id": "100006365407952",
            "count": 0,
            "ttgn": "12:29:26 || chủ nhật",
            "joinTime": "12:29:26 || 2024-11-24"
        },
        {
            "id": "100049982304021",
            "count": 0,
            "ttgn": "12:29:26 || chủ nhật",
            "joinTime": "12:29:26 || 2024-11-24"
        },
        {
            "id": "100001554430190",
            "count": 0,
            "ttgn": "12:29:26 || chủ nhật",
            "joinTime": "12:29:26 || 2024-11-24"
        },
        {
            "id": "100036987184874",
            "count": 0,
            "ttgn": "12:29:26 || chủ nhật",
            "joinTime": "12:29:26 || 2024-11-24"
        },
        {
            "id": "100009774798038",
            "count": 0,
            "ttgn": "12:29:26 || chủ nhật",
            "joinTime": "12:29:26 || 2024-11-24"
        },
        {
            "id": "61555452405339",
            "count": 5,
            "ttgn": "13:11:02 || chủ nhật",
            "joinTime": "12:29:26 || 2024-11-24"
        },
        {
            "id": "100012851989439",
            "count": 0,
            "ttgn": "12:29:26 || chủ nhật",
            "joinTime": "12:29:26 || 2024-11-24"
        },
        {
            "id": "100035737804494",
            "count": 0,
            "ttgn": "12:29:26 || chủ nhật",
            "joinTime": "12:29:26 || 2024-11-24"
        },
        {
            "id": "100021821416233",
            "count": 0,
            "ttgn": "12:29:26 || chủ nhật",
            "joinTime": "12:29:26 || 2024-11-24"
        },
        {
            "id": "100044341123348",
            "count": 0,
            "ttgn": "12:29:26 || chủ nhật",
            "joinTime": "12:29:26 || 2024-11-24"
        },
        {
            "id": "100011559674146",
            "count": 0,
            "ttgn": "12:29:26 || chủ nhật",
            "joinTime": "12:29:26 || 2024-11-24"
        },
        {
            "id": "100091831581578",
            "count": 0,
            "ttgn": "12:29:26 || chủ nhật",
            "joinTime": "12:29:26 || 2024-11-24"
        },
        {
            "id": "100006844363854",
            "count": 0,
            "ttgn": "12:29:26 || chủ nhật",
            "joinTime": "12:29:26 || 2024-11-24"
        },
        {
            "id": "100011653851181",
            "count": 0,
            "ttgn": "12:29:26 || chủ nhật",
            "joinTime": "12:29:26 || 2024-11-24"
        },
        {
            "id": "100002193496033",
            "count": 0,
            "ttgn": "12:29:26 || chủ nhật",
            "joinTime": "12:29:26 || 2024-11-24"
        },
        {
            "id": "100013292778657",
            "count": 0,
            "ttgn": "12:29:26 || chủ nhật",
            "joinTime": "12:29:26 || 2024-11-24"
        },
        {
            "id": "100021967721027",
            "count": 0,
            "ttgn": "12:29:26 || chủ nhật",
            "joinTime": "12:29:26 || 2024-11-24"
        },
        {
            "id": "100003606316038",
            "count": 0,
            "ttgn": "12:29:26 || chủ nhật",
            "joinTime": "12:29:26 || 2024-11-24"
        },
        {
            "id": "100027952910532",
            "count": 0,
            "ttgn": "12:29:26 || chủ nhật",
            "joinTime": "12:29:26 || 2024-11-24"
        },
        {
            "id": "100018960618221",
            "count": 0,
            "ttgn": "12:29:26 || chủ nhật",
            "joinTime": "12:29:26 || 2024-11-24"
        },
        {
            "id": "100002683690238",
            "count": 0,
            "ttgn": "12:29:26 || chủ nhật",
            "joinTime": "12:29:26 || 2024-11-24"
        },
        {
            "id": "100039053379440",
            "count": 0,
            "ttgn": "12:29:26 || chủ nhật",
            "joinTime": "12:29:26 || 2024-11-24"
        },
        {
            "id": "100078012180120",
            "count": 0,
            "ttgn": "12:29:26 || chủ nhật",
            "joinTime": "12:29:26 || 2024-11-24"
        },
        {
            "id": "100054877904422",
            "count": 0,
            "ttgn": "12:29:26 || chủ nhật",
            "joinTime": "12:29:26 || 2024-11-24"
        },
        {
            "id": "100052835495862",
            "count": 0,
            "ttgn": "12:29:26 || chủ nhật",
            "joinTime": "12:29:26 || 2024-11-24"
        },
        {
            "id": "100003017729126",
            "count": 0,
            "ttgn": "12:29:26 || chủ nhật",
            "joinTime": "12:29:26 || 2024-11-24"
        },
        {
            "id": "100026297503619",
            "count": 0,
            "ttgn": "12:29:26 || chủ nhật",
            "joinTime": "12:29:26 || 2024-11-24"
        },
        {
            "id": "100060926266350",
            "count": 0,
            "ttgn": "12:29:26 || chủ nhật",
            "joinTime": "12:29:26 || 2024-11-24"
        },
        {
            "id": "100028894310704",
            "count": 0,
            "ttgn": "12:29:26 || chủ nhật",
            "joinTime": "12:29:26 || 2024-11-24"
        },
        {
            "id": "100009573978575",
            "count": 0,
            "ttgn": "12:29:26 || chủ nhật",
            "joinTime": "12:29:26 || 2024-11-24"
        },
        {
            "id": "100010853652418",
            "count": 0,
            "ttgn": "12:29:26 || chủ nhật",
            "joinTime": "12:29:26 || 2024-11-24"
        },
        {
            "id": "100007352983646",
            "count": 0,
            "ttgn": "12:29:26 || chủ nhật",
            "joinTime": "12:29:26 || 2024-11-24"
        },
        {
            "id": "100028525575237",
            "count": 0,
            "ttgn": "12:29:26 || chủ nhật",
            "joinTime": "12:29:26 || 2024-11-24"
        },
        {
            "id": "61558693046570",
            "count": 0,
            "ttgn": "12:29:26 || chủ nhật",
            "joinTime": "12:29:26 || 2024-11-24"
        },
        {
            "id": "100029831432986",
            "count": 0,
            "ttgn": "12:29:26 || chủ nhật",
            "joinTime": "12:29:26 || 2024-11-24"
        },
        {
            "id": "100014807287997",
            "count": 0,
            "ttgn": "12:29:26 || chủ nhật",
            "joinTime": "12:29:26 || 2024-11-24"
        },
        {
            "id": "100010112289997",
            "count": 0,
            "ttgn": "12:29:26 || chủ nhật",
            "joinTime": "12:29:26 || 2024-11-24"
        },
        {
            "id": "100064088176376",
            "count": 0,
            "ttgn": "12:29:26 || chủ nhật",
            "joinTime": "12:29:26 || 2024-11-24"
        },
        {
            "id": "100038879622561",
            "count": 4,
            "ttgn": "13:11:40 || chủ nhật",
            "joinTime": "12:29:26 || 2024-11-24"
        },
        {
            "id": "100025027988115",
            "count": 0,
            "ttgn": "12:29:26 || chủ nhật",
            "joinTime": "12:29:26 || 2024-11-24"
        },
        {
            "id": "100013599272524",
            "count": 0,
            "ttgn": "12:29:26 || chủ nhật",
            "joinTime": "12:29:26 || 2024-11-24"
        },
        {
            "id": "100006243939286",
            "count": 2,
            "ttgn": "12:46:31 || chủ nhật",
            "joinTime": "12:29:26 || 2024-11-24"
        },
        {
            "id": "100079842644112",
            "count": 0,
            "ttgn": "12:29:26 || chủ nhật",
            "joinTime": "12:29:26 || 2024-11-24"
        }
    ]
}