{
    "total": [
        {
            "id": "100068009795358",
            "count": 1
        },
        {
            "id": "100085073240621",
            "count": 0
        },
        {
            "id": "100018088576695",
            "count": 2
        },
        {
            "id": "100069864945865",
            "count": 63
        },
        {
            "id": "61576018533194",
            "count": 0
        },
        {
            "id": "61551123990395",
            "count": 0
        }
    ],
    "week": [
        {
            "id": "100068009795358",
            "count": 1
        },
        {
            "id": "100085073240621",
            "count": 0
        },
        {
            "id": "100018088576695",
            "count": 2
        },
        {
            "id": "100069864945865",
            "count": 63
        },
        {
            "id": "61576018533194",
            "count": 0
        },
        {
            "id": "61551123990395",
            "count": 0
        }
    ],
    "day": [
        {
            "id": "100068009795358",
            "count": 1
        },
        {
            "id": "100085073240621",
            "count": 0
        },
        {
            "id": "100018088576695",
            "count": 2
        },
        {
            "id": "100069864945865",
            "count": 63
        },
        {
            "id": "61576018533194",
            "count": 0
        },
        {
            "id": "61551123990395",
            "count": 0
        }
    ],
    "time": 2,
    "last": {
        "time": 5,
        "day": [
            {
                "id": "100068009795358",
                "count": 0
            },
            {
                "id": "100085073240621",
                "count": 0
            },
            {
                "id": "100018088576695",
                "count": 0
            },
            {
                "id": "100069864945865",
                "count": 0
            },
            {
                "id": "100059968770491",
                "count": 0
            },
            {
                "id": "100089800309359",
                "count": 0
            },
            {
                "id": "61574660584929",
                "count": 0
            },
            {
                "id": "61572480374576",
                "count": 0
            },
            {
                "id": "61572994926621",
                "count": 0
            },
            {
                "id": "61576018533194",
                "count": 0
            },
            {
                "id": "666896678",
                "count": 0
            },
            {
                "id": "100075738775585",
                "count": 0
            },
            {
                "id": "100013471908405",
                "count": 0
            },
            {
                "id": "61551123990395",
                "count": 0
            }
        ],
        "week": [
            {
                "id": "100068009795358",
                "count": 0
            },
            {
                "id": "100085073240621",
                "count": 0
            },
            {
                "id": "100018088576695",
                "count": 0
            },
            {
                "id": "100069864945865",
                "count": 0
            },
            {
                "id": "100059968770491",
                "count": 0
            },
            {
                "id": "100089800309359",
                "count": 0
            },
            {
                "id": "61574660584929",
                "count": 0
            },
            {
                "id": "61572480374576",
                "count": 0
            },
            {
                "id": "61572994926621",
                "count": 0
            },
            {
                "id": "61576018533194",
                "count": 0
            },
            {
                "id": "666896678",
                "count": 0
            },
            {
                "id": "100075738775585",
                "count": 0
            },
            {
                "id": "100013471908405",
                "count": 0
            },
            {
                "id": "61551123990395",
                "count": 0
            }
        ]
    },
    "lastInteraction": {
        "100069864945865": 1752910311238,
        "100018088576695": 1752978058242,
        "100068009795358": 1752978016853
    }
}