{
    "total": [
        {
            "id": "100041795028611",
            "count": 0
        },
        {
            "id": "61561744915052",
            "count": 0
        },
        {
            "id": "100056312237120",
            "count": 0
        },
        {
            "id": "100027558632897",
            "count": 0
        },
        {
            "id": "100083244550129",
            "count": 640
        },
        {
            "id": "61559260114955",
            "count": 93
        },
        {
            "id": "100042573709161",
            "count": 0
        },
        {
            "id": "61550038492122",
            "count": 0
        },
        {
            "id": "100095470904969",
            "count": 5
        },
        {
            "id": "61561363763960",
            "count": 0
        },
        {
            "id": "61553230185005",
            "count": 0
        },
        {
            "id": "61565746922378",
            "count": 0
        },
        {
            "id": "61562963203621",
            "count": 0
        },
        {
            "id": "100095047304971",
            "count": 0
        },
        {
            "id": "61568563019081",
            "count": 0
        },
        {
            "id": "100076088332738",
            "count": 0
        },
        {
            "id": "61577899285619",
            "count": 0
        },
        {
            "id": "61563395091464",
            "count": 4
        },
        {
            "id": "61577351385899",
            "count": 0
        },
        {
            "id": "100058375851987",
            "count": 0
        },
        {
            "id": "61577568776130",
            "count": 0
        },
        {
            "id": "61573230793344",
            "count": 132
        },
        {
            "id": "100034587882357",
            "count": 0
        },
        {
            "id": "61578047032027",
            "count": 0
        },
        {
            "id": "61577328750248",
            "count": 0
        },
        {
            "id": "61578155610972",
            "count": 269
        },
        {
            "id": "61576981754651",
            "count": 149
        },
        {
            "id": "61578581422706",
            "count": 0
        },
        {
            "id": "61553429361587",
            "count": 0
        },
        {
            "id": "61578381689889",
            "count": 0
        },
        {
            "id": "61578324633084",
            "count": 0
        },
        {
            "id": "100078875947532",
            "count": 0
        },
        {
            "id": "61578433079285",
            "count": 61
        },
        {
            "id": "61578121273741",
            "count": 0
        },
        {
            "id": "61578745190048",
            "count": 0
        },
        {
            "id": "61565179796468",
            "count": 0
        },
        {
            "id": "100069864945865",
            "count": 289
        },
        {
            "id": "61576018533194",
            "count": 0
        },
        {
            "id": "61578690172220",
            "count": 68
        },
        {
            "id": "61574189521084",
            "count": 144
        },
        {
            "id": "61578834051179",
            "count": 163
        },
        {
            "id": "61556143539950",
            "count": 11
        },
        {
            "id": "61572292724795",
            "count": 0
        }
    ],
    "week": [
        {
            "id": "100041795028611",
            "count": 0
        },
        {
            "id": "61561744915052",
            "count": 0
        },
        {
            "id": "100056312237120",
            "count": 0
        },
        {
            "id": "100027558632897",
            "count": 0
        },
        {
            "id": "100083244550129",
            "count": 640
        },
        {
            "id": "61559260114955",
            "count": 93
        },
        {
            "id": "100042573709161",
            "count": 0
        },
        {
            "id": "61550038492122",
            "count": 0
        },
        {
            "id": "100095470904969",
            "count": 5
        },
        {
            "id": "61561363763960",
            "count": 0
        },
        {
            "id": "61553230185005",
            "count": 0
        },
        {
            "id": "61565746922378",
            "count": 0
        },
        {
            "id": "61562963203621",
            "count": 0
        },
        {
            "id": "100095047304971",
            "count": 0
        },
        {
            "id": "61568563019081",
            "count": 0
        },
        {
            "id": "100076088332738",
            "count": 0
        },
        {
            "id": "61577899285619",
            "count": 0
        },
        {
            "id": "61563395091464",
            "count": 4
        },
        {
            "id": "61577351385899",
            "count": 0
        },
        {
            "id": "100058375851987",
            "count": 0
        },
        {
            "id": "61577568776130",
            "count": 0
        },
        {
            "id": "61573230793344",
            "count": 132
        },
        {
            "id": "100034587882357",
            "count": 0
        },
        {
            "id": "61578047032027",
            "count": 0
        },
        {
            "id": "61577328750248",
            "count": 0
        },
        {
            "id": "61578155610972",
            "count": 269
        },
        {
            "id": "61576981754651",
            "count": 149
        },
        {
            "id": "61578581422706",
            "count": 0
        },
        {
            "id": "61553429361587",
            "count": 0
        },
        {
            "id": "61578381689889",
            "count": 0
        },
        {
            "id": "61578324633084",
            "count": 0
        },
        {
            "id": "100078875947532",
            "count": 0
        },
        {
            "id": "61578433079285",
            "count": 61
        },
        {
            "id": "61578121273741",
            "count": 0
        },
        {
            "id": "61578745190048",
            "count": 0
        },
        {
            "id": "61565179796468",
            "count": 0
        },
        {
            "id": "100069864945865",
            "count": 289
        },
        {
            "id": "61576018533194",
            "count": 0
        },
        {
            "id": "61578690172220",
            "count": 68
        },
        {
            "id": "61574189521084",
            "count": 144
        },
        {
            "id": "61578834051179",
            "count": 163
        },
        {
            "id": "61556143539950",
            "count": 11
        },
        {
            "id": "61572292724795",
            "count": 0
        }
    ],
    "day": [
        {
            "id": "100041795028611",
            "count": 0
        },
        {
            "id": "61561744915052",
            "count": 0
        },
        {
            "id": "100056312237120",
            "count": 0
        },
        {
            "id": "100027558632897",
            "count": 0
        },
        {
            "id": "100083244550129",
            "count": 640
        },
        {
            "id": "61559260114955",
            "count": 93
        },
        {
            "id": "100042573709161",
            "count": 0
        },
        {
            "id": "61550038492122",
            "count": 0
        },
        {
            "id": "100095470904969",
            "count": 5
        },
        {
            "id": "61561363763960",
            "count": 0
        },
        {
            "id": "61553230185005",
            "count": 0
        },
        {
            "id": "61565746922378",
            "count": 0
        },
        {
            "id": "61562963203621",
            "count": 0
        },
        {
            "id": "100095047304971",
            "count": 0
        },
        {
            "id": "61568563019081",
            "count": 0
        },
        {
            "id": "100076088332738",
            "count": 0
        },
        {
            "id": "61577899285619",
            "count": 0
        },
        {
            "id": "61563395091464",
            "count": 4
        },
        {
            "id": "61577351385899",
            "count": 0
        },
        {
            "id": "100058375851987",
            "count": 0
        },
        {
            "id": "61577568776130",
            "count": 0
        },
        {
            "id": "61573230793344",
            "count": 132
        },
        {
            "id": "100034587882357",
            "count": 0
        },
        {
            "id": "61578047032027",
            "count": 0
        },
        {
            "id": "61577328750248",
            "count": 0
        },
        {
            "id": "61578155610972",
            "count": 269
        },
        {
            "id": "61576981754651",
            "count": 149
        },
        {
            "id": "61578581422706",
            "count": 0
        },
        {
            "id": "61553429361587",
            "count": 0
        },
        {
            "id": "61578381689889",
            "count": 0
        },
        {
            "id": "61578324633084",
            "count": 0
        },
        {
            "id": "100078875947532",
            "count": 0
        },
        {
            "id": "61578433079285",
            "count": 61
        },
        {
            "id": "61578121273741",
            "count": 0
        },
        {
            "id": "61578745190048",
            "count": 0
        },
        {
            "id": "61565179796468",
            "count": 0
        },
        {
            "id": "100069864945865",
            "count": 289
        },
        {
            "id": "61576018533194",
            "count": 0
        },
        {
            "id": "61578690172220",
            "count": 68
        },
        {
            "id": "61574189521084",
            "count": 144
        },
        {
            "id": "61578834051179",
            "count": 163
        },
        {
            "id": "61556143539950",
            "count": 11
        },
        {
            "id": "61572292724795",
            "count": 0
        }
    ],
    "time": 2,
    "last": {
        "time": 6,
        "day": [
            {
                "id": "100041795028611",
                "count": 0
            },
            {
                "id": "61561744915052",
                "count": 0
            },
            {
                "id": "100056312237120",
                "count": 0
            },
            {
                "id": "100027558632897",
                "count": 0
            },
            {
                "id": "100083244550129",
                "count": 0
            },
            {
                "id": "61559260114955",
                "count": 0
            },
            {
                "id": "100042573709161",
                "count": 0
            },
            {
                "id": "61550038492122",
                "count": 0
            },
            {
                "id": "100095470904969",
                "count": 0
            },
            {
                "id": "61561363763960",
                "count": 0
            },
            {
                "id": "61553230185005",
                "count": 0
            },
            {
                "id": "61565746922378",
                "count": 0
            },
            {
                "id": "61562963203621",
                "count": 0
            },
            {
                "id": "100095047304971",
                "count": 0
            },
            {
                "id": "61568563019081",
                "count": 0
            },
            {
                "id": "100076088332738",
                "count": 0
            },
            {
                "id": "61577899285619",
                "count": 0
            },
            {
                "id": "61563395091464",
                "count": 0
            },
            {
                "id": "61577351385899",
                "count": 0
            },
            {
                "id": "61572292724795",
                "count": 0
            },
            {
                "id": "100058375851987",
                "count": 0
            },
            {
                "id": "61577568776130",
                "count": 0
            },
            {
                "id": "61573230793344",
                "count": 0
            },
            {
                "id": "100034587882357",
                "count": 0
            },
            {
                "id": "61578047032027",
                "count": 0
            },
            {
                "id": "61577328750248",
                "count": 0
            },
            {
                "id": "61578155610972",
                "count": 0
            },
            {
                "id": "61576981754651",
                "count": 0
            },
            {
                "id": "61578581422706",
                "count": 0
            },
            {
                "id": "61553429361587",
                "count": 0
            },
            {
                "id": "61578381689889",
                "count": 0
            },
            {
                "id": "61578324633084",
                "count": 0
            },
            {
                "id": "100078875947532",
                "count": 0
            },
            {
                "id": "61574189521084",
                "count": 0
            },
            {
                "id": "61578433079285",
                "count": 0
            },
            {
                "id": "61578121273741",
                "count": 0
            },
            {
                "id": "61578745190048",
                "count": 0
            },
            {
                "id": "61556143539950",
                "count": 0
            },
            {
                "id": "61565179796468",
                "count": 0
            },
            {
                "id": "100069864945865",
                "count": 0
            },
            {
                "id": "61576018533194",
                "count": 0
            },
            {
                "id": "61578690172220",
                "count": 0
            },
            {
                "id": "100093318981717",
                "count": 0
            },
            {
                "id": "61578834051179",
                "count": 0
            }
        ],
        "week": [
            {
                "id": "100041795028611",
                "count": 0
            },
            {
                "id": "61561744915052",
                "count": 0
            },
            {
                "id": "100056312237120",
                "count": 0
            },
            {
                "id": "100027558632897",
                "count": 0
            },
            {
                "id": "100083244550129",
                "count": 0
            },
            {
                "id": "61559260114955",
                "count": 0
            },
            {
                "id": "100042573709161",
                "count": 0
            },
            {
                "id": "61550038492122",
                "count": 0
            },
            {
                "id": "100095470904969",
                "count": 0
            },
            {
                "id": "61561363763960",
                "count": 0
            },
            {
                "id": "61553230185005",
                "count": 0
            },
            {
                "id": "61565746922378",
                "count": 0
            },
            {
                "id": "61562963203621",
                "count": 0
            },
            {
                "id": "100095047304971",
                "count": 0
            },
            {
                "id": "61568563019081",
                "count": 0
            },
            {
                "id": "100076088332738",
                "count": 0
            },
            {
                "id": "61577899285619",
                "count": 0
            },
            {
                "id": "61563395091464",
                "count": 0
            },
            {
                "id": "61577351385899",
                "count": 0
            },
            {
                "id": "61572292724795",
                "count": 0
            },
            {
                "id": "100058375851987",
                "count": 0
            },
            {
                "id": "61577568776130",
                "count": 0
            },
            {
                "id": "61573230793344",
                "count": 0
            },
            {
                "id": "100034587882357",
                "count": 0
            },
            {
                "id": "61578047032027",
                "count": 0
            },
            {
                "id": "61577328750248",
                "count": 0
            },
            {
                "id": "61578155610972",
                "count": 0
            },
            {
                "id": "61576981754651",
                "count": 0
            },
            {
                "id": "61578581422706",
                "count": 0
            },
            {
                "id": "61553429361587",
                "count": 0
            },
            {
                "id": "61578381689889",
                "count": 0
            },
            {
                "id": "61578324633084",
                "count": 0
            },
            {
                "id": "100078875947532",
                "count": 0
            },
            {
                "id": "61574189521084",
                "count": 0
            },
            {
                "id": "61578433079285",
                "count": 0
            },
            {
                "id": "61578121273741",
                "count": 0
            },
            {
                "id": "61578745190048",
                "count": 0
            },
            {
                "id": "61556143539950",
                "count": 0
            },
            {
                "id": "61565179796468",
                "count": 0
            },
            {
                "id": "100069864945865",
                "count": 0
            },
            {
                "id": "61576018533194",
                "count": 0
            },
            {
                "id": "61578690172220",
                "count": 0
            },
            {
                "id": "100093318981717",
                "count": 0
            },
            {
                "id": "61578834051179",
                "count": 0
            }
        ]
    },
    "lastInteraction": {
        "100069864945865": 1753121734768,
        "61559260114955": 1753120946853,
        "61573230793344": 1753121871630,
        "61556143539950": 1753112569154,
        "61563395091464": 1752968997356,
        "61576981754651": 1752997382611,
        "61578433079285": 1752997378479,
        "100083244550129": 1753121875700,
        "100093318981717": 1752912796794,
        "61578690172220": 1753099958900,
        "61578155610972": 1753078374942,
        "61574189521084": 1752994653631,
        "100095470904969": 1753092062388,
        "61578834051179": 1753121875154,
        "61572292724795": 1753109986650
    }
}